ISO-10303-21;
HEADER;
/* Generated by software containing ST-Developer
 * from STEP Tools, Inc. (www.steptools.com) 
 */
/* OPTION: using custom renumber hook */

FILE_DESCRIPTION(
/* description */ ('STEP AP242 Edition 2',
'CAx-IF Rec.Pracs.---Representation and Presentation of Product Manufa
cturing Information (PMI)---4.0---2014-10-13',
'CAx-IF Rec.Pracs.---3D Tessellated Geometry---0.4---2014-09-14','2;1',
'CAx-IF Rec.Pracs.---User Defined Attributes---1.5---2016-08-15'),
/* implementation_level */ '2;1');

FILE_NAME(
/* name */ 'spline_adaptor - adaptor',
/* time_stamp */ '2026-07-23T20:01:55Z',
/* author */ (''),
/* organization */ (''),
/* preprocessor_version */ 'ST-DEVELOPER v20',
/* originating_system */ 'ONSHAPE BY PTC INC, 1.218',
/* authorisation */ '  ');

FILE_SCHEMA (('AP242_MANAGED_MODEL_BASED_3D_ENGINEERING_MIM_LF { 1 0 10303 442 3 1 4 }'));
ENDSEC;

DATA;
#10=SHAPE_REPRESENTATION_RELATIONSHIP('','',#2170,#11);
#11=ADVANCED_BREP_SHAPE_REPRESENTATION('',(#2168),#4632);
#12=TOROIDAL_SURFACE('',#2333,0.01275,0.005);
#13=DEGENERATE_TOROIDAL_SURFACE('',#2332,0.00415,0.005,.T.);
#14=CONICAL_SURFACE('',#2329,0.00915,0.273008703086711);
#15=CONICAL_SURFACE('',#2334,0.00915,0.296037614474903);
#16=CONICAL_SURFACE('',#2335,0.00915,0.296037614474903);
#17=CONICAL_SURFACE('',#2336,0.00915,0.296037614474903);
#18=CONICAL_SURFACE('',#2337,0.00915,0.296037614474903);
#19=CONICAL_SURFACE('',#2338,0.00915,0.296037614474903);
#20=CONICAL_SURFACE('',#2339,0.00915,0.296037614474903);
#21=CONICAL_SURFACE('',#2340,0.00915,0.296037614474903);
#22=CONICAL_SURFACE('',#2341,0.00915,0.296037614474903);
#23=CONICAL_SURFACE('',#2342,0.00915,0.296037614474903);
#24=CONICAL_SURFACE('',#2343,0.00915,0.296037614474903);
#25=CONICAL_SURFACE('',#2344,0.00915,0.296037614474903);
#26=CONICAL_SURFACE('',#2345,0.00915,0.296037614474903);
#27=CONICAL_SURFACE('',#2346,0.00915,0.296037614474903);
#28=CONICAL_SURFACE('',#2347,0.007625,0.78539816339745);
#29=CONICAL_SURFACE('',#2350,0.00775,0.252806291901757);
#30=CONICAL_SURFACE('',#2351,0.00775,0.252806291901757);
#31=CONICAL_SURFACE('',#2352,0.00775,0.252806291901757);
#32=CONICAL_SURFACE('',#2353,0.00775,0.252806291901757);
#33=CONICAL_SURFACE('',#2354,0.00775,0.252806291901757);
#34=CONICAL_SURFACE('',#2355,0.00775,0.252806291901757);
#35=CONICAL_SURFACE('',#2356,0.00775,0.252806291901757);
#36=CONICAL_SURFACE('',#2357,0.00775,0.252806291901757);
#37=CONICAL_SURFACE('',#2358,0.00775,0.252806291901757);
#38=CONICAL_SURFACE('',#2359,0.00775,0.868049679360297);
#39=PLANE('',#2238);
#40=PLANE('',#2244);
#41=PLANE('',#2245);
#42=PLANE('',#2251);
#43=PLANE('',#2252);
#44=PLANE('',#2258);
#45=PLANE('',#2263);
#46=PLANE('',#2264);
#47=PLANE('',#2266);
#48=PLANE('',#2272);
#49=PLANE('',#2273);
#50=PLANE('',#2279);
#51=PLANE('',#2280);
#52=PLANE('',#2286);
#53=PLANE('',#2287);
#54=PLANE('',#2293);
#55=PLANE('',#2294);
#56=PLANE('',#2300);
#57=PLANE('',#2301);
#58=PLANE('',#2307);
#59=PLANE('',#2308);
#60=PLANE('',#2314);
#61=PLANE('',#2315);
#62=PLANE('',#2321);
#63=PLANE('',#2322);
#64=PLANE('',#2328);
#65=PLANE('',#2349);
#66=PLANE('',#2361);
#67=CIRCLE('',#2173,0.00595000000000008);
#68=CIRCLE('',#2174,0.00595000000000008);
#69=CIRCLE('',#2176,0.00595000000000008);
#70=CIRCLE('',#2177,0.00595000000000008);
#71=CIRCLE('',#2179,0.00595000000000008);
#72=CIRCLE('',#2180,0.00595000000000008);
#73=CIRCLE('',#2182,0.00595000000000008);
#74=CIRCLE('',#2183,0.00595000000000008);
#75=CIRCLE('',#2185,0.00595000000000008);
#76=CIRCLE('',#2186,0.00595000000000008);
#77=CIRCLE('',#2188,0.00595000000000008);
#78=CIRCLE('',#2189,0.00595000000000008);
#79=CIRCLE('',#2191,0.00595000000000008);
#80=CIRCLE('',#2192,0.00595000000000008);
#81=CIRCLE('',#2194,0.00595000000000008);
#82=CIRCLE('',#2195,0.00595000000000008);
#83=CIRCLE('',#2197,0.00595000000000008);
#84=CIRCLE('',#2198,0.00595000000000008);
#85=CIRCLE('',#2200,0.00775);
#86=CIRCLE('',#2201,0.00775);
#87=CIRCLE('',#2202,0.00775);
#88=CIRCLE('',#2203,0.00775);
#89=CIRCLE('',#2204,0.00775);
#90=CIRCLE('',#2205,0.00775);
#91=CIRCLE('',#2206,0.00775);
#92=CIRCLE('',#2207,0.00775);
#93=CIRCLE('',#2208,0.00775);
#94=CIRCLE('',#2209,0.00775);
#95=CIRCLE('',#2211,0.00915);
#96=CIRCLE('',#2212,0.00915);
#97=CIRCLE('',#2213,0.00915);
#98=CIRCLE('',#2214,0.00915);
#99=CIRCLE('',#2215,0.00915);
#100=CIRCLE('',#2216,0.00915);
#101=CIRCLE('',#2217,0.00915);
#102=CIRCLE('',#2218,0.00915);
#103=CIRCLE('',#2219,0.00915);
#104=CIRCLE('',#2220,0.00915);
#105=CIRCLE('',#2221,0.00915);
#106=CIRCLE('',#2222,0.00915);
#107=CIRCLE('',#2223,0.00915);
#108=CIRCLE('',#2224,0.00915);
#109=CIRCLE('',#2225,0.00915);
#110=CIRCLE('',#2226,0.00915);
#111=CIRCLE('',#2227,0.00915);
#112=CIRCLE('',#2228,0.00915);
#113=CIRCLE('',#2229,0.00915);
#114=CIRCLE('',#2230,0.00915);
#115=CIRCLE('',#2231,0.00915);
#116=CIRCLE('',#2232,0.00915);
#117=CIRCLE('',#2233,0.00915);
#118=CIRCLE('',#2234,0.00915);
#119=CIRCLE('',#2235,0.00915);
#120=CIRCLE('',#2236,0.00915);
#121=CIRCLE('',#2237,0.00915);
#122=CIRCLE('',#2241,0.0079);
#123=CIRCLE('',#2242,0.0079);
#124=CIRCLE('',#2248,0.00790000000000013);
#125=CIRCLE('',#2249,0.00790000000000013);
#126=CIRCLE('',#2255,0.0079);
#127=CIRCLE('',#2256,0.0079);
#128=CIRCLE('',#2260,0.00790000000000009);
#129=CIRCLE('',#2261,0.00790000000000009);
#130=CIRCLE('',#2269,0.0079);
#131=CIRCLE('',#2270,0.0079);
#132=CIRCLE('',#2276,0.0079);
#133=CIRCLE('',#2277,0.0079);
#134=CIRCLE('',#2283,0.0079);
#135=CIRCLE('',#2284,0.0079);
#136=CIRCLE('',#2290,0.00789999999999938);
#137=CIRCLE('',#2291,0.00789999999999938);
#138=CIRCLE('',#2297,0.00790000000000029);
#139=CIRCLE('',#2298,0.00790000000000029);
#140=CIRCLE('',#2304,0.00789999999999983);
#141=CIRCLE('',#2305,0.00789999999999983);
#142=CIRCLE('',#2311,0.0079);
#143=CIRCLE('',#2312,0.0079);
#144=CIRCLE('',#2318,0.0078999999999998);
#145=CIRCLE('',#2319,0.0078999999999998);
#146=CIRCLE('',#2325,0.00790000000000044);
#147=CIRCLE('',#2326,0.00790000000000044);
#148=CIRCLE('',#2330,0.00793517990142909);
#149=CIRCLE('',#2331,0.00896482009857091);
#150=CIRCLE('',#2348,0.007625);
#151=CIRCLE('',#2360,0.00571666666666666);
#152=CYLINDRICAL_SURFACE('',#2172,0.00595000000000008);
#153=CYLINDRICAL_SURFACE('',#2175,0.00595000000000008);
#154=CYLINDRICAL_SURFACE('',#2178,0.00595000000000008);
#155=CYLINDRICAL_SURFACE('',#2181,0.00595000000000008);
#156=CYLINDRICAL_SURFACE('',#2184,0.00595000000000008);
#157=CYLINDRICAL_SURFACE('',#2187,0.00595000000000008);
#158=CYLINDRICAL_SURFACE('',#2190,0.00595000000000008);
#159=CYLINDRICAL_SURFACE('',#2193,0.00595000000000008);
#160=CYLINDRICAL_SURFACE('',#2196,0.00595000000000008);
#161=CYLINDRICAL_SURFACE('',#2199,0.00775);
#162=CYLINDRICAL_SURFACE('',#2210,0.00915);
#163=CYLINDRICAL_SURFACE('',#2239,0.0002);
#164=CYLINDRICAL_SURFACE('',#2240,0.0079);
#165=CYLINDRICAL_SURFACE('',#2243,0.0002);
#166=CYLINDRICAL_SURFACE('',#2246,0.0002);
#167=CYLINDRICAL_SURFACE('',#2247,0.00790000000000013);
#168=CYLINDRICAL_SURFACE('',#2250,0.0002);
#169=CYLINDRICAL_SURFACE('',#2253,0.0002);
#170=CYLINDRICAL_SURFACE('',#2254,0.0079);
#171=CYLINDRICAL_SURFACE('',#2257,0.0002);
#172=CYLINDRICAL_SURFACE('',#2259,0.00790000000000009);
#173=CYLINDRICAL_SURFACE('',#2262,0.0002);
#174=CYLINDRICAL_SURFACE('',#2265,0.0002);
#175=CYLINDRICAL_SURFACE('',#2267,0.0002);
#176=CYLINDRICAL_SURFACE('',#2268,0.0079);
#177=CYLINDRICAL_SURFACE('',#2271,0.000200000000000004);
#178=CYLINDRICAL_SURFACE('',#2274,0.000200000000000005);
#179=CYLINDRICAL_SURFACE('',#2275,0.0079);
#180=CYLINDRICAL_SURFACE('',#2278,0.0002);
#181=CYLINDRICAL_SURFACE('',#2281,0.0002);
#182=CYLINDRICAL_SURFACE('',#2282,0.0079);
#183=CYLINDRICAL_SURFACE('',#2285,0.0002);
#184=CYLINDRICAL_SURFACE('',#2288,0.0002);
#185=CYLINDRICAL_SURFACE('',#2289,0.00789999999999938);
#186=CYLINDRICAL_SURFACE('',#2292,0.0002);
#187=CYLINDRICAL_SURFACE('',#2295,0.000200000000000005);
#188=CYLINDRICAL_SURFACE('',#2296,0.00790000000000029);
#189=CYLINDRICAL_SURFACE('',#2299,0.000200000000000003);
#190=CYLINDRICAL_SURFACE('',#2302,0.0002);
#191=CYLINDRICAL_SURFACE('',#2303,0.00789999999999983);
#192=CYLINDRICAL_SURFACE('',#2306,0.0002);
#193=CYLINDRICAL_SURFACE('',#2309,0.0002);
#194=CYLINDRICAL_SURFACE('',#2310,0.0079);
#195=CYLINDRICAL_SURFACE('',#2313,0.0002);
#196=CYLINDRICAL_SURFACE('',#2316,0.0002);
#197=CYLINDRICAL_SURFACE('',#2317,0.0078999999999998);
#198=CYLINDRICAL_SURFACE('',#2320,0.0002);
#199=CYLINDRICAL_SURFACE('',#2323,0.000200000000000003);
#200=CYLINDRICAL_SURFACE('',#2324,0.00790000000000044);
#201=CYLINDRICAL_SURFACE('',#2327,0.000200000000000006);
#202=LINE('',#2883,#307);
#203=LINE('',#2901,#308);
#204=LINE('',#2935,#309);
#205=LINE('',#2953,#310);
#206=LINE('',#3005,#311);
#207=LINE('',#3039,#312);
#208=LINE('',#3057,#313);
#209=LINE('',#3109,#314);
#210=LINE('',#3143,#315);
#211=LINE('',#3161,#316);
#212=LINE('',#3195,#317);
#213=LINE('',#3213,#318);
#214=LINE('',#3265,#319);
#215=LINE('',#3299,#320);
#216=LINE('',#3317,#321);
#217=LINE('',#3351,#322);
#218=LINE('',#3369,#323);
#219=LINE('',#3405,#324);
#220=LINE('',#3457,#325);
#221=LINE('',#3525,#326);
#222=LINE('',#3559,#327);
#223=LINE('',#3577,#328);
#224=LINE('',#3611,#329);
#225=LINE('',#3629,#330);
#226=LINE('',#3665,#331);
#227=LINE('',#3733,#332);
#228=LINE('',#3766,#333);
#229=LINE('',#3804,#334);
#230=LINE('',#3808,#335);
#231=LINE('',#3812,#336);
#232=LINE('',#3816,#337);
#233=LINE('',#3820,#338);
#234=LINE('',#3824,#339);
#235=LINE('',#3828,#340);
#236=LINE('',#3832,#341);
#237=LINE('',#3836,#342);
#238=LINE('',#3840,#343);
#239=LINE('',#3844,#344);
#240=LINE('',#3848,#345);
#241=LINE('',#3852,#346);
#242=LINE('',#3856,#347);
#243=LINE('',#3860,#348);
#244=LINE('',#3864,#349);
#245=LINE('',#3868,#350);
#246=LINE('',#3872,#351);
#247=LINE('',#3876,#352);
#248=LINE('',#3880,#353);
#249=LINE('',#3884,#354);
#250=LINE('',#3888,#355);
#251=LINE('',#3892,#356);
#252=LINE('',#3896,#357);
#253=LINE('',#3900,#358);
#254=LINE('',#3904,#359);
#255=LINE('',#3911,#360);
#256=LINE('',#3923,#361);
#257=LINE('',#3933,#362);
#258=LINE('',#3942,#363);
#259=LINE('',#3964,#364);
#260=LINE('',#3976,#365);
#261=LINE('',#3986,#366);
#262=LINE('',#3995,#367);
#263=LINE('',#4017,#368);
#264=LINE('',#4029,#369);
#265=LINE('',#4039,#370);
#266=LINE('',#4048,#371);
#267=LINE('',#4068,#372);
#268=LINE('',#4072,#373);
#269=LINE('',#4079,#374);
#270=LINE('',#4101,#375);
#271=LINE('',#4123,#376);
#272=LINE('',#4135,#377);
#273=LINE('',#4145,#378);
#274=LINE('',#4154,#379);
#275=LINE('',#4176,#380);
#276=LINE('',#4188,#381);
#277=LINE('',#4198,#382);
#278=LINE('',#4207,#383);
#279=LINE('',#4229,#384);
#280=LINE('',#4241,#385);
#281=LINE('',#4251,#386);
#282=LINE('',#4260,#387);
#283=LINE('',#4282,#388);
#284=LINE('',#4294,#389);
#285=LINE('',#4304,#390);
#286=LINE('',#4313,#391);
#287=LINE('',#4335,#392);
#288=LINE('',#4347,#393);
#289=LINE('',#4357,#394);
#290=LINE('',#4366,#395);
#291=LINE('',#4388,#396);
#292=LINE('',#4400,#397);
#293=LINE('',#4410,#398);
#294=LINE('',#4419,#399);
#295=LINE('',#4441,#400);
#296=LINE('',#4453,#401);
#297=LINE('',#4463,#402);
#298=LINE('',#4472,#403);
#299=LINE('',#4494,#404);
#300=LINE('',#4506,#405);
#301=LINE('',#4516,#406);
#302=LINE('',#4525,#407);
#303=LINE('',#4547,#408);
#304=LINE('',#4559,#409);
#305=LINE('',#4569,#410);
#306=LINE('',#4578,#411);
#307=VECTOR('',#2364,1.);
#308=VECTOR('',#2365,1.);
#309=VECTOR('',#2366,1.);
#310=VECTOR('',#2367,1.);
#311=VECTOR('',#2374,1.);
#312=VECTOR('',#2375,1.);
#313=VECTOR('',#2376,1.);
#314=VECTOR('',#2383,1.);
#315=VECTOR('',#2384,1.);
#316=VECTOR('',#2385,1.);
#317=VECTOR('',#2386,1.);
#318=VECTOR('',#2387,1.);
#319=VECTOR('',#2394,1.);
#320=VECTOR('',#2395,1.);
#321=VECTOR('',#2396,1.);
#322=VECTOR('',#2397,1.);
#323=VECTOR('',#2398,1.);
#324=VECTOR('',#2405,1.);
#325=VECTOR('',#2412,1.);
#326=VECTOR('',#2419,1.);
#327=VECTOR('',#2420,1.);
#328=VECTOR('',#2421,1.);
#329=VECTOR('',#2422,1.);
#330=VECTOR('',#2423,1.);
#331=VECTOR('',#2430,1.);
#332=VECTOR('',#2437,1.);
#333=VECTOR('',#2438,1.);
#334=VECTOR('',#2473,1.);
#335=VECTOR('',#2476,1.);
#336=VECTOR('',#2479,1.);
#337=VECTOR('',#2482,1.);
#338=VECTOR('',#2485,1.);
#339=VECTOR('',#2488,1.);
#340=VECTOR('',#2491,1.);
#341=VECTOR('',#2494,1.);
#342=VECTOR('',#2497,1.);
#343=VECTOR('',#2500,1.);
#344=VECTOR('',#2503,1.);
#345=VECTOR('',#2506,1.);
#346=VECTOR('',#2509,1.);
#347=VECTOR('',#2512,1.);
#348=VECTOR('',#2515,1.);
#349=VECTOR('',#2518,1.);
#350=VECTOR('',#2521,1.);
#351=VECTOR('',#2524,1.);
#352=VECTOR('',#2527,1.);
#353=VECTOR('',#2530,1.);
#354=VECTOR('',#2533,1.);
#355=VECTOR('',#2536,1.);
#356=VECTOR('',#2539,1.);
#357=VECTOR('',#2542,1.);
#358=VECTOR('',#2545,1.);
#359=VECTOR('',#2548,1.);
#360=VECTOR('',#2551,1.);
#361=VECTOR('',#2554,1.);
#362=VECTOR('',#2559,1.);
#363=VECTOR('',#2564,1.);
#364=VECTOR('',#2569,1.);
#365=VECTOR('',#2572,1.);
#366=VECTOR('',#2577,1.);
#367=VECTOR('',#2582,1.);
#368=VECTOR('',#2587,1.);
#369=VECTOR('',#2590,1.);
#370=VECTOR('',#2595,1.);
#371=VECTOR('',#2600,1.);
#372=VECTOR('',#2607,1.);
#373=VECTOR('',#2610,1.);
#374=VECTOR('',#2613,1.);
#375=VECTOR('',#2618,1.);
#376=VECTOR('',#2623,1.);
#377=VECTOR('',#2626,1.);
#378=VECTOR('',#2631,1.);
#379=VECTOR('',#2636,1.);
#380=VECTOR('',#2641,1.);
#381=VECTOR('',#2644,1.);
#382=VECTOR('',#2649,1.);
#383=VECTOR('',#2654,1.);
#384=VECTOR('',#2659,1.);
#385=VECTOR('',#2662,1.);
#386=VECTOR('',#2667,1.);
#387=VECTOR('',#2672,1.);
#388=VECTOR('',#2677,1.);
#389=VECTOR('',#2680,1.);
#390=VECTOR('',#2685,1.);
#391=VECTOR('',#2690,1.);
#392=VECTOR('',#2695,1.);
#393=VECTOR('',#2698,1.);
#394=VECTOR('',#2703,1.);
#395=VECTOR('',#2708,1.);
#396=VECTOR('',#2713,1.);
#397=VECTOR('',#2716,1.);
#398=VECTOR('',#2721,1.);
#399=VECTOR('',#2726,1.);
#400=VECTOR('',#2731,1.);
#401=VECTOR('',#2734,1.);
#402=VECTOR('',#2739,1.);
#403=VECTOR('',#2744,1.);
#404=VECTOR('',#2749,1.);
#405=VECTOR('',#2752,1.);
#406=VECTOR('',#2757,1.);
#407=VECTOR('',#2762,1.);
#408=VECTOR('',#2767,1.);
#409=VECTOR('',#2770,1.);
#410=VECTOR('',#2775,1.);
#411=VECTOR('',#2780,1.);
#412=ORIENTED_EDGE('',*,*,#1072,.F.);
#413=ORIENTED_EDGE('',*,*,#1073,.F.);
#414=ORIENTED_EDGE('',*,*,#1074,.F.);
#415=ORIENTED_EDGE('',*,*,#1075,.T.);
#416=ORIENTED_EDGE('',*,*,#1076,.F.);
#417=ORIENTED_EDGE('',*,*,#1077,.F.);
#418=ORIENTED_EDGE('',*,*,#1078,.F.);
#419=ORIENTED_EDGE('',*,*,#1079,.T.);
#420=ORIENTED_EDGE('',*,*,#1080,.F.);
#421=ORIENTED_EDGE('',*,*,#1075,.F.);
#422=ORIENTED_EDGE('',*,*,#1081,.F.);
#423=ORIENTED_EDGE('',*,*,#1077,.T.);
#424=ORIENTED_EDGE('',*,*,#1082,.F.);
#425=ORIENTED_EDGE('',*,*,#1079,.F.);
#426=ORIENTED_EDGE('',*,*,#1083,.F.);
#427=ORIENTED_EDGE('',*,*,#1084,.T.);
#428=ORIENTED_EDGE('',*,*,#1085,.F.);
#429=ORIENTED_EDGE('',*,*,#1086,.F.);
#430=ORIENTED_EDGE('',*,*,#1087,.F.);
#431=ORIENTED_EDGE('',*,*,#1088,.T.);
#432=ORIENTED_EDGE('',*,*,#1089,.F.);
#433=ORIENTED_EDGE('',*,*,#1084,.F.);
#434=ORIENTED_EDGE('',*,*,#1090,.F.);
#435=ORIENTED_EDGE('',*,*,#1086,.T.);
#436=ORIENTED_EDGE('',*,*,#1091,.F.);
#437=ORIENTED_EDGE('',*,*,#1088,.F.);
#438=ORIENTED_EDGE('',*,*,#1092,.F.);
#439=ORIENTED_EDGE('',*,*,#1093,.T.);
#440=ORIENTED_EDGE('',*,*,#1094,.F.);
#441=ORIENTED_EDGE('',*,*,#1095,.F.);
#442=ORIENTED_EDGE('',*,*,#1096,.F.);
#443=ORIENTED_EDGE('',*,*,#1097,.T.);
#444=ORIENTED_EDGE('',*,*,#1098,.F.);
#445=ORIENTED_EDGE('',*,*,#1099,.F.);
#446=ORIENTED_EDGE('',*,*,#1100,.F.);
#447=ORIENTED_EDGE('',*,*,#1101,.T.);
#448=ORIENTED_EDGE('',*,*,#1102,.F.);
#449=ORIENTED_EDGE('',*,*,#1097,.F.);
#450=ORIENTED_EDGE('',*,*,#1103,.F.);
#451=ORIENTED_EDGE('',*,*,#1099,.T.);
#452=ORIENTED_EDGE('',*,*,#1104,.F.);
#453=ORIENTED_EDGE('',*,*,#1101,.F.);
#454=ORIENTED_EDGE('',*,*,#1105,.F.);
#455=ORIENTED_EDGE('',*,*,#1106,.T.);
#456=ORIENTED_EDGE('',*,*,#1107,.F.);
#457=ORIENTED_EDGE('',*,*,#1108,.F.);
#458=ORIENTED_EDGE('',*,*,#1109,.F.);
#459=ORIENTED_EDGE('',*,*,#1110,.T.);
#460=ORIENTED_EDGE('',*,*,#1111,.F.);
#461=ORIENTED_EDGE('',*,*,#1112,.F.);
#462=ORIENTED_EDGE('',*,*,#1113,.F.);
#463=ORIENTED_EDGE('',*,*,#1114,.T.);
#464=ORIENTED_EDGE('',*,*,#1115,.F.);
#465=ORIENTED_EDGE('',*,*,#1110,.F.);
#466=ORIENTED_EDGE('',*,*,#1116,.F.);
#467=ORIENTED_EDGE('',*,*,#1112,.T.);
#468=ORIENTED_EDGE('',*,*,#1117,.F.);
#469=ORIENTED_EDGE('',*,*,#1118,.F.);
#470=ORIENTED_EDGE('',*,*,#1119,.F.);
#471=ORIENTED_EDGE('',*,*,#1108,.T.);
#472=ORIENTED_EDGE('',*,*,#1120,.F.);
#473=ORIENTED_EDGE('',*,*,#1106,.F.);
#474=ORIENTED_EDGE('',*,*,#1121,.F.);
#475=ORIENTED_EDGE('',*,*,#1118,.T.);
#476=ORIENTED_EDGE('',*,*,#1122,.F.);
#477=ORIENTED_EDGE('',*,*,#1123,.F.);
#478=ORIENTED_EDGE('',*,*,#1124,.F.);
#479=ORIENTED_EDGE('',*,*,#1095,.T.);
#480=ORIENTED_EDGE('',*,*,#1125,.F.);
#481=ORIENTED_EDGE('',*,*,#1093,.F.);
#482=ORIENTED_EDGE('',*,*,#1126,.F.);
#483=ORIENTED_EDGE('',*,*,#1123,.T.);
#484=ORIENTED_EDGE('',*,*,#1127,.F.);
#485=ORIENTED_EDGE('',*,*,#1114,.F.);
#486=ORIENTED_EDGE('',*,*,#1128,.F.);
#487=ORIENTED_EDGE('',*,*,#1129,.T.);
#488=ORIENTED_EDGE('',*,*,#1130,.F.);
#489=ORIENTED_EDGE('',*,*,#1131,.F.);
#490=ORIENTED_EDGE('',*,*,#1132,.F.);
#491=ORIENTED_EDGE('',*,*,#1133,.T.);
#492=ORIENTED_EDGE('',*,*,#1134,.F.);
#493=ORIENTED_EDGE('',*,*,#1135,.F.);
#494=ORIENTED_EDGE('',*,*,#1136,.F.);
#495=ORIENTED_EDGE('',*,*,#1137,.T.);
#496=ORIENTED_EDGE('',*,*,#1138,.F.);
#497=ORIENTED_EDGE('',*,*,#1133,.F.);
#498=ORIENTED_EDGE('',*,*,#1139,.F.);
#499=ORIENTED_EDGE('',*,*,#1135,.T.);
#500=ORIENTED_EDGE('',*,*,#1140,.F.);
#501=ORIENTED_EDGE('',*,*,#1141,.F.);
#502=ORIENTED_EDGE('',*,*,#1142,.F.);
#503=ORIENTED_EDGE('',*,*,#1131,.T.);
#504=ORIENTED_EDGE('',*,*,#1143,.F.);
#505=ORIENTED_EDGE('',*,*,#1129,.F.);
#506=ORIENTED_EDGE('',*,*,#1144,.F.);
#507=ORIENTED_EDGE('',*,*,#1141,.T.);
#508=ORIENTED_EDGE('',*,*,#1145,.F.);
#509=ORIENTED_EDGE('',*,*,#1137,.F.);
#510=ORIENTED_EDGE('',*,*,#1146,.F.);
#511=ORIENTED_EDGE('',*,*,#1147,.T.);
#512=ORIENTED_EDGE('',*,*,#1148,.F.);
#513=ORIENTED_EDGE('',*,*,#1149,.F.);
#514=ORIENTED_EDGE('',*,*,#1150,.F.);
#515=ORIENTED_EDGE('',*,*,#1073,.T.);
#516=ORIENTED_EDGE('',*,*,#1151,.F.);
#517=ORIENTED_EDGE('',*,*,#1147,.F.);
#518=ORIENTED_EDGE('',*,*,#1152,.F.);
#519=ORIENTED_EDGE('',*,*,#1149,.T.);
#520=ORIENTED_EDGE('',*,*,#1153,.T.);
#521=ORIENTED_EDGE('',*,*,#1154,.F.);
#522=ORIENTED_EDGE('',*,*,#1155,.F.);
#523=ORIENTED_EDGE('',*,*,#1156,.F.);
#524=ORIENTED_EDGE('',*,*,#1157,.F.);
#525=ORIENTED_EDGE('',*,*,#1158,.F.);
#526=ORIENTED_EDGE('',*,*,#1159,.F.);
#527=ORIENTED_EDGE('',*,*,#1160,.F.);
#528=ORIENTED_EDGE('',*,*,#1161,.F.);
#529=ORIENTED_EDGE('',*,*,#1162,.F.);
#530=ORIENTED_EDGE('',*,*,#1163,.T.);
#531=ORIENTED_EDGE('',*,*,#1164,.F.);
#532=ORIENTED_EDGE('',*,*,#1165,.F.);
#533=ORIENTED_EDGE('',*,*,#1166,.T.);
#534=ORIENTED_EDGE('',*,*,#1167,.T.);
#535=ORIENTED_EDGE('',*,*,#1168,.F.);
#536=ORIENTED_EDGE('',*,*,#1169,.F.);
#537=ORIENTED_EDGE('',*,*,#1170,.T.);
#538=ORIENTED_EDGE('',*,*,#1171,.T.);
#539=ORIENTED_EDGE('',*,*,#1172,.F.);
#540=ORIENTED_EDGE('',*,*,#1173,.F.);
#541=ORIENTED_EDGE('',*,*,#1174,.T.);
#542=ORIENTED_EDGE('',*,*,#1175,.T.);
#543=ORIENTED_EDGE('',*,*,#1176,.F.);
#544=ORIENTED_EDGE('',*,*,#1177,.F.);
#545=ORIENTED_EDGE('',*,*,#1178,.T.);
#546=ORIENTED_EDGE('',*,*,#1179,.T.);
#547=ORIENTED_EDGE('',*,*,#1180,.F.);
#548=ORIENTED_EDGE('',*,*,#1181,.F.);
#549=ORIENTED_EDGE('',*,*,#1182,.T.);
#550=ORIENTED_EDGE('',*,*,#1183,.T.);
#551=ORIENTED_EDGE('',*,*,#1184,.F.);
#552=ORIENTED_EDGE('',*,*,#1185,.F.);
#553=ORIENTED_EDGE('',*,*,#1186,.T.);
#554=ORIENTED_EDGE('',*,*,#1187,.T.);
#555=ORIENTED_EDGE('',*,*,#1188,.F.);
#556=ORIENTED_EDGE('',*,*,#1189,.F.);
#557=ORIENTED_EDGE('',*,*,#1190,.T.);
#558=ORIENTED_EDGE('',*,*,#1191,.T.);
#559=ORIENTED_EDGE('',*,*,#1192,.F.);
#560=ORIENTED_EDGE('',*,*,#1193,.F.);
#561=ORIENTED_EDGE('',*,*,#1194,.T.);
#562=ORIENTED_EDGE('',*,*,#1195,.T.);
#563=ORIENTED_EDGE('',*,*,#1196,.F.);
#564=ORIENTED_EDGE('',*,*,#1197,.F.);
#565=ORIENTED_EDGE('',*,*,#1198,.T.);
#566=ORIENTED_EDGE('',*,*,#1199,.T.);
#567=ORIENTED_EDGE('',*,*,#1200,.F.);
#568=ORIENTED_EDGE('',*,*,#1201,.F.);
#569=ORIENTED_EDGE('',*,*,#1202,.T.);
#570=ORIENTED_EDGE('',*,*,#1203,.T.);
#571=ORIENTED_EDGE('',*,*,#1204,.F.);
#572=ORIENTED_EDGE('',*,*,#1205,.F.);
#573=ORIENTED_EDGE('',*,*,#1206,.T.);
#574=ORIENTED_EDGE('',*,*,#1207,.T.);
#575=ORIENTED_EDGE('',*,*,#1208,.F.);
#576=ORIENTED_EDGE('',*,*,#1209,.F.);
#577=ORIENTED_EDGE('',*,*,#1210,.T.);
#578=ORIENTED_EDGE('',*,*,#1211,.T.);
#579=ORIENTED_EDGE('',*,*,#1212,.F.);
#580=ORIENTED_EDGE('',*,*,#1213,.F.);
#581=ORIENTED_EDGE('',*,*,#1214,.T.);
#582=ORIENTED_EDGE('',*,*,#1215,.T.);
#583=ORIENTED_EDGE('',*,*,#1216,.F.);
#584=ORIENTED_EDGE('',*,*,#1217,.F.);
#585=ORIENTED_EDGE('',*,*,#1218,.T.);
#586=ORIENTED_EDGE('',*,*,#1197,.T.);
#587=ORIENTED_EDGE('',*,*,#1219,.F.);
#588=ORIENTED_EDGE('',*,*,#1220,.F.);
#589=ORIENTED_EDGE('',*,*,#1221,.T.);
#590=ORIENTED_EDGE('',*,*,#1217,.T.);
#591=ORIENTED_EDGE('',*,*,#1222,.F.);
#592=ORIENTED_EDGE('',*,*,#1223,.F.);
#593=ORIENTED_EDGE('',*,*,#1224,.T.);
#594=ORIENTED_EDGE('',*,*,#1220,.T.);
#595=ORIENTED_EDGE('',*,*,#1225,.F.);
#596=ORIENTED_EDGE('',*,*,#1226,.F.);
#597=ORIENTED_EDGE('',*,*,#1227,.T.);
#598=ORIENTED_EDGE('',*,*,#1223,.T.);
#599=ORIENTED_EDGE('',*,*,#1228,.F.);
#600=ORIENTED_EDGE('',*,*,#1199,.F.);
#601=ORIENTED_EDGE('',*,*,#1229,.T.);
#602=ORIENTED_EDGE('',*,*,#1226,.T.);
#603=ORIENTED_EDGE('',*,*,#1230,.F.);
#604=ORIENTED_EDGE('',*,*,#1231,.F.);
#605=ORIENTED_EDGE('',*,*,#1232,.T.);
#606=ORIENTED_EDGE('',*,*,#1205,.T.);
#607=ORIENTED_EDGE('',*,*,#1233,.F.);
#608=ORIENTED_EDGE('',*,*,#1234,.F.);
#609=ORIENTED_EDGE('',*,*,#1235,.T.);
#610=ORIENTED_EDGE('',*,*,#1231,.T.);
#611=ORIENTED_EDGE('',*,*,#1236,.F.);
#612=ORIENTED_EDGE('',*,*,#1237,.F.);
#613=ORIENTED_EDGE('',*,*,#1238,.T.);
#614=ORIENTED_EDGE('',*,*,#1234,.T.);
#615=ORIENTED_EDGE('',*,*,#1239,.F.);
#616=ORIENTED_EDGE('',*,*,#1240,.F.);
#617=ORIENTED_EDGE('',*,*,#1241,.T.);
#618=ORIENTED_EDGE('',*,*,#1237,.T.);
#619=ORIENTED_EDGE('',*,*,#1242,.F.);
#620=ORIENTED_EDGE('',*,*,#1207,.F.);
#621=ORIENTED_EDGE('',*,*,#1243,.T.);
#622=ORIENTED_EDGE('',*,*,#1240,.T.);
#623=ORIENTED_EDGE('',*,*,#1244,.F.);
#624=ORIENTED_EDGE('',*,*,#1245,.F.);
#625=ORIENTED_EDGE('',*,*,#1246,.T.);
#626=ORIENTED_EDGE('',*,*,#1189,.T.);
#627=ORIENTED_EDGE('',*,*,#1247,.F.);
#628=ORIENTED_EDGE('',*,*,#1248,.F.);
#629=ORIENTED_EDGE('',*,*,#1249,.T.);
#630=ORIENTED_EDGE('',*,*,#1245,.T.);
#631=ORIENTED_EDGE('',*,*,#1250,.F.);
#632=ORIENTED_EDGE('',*,*,#1251,.F.);
#633=ORIENTED_EDGE('',*,*,#1252,.T.);
#634=ORIENTED_EDGE('',*,*,#1248,.T.);
#635=ORIENTED_EDGE('',*,*,#1253,.F.);
#636=ORIENTED_EDGE('',*,*,#1254,.F.);
#637=ORIENTED_EDGE('',*,*,#1255,.T.);
#638=ORIENTED_EDGE('',*,*,#1251,.T.);
#639=ORIENTED_EDGE('',*,*,#1256,.F.);
#640=ORIENTED_EDGE('',*,*,#1191,.F.);
#641=ORIENTED_EDGE('',*,*,#1257,.T.);
#642=ORIENTED_EDGE('',*,*,#1254,.T.);
#643=ORIENTED_EDGE('',*,*,#1258,.F.);
#644=ORIENTED_EDGE('',*,*,#1259,.F.);
#645=ORIENTED_EDGE('',*,*,#1260,.T.);
#646=ORIENTED_EDGE('',*,*,#1261,.T.);
#647=ORIENTED_EDGE('',*,*,#1262,.F.);
#648=ORIENTED_EDGE('',*,*,#1263,.F.);
#649=ORIENTED_EDGE('',*,*,#1264,.T.);
#650=ORIENTED_EDGE('',*,*,#1259,.T.);
#651=ORIENTED_EDGE('',*,*,#1265,.F.);
#652=ORIENTED_EDGE('',*,*,#1195,.F.);
#653=ORIENTED_EDGE('',*,*,#1266,.T.);
#654=ORIENTED_EDGE('',*,*,#1263,.T.);
#655=ORIENTED_EDGE('',*,*,#1267,.F.);
#656=ORIENTED_EDGE('',*,*,#1268,.F.);
#657=ORIENTED_EDGE('',*,*,#1269,.T.);
#658=ORIENTED_EDGE('',*,*,#1193,.T.);
#659=ORIENTED_EDGE('',*,*,#1270,.F.);
#660=ORIENTED_EDGE('',*,*,#1261,.F.);
#661=ORIENTED_EDGE('',*,*,#1271,.T.);
#662=ORIENTED_EDGE('',*,*,#1268,.T.);
#663=ORIENTED_EDGE('',*,*,#1272,.F.);
#664=ORIENTED_EDGE('',*,*,#1273,.F.);
#665=ORIENTED_EDGE('',*,*,#1274,.T.);
#666=ORIENTED_EDGE('',*,*,#1201,.T.);
#667=ORIENTED_EDGE('',*,*,#1275,.F.);
#668=ORIENTED_EDGE('',*,*,#1276,.F.);
#669=ORIENTED_EDGE('',*,*,#1277,.T.);
#670=ORIENTED_EDGE('',*,*,#1273,.T.);
#671=ORIENTED_EDGE('',*,*,#1278,.F.);
#672=ORIENTED_EDGE('',*,*,#1279,.F.);
#673=ORIENTED_EDGE('',*,*,#1280,.T.);
#674=ORIENTED_EDGE('',*,*,#1276,.T.);
#675=ORIENTED_EDGE('',*,*,#1281,.F.);
#676=ORIENTED_EDGE('',*,*,#1282,.F.);
#677=ORIENTED_EDGE('',*,*,#1283,.T.);
#678=ORIENTED_EDGE('',*,*,#1279,.T.);
#679=ORIENTED_EDGE('',*,*,#1284,.F.);
#680=ORIENTED_EDGE('',*,*,#1203,.F.);
#681=ORIENTED_EDGE('',*,*,#1285,.T.);
#682=ORIENTED_EDGE('',*,*,#1282,.T.);
#683=ORIENTED_EDGE('',*,*,#1286,.F.);
#684=ORIENTED_EDGE('',*,*,#1287,.F.);
#685=ORIENTED_EDGE('',*,*,#1288,.T.);
#686=ORIENTED_EDGE('',*,*,#1185,.T.);
#687=ORIENTED_EDGE('',*,*,#1289,.F.);
#688=ORIENTED_EDGE('',*,*,#1290,.F.);
#689=ORIENTED_EDGE('',*,*,#1291,.T.);
#690=ORIENTED_EDGE('',*,*,#1287,.T.);
#691=ORIENTED_EDGE('',*,*,#1292,.F.);
#692=ORIENTED_EDGE('',*,*,#1293,.F.);
#693=ORIENTED_EDGE('',*,*,#1294,.T.);
#694=ORIENTED_EDGE('',*,*,#1290,.T.);
#695=ORIENTED_EDGE('',*,*,#1295,.F.);
#696=ORIENTED_EDGE('',*,*,#1296,.F.);
#697=ORIENTED_EDGE('',*,*,#1297,.T.);
#698=ORIENTED_EDGE('',*,*,#1293,.T.);
#699=ORIENTED_EDGE('',*,*,#1298,.F.);
#700=ORIENTED_EDGE('',*,*,#1187,.F.);
#701=ORIENTED_EDGE('',*,*,#1299,.T.);
#702=ORIENTED_EDGE('',*,*,#1296,.T.);
#703=ORIENTED_EDGE('',*,*,#1300,.F.);
#704=ORIENTED_EDGE('',*,*,#1301,.F.);
#705=ORIENTED_EDGE('',*,*,#1302,.T.);
#706=ORIENTED_EDGE('',*,*,#1181,.T.);
#707=ORIENTED_EDGE('',*,*,#1303,.F.);
#708=ORIENTED_EDGE('',*,*,#1304,.F.);
#709=ORIENTED_EDGE('',*,*,#1305,.T.);
#710=ORIENTED_EDGE('',*,*,#1301,.T.);
#711=ORIENTED_EDGE('',*,*,#1306,.F.);
#712=ORIENTED_EDGE('',*,*,#1307,.F.);
#713=ORIENTED_EDGE('',*,*,#1308,.T.);
#714=ORIENTED_EDGE('',*,*,#1304,.T.);
#715=ORIENTED_EDGE('',*,*,#1309,.F.);
#716=ORIENTED_EDGE('',*,*,#1310,.F.);
#717=ORIENTED_EDGE('',*,*,#1311,.T.);
#718=ORIENTED_EDGE('',*,*,#1307,.T.);
#719=ORIENTED_EDGE('',*,*,#1312,.F.);
#720=ORIENTED_EDGE('',*,*,#1183,.F.);
#721=ORIENTED_EDGE('',*,*,#1313,.T.);
#722=ORIENTED_EDGE('',*,*,#1310,.T.);
#723=ORIENTED_EDGE('',*,*,#1314,.F.);
#724=ORIENTED_EDGE('',*,*,#1315,.F.);
#725=ORIENTED_EDGE('',*,*,#1316,.T.);
#726=ORIENTED_EDGE('',*,*,#1177,.T.);
#727=ORIENTED_EDGE('',*,*,#1317,.F.);
#728=ORIENTED_EDGE('',*,*,#1318,.F.);
#729=ORIENTED_EDGE('',*,*,#1319,.T.);
#730=ORIENTED_EDGE('',*,*,#1315,.T.);
#731=ORIENTED_EDGE('',*,*,#1320,.F.);
#732=ORIENTED_EDGE('',*,*,#1321,.F.);
#733=ORIENTED_EDGE('',*,*,#1322,.T.);
#734=ORIENTED_EDGE('',*,*,#1318,.T.);
#735=ORIENTED_EDGE('',*,*,#1323,.F.);
#736=ORIENTED_EDGE('',*,*,#1324,.F.);
#737=ORIENTED_EDGE('',*,*,#1325,.T.);
#738=ORIENTED_EDGE('',*,*,#1321,.T.);
#739=ORIENTED_EDGE('',*,*,#1326,.F.);
#740=ORIENTED_EDGE('',*,*,#1179,.F.);
#741=ORIENTED_EDGE('',*,*,#1327,.T.);
#742=ORIENTED_EDGE('',*,*,#1324,.T.);
#743=ORIENTED_EDGE('',*,*,#1328,.F.);
#744=ORIENTED_EDGE('',*,*,#1329,.F.);
#745=ORIENTED_EDGE('',*,*,#1330,.T.);
#746=ORIENTED_EDGE('',*,*,#1173,.T.);
#747=ORIENTED_EDGE('',*,*,#1331,.F.);
#748=ORIENTED_EDGE('',*,*,#1332,.F.);
#749=ORIENTED_EDGE('',*,*,#1333,.T.);
#750=ORIENTED_EDGE('',*,*,#1329,.T.);
#751=ORIENTED_EDGE('',*,*,#1334,.F.);
#752=ORIENTED_EDGE('',*,*,#1335,.F.);
#753=ORIENTED_EDGE('',*,*,#1336,.T.);
#754=ORIENTED_EDGE('',*,*,#1332,.T.);
#755=ORIENTED_EDGE('',*,*,#1337,.F.);
#756=ORIENTED_EDGE('',*,*,#1338,.F.);
#757=ORIENTED_EDGE('',*,*,#1339,.T.);
#758=ORIENTED_EDGE('',*,*,#1335,.T.);
#759=ORIENTED_EDGE('',*,*,#1340,.F.);
#760=ORIENTED_EDGE('',*,*,#1175,.F.);
#761=ORIENTED_EDGE('',*,*,#1341,.T.);
#762=ORIENTED_EDGE('',*,*,#1338,.T.);
#763=ORIENTED_EDGE('',*,*,#1342,.F.);
#764=ORIENTED_EDGE('',*,*,#1343,.F.);
#765=ORIENTED_EDGE('',*,*,#1344,.T.);
#766=ORIENTED_EDGE('',*,*,#1169,.T.);
#767=ORIENTED_EDGE('',*,*,#1345,.F.);
#768=ORIENTED_EDGE('',*,*,#1346,.F.);
#769=ORIENTED_EDGE('',*,*,#1347,.T.);
#770=ORIENTED_EDGE('',*,*,#1343,.T.);
#771=ORIENTED_EDGE('',*,*,#1348,.F.);
#772=ORIENTED_EDGE('',*,*,#1349,.F.);
#773=ORIENTED_EDGE('',*,*,#1350,.T.);
#774=ORIENTED_EDGE('',*,*,#1346,.T.);
#775=ORIENTED_EDGE('',*,*,#1351,.F.);
#776=ORIENTED_EDGE('',*,*,#1352,.F.);
#777=ORIENTED_EDGE('',*,*,#1353,.T.);
#778=ORIENTED_EDGE('',*,*,#1349,.T.);
#779=ORIENTED_EDGE('',*,*,#1354,.F.);
#780=ORIENTED_EDGE('',*,*,#1171,.F.);
#781=ORIENTED_EDGE('',*,*,#1355,.T.);
#782=ORIENTED_EDGE('',*,*,#1352,.T.);
#783=ORIENTED_EDGE('',*,*,#1356,.F.);
#784=ORIENTED_EDGE('',*,*,#1357,.F.);
#785=ORIENTED_EDGE('',*,*,#1358,.T.);
#786=ORIENTED_EDGE('',*,*,#1165,.T.);
#787=ORIENTED_EDGE('',*,*,#1359,.F.);
#788=ORIENTED_EDGE('',*,*,#1360,.F.);
#789=ORIENTED_EDGE('',*,*,#1361,.T.);
#790=ORIENTED_EDGE('',*,*,#1357,.T.);
#791=ORIENTED_EDGE('',*,*,#1362,.F.);
#792=ORIENTED_EDGE('',*,*,#1363,.F.);
#793=ORIENTED_EDGE('',*,*,#1364,.T.);
#794=ORIENTED_EDGE('',*,*,#1360,.T.);
#795=ORIENTED_EDGE('',*,*,#1365,.F.);
#796=ORIENTED_EDGE('',*,*,#1366,.F.);
#797=ORIENTED_EDGE('',*,*,#1367,.T.);
#798=ORIENTED_EDGE('',*,*,#1363,.T.);
#799=ORIENTED_EDGE('',*,*,#1368,.F.);
#800=ORIENTED_EDGE('',*,*,#1167,.F.);
#801=ORIENTED_EDGE('',*,*,#1369,.T.);
#802=ORIENTED_EDGE('',*,*,#1366,.T.);
#803=ORIENTED_EDGE('',*,*,#1370,.F.);
#804=ORIENTED_EDGE('',*,*,#1371,.F.);
#805=ORIENTED_EDGE('',*,*,#1372,.T.);
#806=ORIENTED_EDGE('',*,*,#1213,.T.);
#807=ORIENTED_EDGE('',*,*,#1373,.F.);
#808=ORIENTED_EDGE('',*,*,#1374,.F.);
#809=ORIENTED_EDGE('',*,*,#1375,.T.);
#810=ORIENTED_EDGE('',*,*,#1371,.T.);
#811=ORIENTED_EDGE('',*,*,#1376,.F.);
#812=ORIENTED_EDGE('',*,*,#1377,.F.);
#813=ORIENTED_EDGE('',*,*,#1378,.T.);
#814=ORIENTED_EDGE('',*,*,#1374,.T.);
#815=ORIENTED_EDGE('',*,*,#1379,.F.);
#816=ORIENTED_EDGE('',*,*,#1380,.F.);
#817=ORIENTED_EDGE('',*,*,#1381,.T.);
#818=ORIENTED_EDGE('',*,*,#1377,.T.);
#819=ORIENTED_EDGE('',*,*,#1382,.F.);
#820=ORIENTED_EDGE('',*,*,#1215,.F.);
#821=ORIENTED_EDGE('',*,*,#1383,.T.);
#822=ORIENTED_EDGE('',*,*,#1380,.T.);
#823=ORIENTED_EDGE('',*,*,#1384,.F.);
#824=ORIENTED_EDGE('',*,*,#1385,.F.);
#825=ORIENTED_EDGE('',*,*,#1386,.T.);
#826=ORIENTED_EDGE('',*,*,#1209,.T.);
#827=ORIENTED_EDGE('',*,*,#1387,.F.);
#828=ORIENTED_EDGE('',*,*,#1388,.F.);
#829=ORIENTED_EDGE('',*,*,#1389,.T.);
#830=ORIENTED_EDGE('',*,*,#1385,.T.);
#831=ORIENTED_EDGE('',*,*,#1390,.F.);
#832=ORIENTED_EDGE('',*,*,#1391,.F.);
#833=ORIENTED_EDGE('',*,*,#1392,.T.);
#834=ORIENTED_EDGE('',*,*,#1388,.T.);
#835=ORIENTED_EDGE('',*,*,#1393,.F.);
#836=ORIENTED_EDGE('',*,*,#1394,.F.);
#837=ORIENTED_EDGE('',*,*,#1395,.T.);
#838=ORIENTED_EDGE('',*,*,#1391,.T.);
#839=ORIENTED_EDGE('',*,*,#1396,.F.);
#840=ORIENTED_EDGE('',*,*,#1211,.F.);
#841=ORIENTED_EDGE('',*,*,#1397,.T.);
#842=ORIENTED_EDGE('',*,*,#1394,.T.);
#843=ORIENTED_EDGE('',*,*,#1398,.T.);
#844=ORIENTED_EDGE('',*,*,#1399,.T.);
#845=ORIENTED_EDGE('',*,*,#1163,.F.);
#846=ORIENTED_EDGE('',*,*,#1399,.F.);
#847=ORIENTED_EDGE('',*,*,#1398,.F.);
#848=ORIENTED_EDGE('',*,*,#1153,.F.);
#849=ORIENTED_EDGE('',*,*,#1386,.F.);
#850=ORIENTED_EDGE('',*,*,#1389,.F.);
#851=ORIENTED_EDGE('',*,*,#1392,.F.);
#852=ORIENTED_EDGE('',*,*,#1395,.F.);
#853=ORIENTED_EDGE('',*,*,#1397,.F.);
#854=ORIENTED_EDGE('',*,*,#1210,.F.);
#855=ORIENTED_EDGE('',*,*,#1372,.F.);
#856=ORIENTED_EDGE('',*,*,#1375,.F.);
#857=ORIENTED_EDGE('',*,*,#1378,.F.);
#858=ORIENTED_EDGE('',*,*,#1381,.F.);
#859=ORIENTED_EDGE('',*,*,#1383,.F.);
#860=ORIENTED_EDGE('',*,*,#1214,.F.);
#861=ORIENTED_EDGE('',*,*,#1358,.F.);
#862=ORIENTED_EDGE('',*,*,#1361,.F.);
#863=ORIENTED_EDGE('',*,*,#1364,.F.);
#864=ORIENTED_EDGE('',*,*,#1367,.F.);
#865=ORIENTED_EDGE('',*,*,#1369,.F.);
#866=ORIENTED_EDGE('',*,*,#1166,.F.);
#867=ORIENTED_EDGE('',*,*,#1344,.F.);
#868=ORIENTED_EDGE('',*,*,#1347,.F.);
#869=ORIENTED_EDGE('',*,*,#1350,.F.);
#870=ORIENTED_EDGE('',*,*,#1353,.F.);
#871=ORIENTED_EDGE('',*,*,#1355,.F.);
#872=ORIENTED_EDGE('',*,*,#1170,.F.);
#873=ORIENTED_EDGE('',*,*,#1330,.F.);
#874=ORIENTED_EDGE('',*,*,#1333,.F.);
#875=ORIENTED_EDGE('',*,*,#1336,.F.);
#876=ORIENTED_EDGE('',*,*,#1339,.F.);
#877=ORIENTED_EDGE('',*,*,#1341,.F.);
#878=ORIENTED_EDGE('',*,*,#1174,.F.);
#879=ORIENTED_EDGE('',*,*,#1316,.F.);
#880=ORIENTED_EDGE('',*,*,#1319,.F.);
#881=ORIENTED_EDGE('',*,*,#1322,.F.);
#882=ORIENTED_EDGE('',*,*,#1325,.F.);
#883=ORIENTED_EDGE('',*,*,#1327,.F.);
#884=ORIENTED_EDGE('',*,*,#1178,.F.);
#885=ORIENTED_EDGE('',*,*,#1302,.F.);
#886=ORIENTED_EDGE('',*,*,#1305,.F.);
#887=ORIENTED_EDGE('',*,*,#1308,.F.);
#888=ORIENTED_EDGE('',*,*,#1311,.F.);
#889=ORIENTED_EDGE('',*,*,#1313,.F.);
#890=ORIENTED_EDGE('',*,*,#1182,.F.);
#891=ORIENTED_EDGE('',*,*,#1288,.F.);
#892=ORIENTED_EDGE('',*,*,#1291,.F.);
#893=ORIENTED_EDGE('',*,*,#1294,.F.);
#894=ORIENTED_EDGE('',*,*,#1297,.F.);
#895=ORIENTED_EDGE('',*,*,#1299,.F.);
#896=ORIENTED_EDGE('',*,*,#1186,.F.);
#897=ORIENTED_EDGE('',*,*,#1274,.F.);
#898=ORIENTED_EDGE('',*,*,#1277,.F.);
#899=ORIENTED_EDGE('',*,*,#1280,.F.);
#900=ORIENTED_EDGE('',*,*,#1283,.F.);
#901=ORIENTED_EDGE('',*,*,#1285,.F.);
#902=ORIENTED_EDGE('',*,*,#1202,.F.);
#903=ORIENTED_EDGE('',*,*,#1266,.F.);
#904=ORIENTED_EDGE('',*,*,#1194,.F.);
#905=ORIENTED_EDGE('',*,*,#1269,.F.);
#906=ORIENTED_EDGE('',*,*,#1271,.F.);
#907=ORIENTED_EDGE('',*,*,#1260,.F.);
#908=ORIENTED_EDGE('',*,*,#1264,.F.);
#909=ORIENTED_EDGE('',*,*,#1246,.F.);
#910=ORIENTED_EDGE('',*,*,#1249,.F.);
#911=ORIENTED_EDGE('',*,*,#1252,.F.);
#912=ORIENTED_EDGE('',*,*,#1255,.F.);
#913=ORIENTED_EDGE('',*,*,#1257,.F.);
#914=ORIENTED_EDGE('',*,*,#1190,.F.);
#915=ORIENTED_EDGE('',*,*,#1232,.F.);
#916=ORIENTED_EDGE('',*,*,#1235,.F.);
#917=ORIENTED_EDGE('',*,*,#1238,.F.);
#918=ORIENTED_EDGE('',*,*,#1241,.F.);
#919=ORIENTED_EDGE('',*,*,#1243,.F.);
#920=ORIENTED_EDGE('',*,*,#1206,.F.);
#921=ORIENTED_EDGE('',*,*,#1218,.F.);
#922=ORIENTED_EDGE('',*,*,#1221,.F.);
#923=ORIENTED_EDGE('',*,*,#1224,.F.);
#924=ORIENTED_EDGE('',*,*,#1227,.F.);
#925=ORIENTED_EDGE('',*,*,#1229,.F.);
#926=ORIENTED_EDGE('',*,*,#1198,.F.);
#927=ORIENTED_EDGE('',*,*,#1400,.F.);
#928=ORIENTED_EDGE('',*,*,#1216,.T.);
#929=ORIENTED_EDGE('',*,*,#1196,.T.);
#930=ORIENTED_EDGE('',*,*,#1265,.T.);
#931=ORIENTED_EDGE('',*,*,#1262,.T.);
#932=ORIENTED_EDGE('',*,*,#1258,.T.);
#933=ORIENTED_EDGE('',*,*,#1270,.T.);
#934=ORIENTED_EDGE('',*,*,#1267,.T.);
#935=ORIENTED_EDGE('',*,*,#1192,.T.);
#936=ORIENTED_EDGE('',*,*,#1256,.T.);
#937=ORIENTED_EDGE('',*,*,#1253,.T.);
#938=ORIENTED_EDGE('',*,*,#1250,.T.);
#939=ORIENTED_EDGE('',*,*,#1247,.T.);
#940=ORIENTED_EDGE('',*,*,#1244,.T.);
#941=ORIENTED_EDGE('',*,*,#1188,.T.);
#942=ORIENTED_EDGE('',*,*,#1298,.T.);
#943=ORIENTED_EDGE('',*,*,#1295,.T.);
#944=ORIENTED_EDGE('',*,*,#1292,.T.);
#945=ORIENTED_EDGE('',*,*,#1289,.T.);
#946=ORIENTED_EDGE('',*,*,#1286,.T.);
#947=ORIENTED_EDGE('',*,*,#1184,.T.);
#948=ORIENTED_EDGE('',*,*,#1312,.T.);
#949=ORIENTED_EDGE('',*,*,#1309,.T.);
#950=ORIENTED_EDGE('',*,*,#1306,.T.);
#951=ORIENTED_EDGE('',*,*,#1303,.T.);
#952=ORIENTED_EDGE('',*,*,#1300,.T.);
#953=ORIENTED_EDGE('',*,*,#1180,.T.);
#954=ORIENTED_EDGE('',*,*,#1326,.T.);
#955=ORIENTED_EDGE('',*,*,#1323,.T.);
#956=ORIENTED_EDGE('',*,*,#1320,.T.);
#957=ORIENTED_EDGE('',*,*,#1317,.T.);
#958=ORIENTED_EDGE('',*,*,#1314,.T.);
#959=ORIENTED_EDGE('',*,*,#1176,.T.);
#960=ORIENTED_EDGE('',*,*,#1340,.T.);
#961=ORIENTED_EDGE('',*,*,#1337,.T.);
#962=ORIENTED_EDGE('',*,*,#1334,.T.);
#963=ORIENTED_EDGE('',*,*,#1331,.T.);
#964=ORIENTED_EDGE('',*,*,#1328,.T.);
#965=ORIENTED_EDGE('',*,*,#1172,.T.);
#966=ORIENTED_EDGE('',*,*,#1354,.T.);
#967=ORIENTED_EDGE('',*,*,#1351,.T.);
#968=ORIENTED_EDGE('',*,*,#1348,.T.);
#969=ORIENTED_EDGE('',*,*,#1345,.T.);
#970=ORIENTED_EDGE('',*,*,#1342,.T.);
#971=ORIENTED_EDGE('',*,*,#1168,.T.);
#972=ORIENTED_EDGE('',*,*,#1368,.T.);
#973=ORIENTED_EDGE('',*,*,#1365,.T.);
#974=ORIENTED_EDGE('',*,*,#1362,.T.);
#975=ORIENTED_EDGE('',*,*,#1359,.T.);
#976=ORIENTED_EDGE('',*,*,#1356,.T.);
#977=ORIENTED_EDGE('',*,*,#1164,.T.);
#978=ORIENTED_EDGE('',*,*,#1382,.T.);
#979=ORIENTED_EDGE('',*,*,#1379,.T.);
#980=ORIENTED_EDGE('',*,*,#1376,.T.);
#981=ORIENTED_EDGE('',*,*,#1373,.T.);
#982=ORIENTED_EDGE('',*,*,#1370,.T.);
#983=ORIENTED_EDGE('',*,*,#1212,.T.);
#984=ORIENTED_EDGE('',*,*,#1396,.T.);
#985=ORIENTED_EDGE('',*,*,#1393,.T.);
#986=ORIENTED_EDGE('',*,*,#1390,.T.);
#987=ORIENTED_EDGE('',*,*,#1387,.T.);
#988=ORIENTED_EDGE('',*,*,#1384,.T.);
#989=ORIENTED_EDGE('',*,*,#1208,.T.);
#990=ORIENTED_EDGE('',*,*,#1242,.T.);
#991=ORIENTED_EDGE('',*,*,#1239,.T.);
#992=ORIENTED_EDGE('',*,*,#1236,.T.);
#993=ORIENTED_EDGE('',*,*,#1233,.T.);
#994=ORIENTED_EDGE('',*,*,#1230,.T.);
#995=ORIENTED_EDGE('',*,*,#1204,.T.);
#996=ORIENTED_EDGE('',*,*,#1284,.T.);
#997=ORIENTED_EDGE('',*,*,#1281,.T.);
#998=ORIENTED_EDGE('',*,*,#1278,.T.);
#999=ORIENTED_EDGE('',*,*,#1275,.T.);
#1000=ORIENTED_EDGE('',*,*,#1272,.T.);
#1001=ORIENTED_EDGE('',*,*,#1200,.T.);
#1002=ORIENTED_EDGE('',*,*,#1228,.T.);
#1003=ORIENTED_EDGE('',*,*,#1225,.T.);
#1004=ORIENTED_EDGE('',*,*,#1222,.T.);
#1005=ORIENTED_EDGE('',*,*,#1219,.T.);
#1006=ORIENTED_EDGE('',*,*,#1400,.T.);
#1007=ORIENTED_EDGE('',*,*,#1154,.T.);
#1008=ORIENTED_EDGE('',*,*,#1113,.T.);
#1009=ORIENTED_EDGE('',*,*,#1116,.T.);
#1010=ORIENTED_EDGE('',*,*,#1109,.T.);
#1011=ORIENTED_EDGE('',*,*,#1159,.T.);
#1012=ORIENTED_EDGE('',*,*,#1078,.T.);
#1013=ORIENTED_EDGE('',*,*,#1081,.T.);
#1014=ORIENTED_EDGE('',*,*,#1074,.T.);
#1015=ORIENTED_EDGE('',*,*,#1103,.T.);
#1016=ORIENTED_EDGE('',*,*,#1096,.T.);
#1017=ORIENTED_EDGE('',*,*,#1156,.T.);
#1018=ORIENTED_EDGE('',*,*,#1100,.T.);
#1019=ORIENTED_EDGE('',*,*,#1161,.T.);
#1020=ORIENTED_EDGE('',*,*,#1136,.T.);
#1021=ORIENTED_EDGE('',*,*,#1139,.T.);
#1022=ORIENTED_EDGE('',*,*,#1132,.T.);
#1023=ORIENTED_EDGE('',*,*,#1090,.T.);
#1024=ORIENTED_EDGE('',*,*,#1083,.T.);
#1025=ORIENTED_EDGE('',*,*,#1158,.T.);
#1026=ORIENTED_EDGE('',*,*,#1087,.T.);
#1027=ORIENTED_EDGE('',*,*,#1121,.T.);
#1028=ORIENTED_EDGE('',*,*,#1105,.T.);
#1029=ORIENTED_EDGE('',*,*,#1155,.T.);
#1030=ORIENTED_EDGE('',*,*,#1119,.T.);
#1031=ORIENTED_EDGE('',*,*,#1126,.T.);
#1032=ORIENTED_EDGE('',*,*,#1092,.T.);
#1033=ORIENTED_EDGE('',*,*,#1157,.T.);
#1034=ORIENTED_EDGE('',*,*,#1124,.T.);
#1035=ORIENTED_EDGE('',*,*,#1162,.T.);
#1036=ORIENTED_EDGE('',*,*,#1142,.T.);
#1037=ORIENTED_EDGE('',*,*,#1144,.T.);
#1038=ORIENTED_EDGE('',*,*,#1128,.T.);
#1039=ORIENTED_EDGE('',*,*,#1160,.T.);
#1040=ORIENTED_EDGE('',*,*,#1150,.T.);
#1041=ORIENTED_EDGE('',*,*,#1152,.T.);
#1042=ORIENTED_EDGE('',*,*,#1146,.T.);
#1043=ORIENTED_EDGE('',*,*,#1401,.T.);
#1044=ORIENTED_EDGE('',*,*,#1098,.T.);
#1045=ORIENTED_EDGE('',*,*,#1104,.T.);
#1046=ORIENTED_EDGE('',*,*,#1120,.T.);
#1047=ORIENTED_EDGE('',*,*,#1117,.T.);
#1048=ORIENTED_EDGE('',*,*,#1107,.T.);
#1049=ORIENTED_EDGE('',*,*,#1115,.T.);
#1050=ORIENTED_EDGE('',*,*,#1111,.T.);
#1051=ORIENTED_EDGE('',*,*,#1127,.T.);
#1052=ORIENTED_EDGE('',*,*,#1143,.T.);
#1053=ORIENTED_EDGE('',*,*,#1140,.T.);
#1054=ORIENTED_EDGE('',*,*,#1130,.T.);
#1055=ORIENTED_EDGE('',*,*,#1138,.T.);
#1056=ORIENTED_EDGE('',*,*,#1134,.T.);
#1057=ORIENTED_EDGE('',*,*,#1145,.T.);
#1058=ORIENTED_EDGE('',*,*,#1151,.T.);
#1059=ORIENTED_EDGE('',*,*,#1148,.T.);
#1060=ORIENTED_EDGE('',*,*,#1072,.T.);
#1061=ORIENTED_EDGE('',*,*,#1080,.T.);
#1062=ORIENTED_EDGE('',*,*,#1076,.T.);
#1063=ORIENTED_EDGE('',*,*,#1082,.T.);
#1064=ORIENTED_EDGE('',*,*,#1089,.T.);
#1065=ORIENTED_EDGE('',*,*,#1085,.T.);
#1066=ORIENTED_EDGE('',*,*,#1091,.T.);
#1067=ORIENTED_EDGE('',*,*,#1125,.T.);
#1068=ORIENTED_EDGE('',*,*,#1122,.T.);
#1069=ORIENTED_EDGE('',*,*,#1094,.T.);
#1070=ORIENTED_EDGE('',*,*,#1102,.T.);
#1071=ORIENTED_EDGE('',*,*,#1401,.F.);
#1072=EDGE_CURVE('',#1402,#1403,#1618,.T.);
#1073=EDGE_CURVE('',#1404,#1402,#202,.T.);
#1074=EDGE_CURVE('',#1405,#1404,#1619,.T.);
#1075=EDGE_CURVE('',#1405,#1403,#203,.T.);
#1076=EDGE_CURVE('',#1406,#1407,#1620,.T.);
#1077=EDGE_CURVE('',#1408,#1406,#204,.T.);
#1078=EDGE_CURVE('',#1409,#1408,#1621,.T.);
#1079=EDGE_CURVE('',#1409,#1407,#205,.T.);
#1080=EDGE_CURVE('',#1403,#1406,#67,.F.);
#1081=EDGE_CURVE('',#1408,#1405,#68,.T.);
#1082=EDGE_CURVE('',#1407,#1410,#1622,.T.);
#1083=EDGE_CURVE('',#1411,#1409,#1623,.T.);
#1084=EDGE_CURVE('',#1411,#1410,#206,.T.);
#1085=EDGE_CURVE('',#1412,#1413,#1624,.T.);
#1086=EDGE_CURVE('',#1414,#1412,#207,.T.);
#1087=EDGE_CURVE('',#1415,#1414,#1625,.T.);
#1088=EDGE_CURVE('',#1415,#1413,#208,.T.);
#1089=EDGE_CURVE('',#1410,#1412,#69,.F.);
#1090=EDGE_CURVE('',#1414,#1411,#70,.T.);
#1091=EDGE_CURVE('',#1413,#1416,#1626,.T.);
#1092=EDGE_CURVE('',#1417,#1415,#1627,.T.);
#1093=EDGE_CURVE('',#1417,#1416,#209,.T.);
#1094=EDGE_CURVE('',#1418,#1419,#1628,.T.);
#1095=EDGE_CURVE('',#1420,#1418,#210,.T.);
#1096=EDGE_CURVE('',#1421,#1420,#1629,.T.);
#1097=EDGE_CURVE('',#1421,#1419,#211,.T.);
#1098=EDGE_CURVE('',#1422,#1423,#1630,.T.);
#1099=EDGE_CURVE('',#1424,#1422,#212,.T.);
#1100=EDGE_CURVE('',#1425,#1424,#1631,.T.);
#1101=EDGE_CURVE('',#1425,#1423,#213,.T.);
#1102=EDGE_CURVE('',#1419,#1422,#71,.F.);
#1103=EDGE_CURVE('',#1424,#1421,#72,.T.);
#1104=EDGE_CURVE('',#1423,#1426,#1632,.T.);
#1105=EDGE_CURVE('',#1427,#1425,#1633,.T.);
#1106=EDGE_CURVE('',#1427,#1426,#214,.T.);
#1107=EDGE_CURVE('',#1428,#1429,#1634,.T.);
#1108=EDGE_CURVE('',#1430,#1428,#215,.T.);
#1109=EDGE_CURVE('',#1431,#1430,#1635,.T.);
#1110=EDGE_CURVE('',#1431,#1429,#216,.T.);
#1111=EDGE_CURVE('',#1432,#1433,#1636,.T.);
#1112=EDGE_CURVE('',#1434,#1432,#217,.T.);
#1113=EDGE_CURVE('',#1435,#1434,#1637,.T.);
#1114=EDGE_CURVE('',#1435,#1433,#218,.T.);
#1115=EDGE_CURVE('',#1429,#1432,#73,.F.);
#1116=EDGE_CURVE('',#1434,#1431,#74,.T.);
#1117=EDGE_CURVE('',#1436,#1428,#1638,.T.);
#1118=EDGE_CURVE('',#1437,#1436,#219,.T.);
#1119=EDGE_CURVE('',#1430,#1437,#1639,.T.);
#1120=EDGE_CURVE('',#1426,#1436,#75,.F.);
#1121=EDGE_CURVE('',#1437,#1427,#76,.T.);
#1122=EDGE_CURVE('',#1438,#1418,#1640,.T.);
#1123=EDGE_CURVE('',#1439,#1438,#220,.T.);
#1124=EDGE_CURVE('',#1420,#1439,#1641,.T.);
#1125=EDGE_CURVE('',#1416,#1438,#77,.F.);
#1126=EDGE_CURVE('',#1439,#1417,#78,.T.);
#1127=EDGE_CURVE('',#1433,#1440,#1642,.T.);
#1128=EDGE_CURVE('',#1441,#1435,#1643,.T.);
#1129=EDGE_CURVE('',#1441,#1440,#221,.T.);
#1130=EDGE_CURVE('',#1442,#1443,#1644,.T.);
#1131=EDGE_CURVE('',#1444,#1442,#222,.T.);
#1132=EDGE_CURVE('',#1445,#1444,#1645,.T.);
#1133=EDGE_CURVE('',#1445,#1443,#223,.T.);
#1134=EDGE_CURVE('',#1446,#1447,#1646,.T.);
#1135=EDGE_CURVE('',#1448,#1446,#224,.T.);
#1136=EDGE_CURVE('',#1449,#1448,#1647,.T.);
#1137=EDGE_CURVE('',#1449,#1447,#225,.T.);
#1138=EDGE_CURVE('',#1443,#1446,#79,.F.);
#1139=EDGE_CURVE('',#1448,#1445,#80,.T.);
#1140=EDGE_CURVE('',#1450,#1442,#1648,.T.);
#1141=EDGE_CURVE('',#1451,#1450,#226,.T.);
#1142=EDGE_CURVE('',#1444,#1451,#1649,.T.);
#1143=EDGE_CURVE('',#1440,#1450,#81,.F.);
#1144=EDGE_CURVE('',#1451,#1441,#82,.T.);
#1145=EDGE_CURVE('',#1447,#1452,#1650,.T.);
#1146=EDGE_CURVE('',#1453,#1449,#1651,.T.);
#1147=EDGE_CURVE('',#1453,#1452,#227,.T.);
#1148=EDGE_CURVE('',#1454,#1402,#1652,.T.);
#1149=EDGE_CURVE('',#1455,#1454,#228,.T.);
#1150=EDGE_CURVE('',#1404,#1455,#1653,.T.);
#1151=EDGE_CURVE('',#1452,#1454,#83,.F.);
#1152=EDGE_CURVE('',#1455,#1453,#84,.T.);
#1153=EDGE_CURVE('',#1456,#1456,#85,.T.);
#1154=EDGE_CURVE('',#1430,#1435,#86,.T.);
#1155=EDGE_CURVE('',#1425,#1430,#87,.T.);
#1156=EDGE_CURVE('',#1420,#1425,#88,.T.);
#1157=EDGE_CURVE('',#1415,#1420,#89,.T.);
#1158=EDGE_CURVE('',#1409,#1415,#90,.T.);
#1159=EDGE_CURVE('',#1404,#1409,#91,.T.);
#1160=EDGE_CURVE('',#1449,#1404,#92,.T.);
#1161=EDGE_CURVE('',#1444,#1449,#93,.T.);
#1162=EDGE_CURVE('',#1435,#1444,#94,.T.);
#1163=EDGE_CURVE('',#1457,#1457,#95,.T.);
#1164=EDGE_CURVE('',#1458,#1459,#96,.T.);
#1165=EDGE_CURVE('',#1460,#1458,#229,.T.);
#1166=EDGE_CURVE('',#1460,#1461,#97,.T.);
#1167=EDGE_CURVE('',#1461,#1462,#230,.T.);
#1168=EDGE_CURVE('',#1463,#1462,#98,.T.);
#1169=EDGE_CURVE('',#1464,#1463,#231,.T.);
#1170=EDGE_CURVE('',#1464,#1465,#99,.T.);
#1171=EDGE_CURVE('',#1465,#1466,#232,.T.);
#1172=EDGE_CURVE('',#1467,#1466,#100,.T.);
#1173=EDGE_CURVE('',#1468,#1467,#233,.T.);
#1174=EDGE_CURVE('',#1468,#1469,#101,.T.);
#1175=EDGE_CURVE('',#1469,#1470,#234,.T.);
#1176=EDGE_CURVE('',#1471,#1470,#102,.T.);
#1177=EDGE_CURVE('',#1472,#1471,#235,.T.);
#1178=EDGE_CURVE('',#1472,#1473,#103,.T.);
#1179=EDGE_CURVE('',#1473,#1474,#236,.T.);
#1180=EDGE_CURVE('',#1475,#1474,#104,.T.);
#1181=EDGE_CURVE('',#1476,#1475,#237,.T.);
#1182=EDGE_CURVE('',#1476,#1477,#105,.T.);
#1183=EDGE_CURVE('',#1477,#1478,#238,.T.);
#1184=EDGE_CURVE('',#1479,#1478,#106,.T.);
#1185=EDGE_CURVE('',#1480,#1479,#239,.T.);
#1186=EDGE_CURVE('',#1480,#1481,#107,.T.);
#1187=EDGE_CURVE('',#1481,#1482,#240,.T.);
#1188=EDGE_CURVE('',#1483,#1482,#108,.T.);
#1189=EDGE_CURVE('',#1484,#1483,#241,.T.);
#1190=EDGE_CURVE('',#1484,#1485,#109,.T.);
#1191=EDGE_CURVE('',#1485,#1486,#242,.T.);
#1192=EDGE_CURVE('',#1487,#1486,#110,.T.);
#1193=EDGE_CURVE('',#1488,#1487,#243,.T.);
#1194=EDGE_CURVE('',#1488,#1489,#111,.T.);
#1195=EDGE_CURVE('',#1489,#1490,#244,.T.);
#1196=EDGE_CURVE('',#1491,#1490,#112,.T.);
#1197=EDGE_CURVE('',#1492,#1491,#245,.T.);
#1198=EDGE_CURVE('',#1492,#1493,#113,.T.);
#1199=EDGE_CURVE('',#1493,#1494,#246,.T.);
#1200=EDGE_CURVE('',#1495,#1494,#114,.T.);
#1201=EDGE_CURVE('',#1496,#1495,#247,.T.);
#1202=EDGE_CURVE('',#1496,#1497,#115,.T.);
#1203=EDGE_CURVE('',#1497,#1498,#248,.T.);
#1204=EDGE_CURVE('',#1499,#1498,#116,.T.);
#1205=EDGE_CURVE('',#1500,#1499,#249,.T.);
#1206=EDGE_CURVE('',#1500,#1501,#117,.T.);
#1207=EDGE_CURVE('',#1501,#1502,#250,.T.);
#1208=EDGE_CURVE('',#1503,#1502,#118,.T.);
#1209=EDGE_CURVE('',#1504,#1503,#251,.T.);
#1210=EDGE_CURVE('',#1504,#1505,#119,.T.);
#1211=EDGE_CURVE('',#1505,#1506,#252,.T.);
#1212=EDGE_CURVE('',#1507,#1506,#120,.T.);
#1213=EDGE_CURVE('',#1508,#1507,#253,.T.);
#1214=EDGE_CURVE('',#1508,#1509,#121,.T.);
#1215=EDGE_CURVE('',#1509,#1459,#254,.T.);
#1216=EDGE_CURVE('',#1510,#1491,#1654,.T.);
#1217=EDGE_CURVE('',#1511,#1510,#255,.T.);
#1218=EDGE_CURVE('',#1511,#1492,#1655,.T.);
#1219=EDGE_CURVE('',#1512,#1510,#1656,.T.);
#1220=EDGE_CURVE('',#1513,#1512,#256,.T.);
#1221=EDGE_CURVE('',#1513,#1511,#1657,.T.);
#1222=EDGE_CURVE('',#1514,#1512,#122,.F.);
#1223=EDGE_CURVE('',#1515,#1514,#257,.T.);
#1224=EDGE_CURVE('',#1515,#1513,#123,.F.);
#1225=EDGE_CURVE('',#1516,#1514,#1658,.T.);
#1226=EDGE_CURVE('',#1517,#1516,#258,.T.);
#1227=EDGE_CURVE('',#1517,#1515,#1659,.T.);
#1228=EDGE_CURVE('',#1494,#1516,#1660,.T.);
#1229=EDGE_CURVE('',#1493,#1517,#1661,.T.);
#1230=EDGE_CURVE('',#1518,#1499,#1662,.T.);
#1231=EDGE_CURVE('',#1519,#1518,#259,.T.);
#1232=EDGE_CURVE('',#1519,#1500,#1663,.T.);
#1233=EDGE_CURVE('',#1520,#1518,#1664,.T.);
#1234=EDGE_CURVE('',#1521,#1520,#260,.T.);
#1235=EDGE_CURVE('',#1521,#1519,#1665,.T.);
#1236=EDGE_CURVE('',#1522,#1520,#124,.F.);
#1237=EDGE_CURVE('',#1523,#1522,#261,.T.);
#1238=EDGE_CURVE('',#1523,#1521,#125,.F.);
#1239=EDGE_CURVE('',#1524,#1522,#1666,.T.);
#1240=EDGE_CURVE('',#1525,#1524,#262,.T.);
#1241=EDGE_CURVE('',#1525,#1523,#1667,.T.);
#1242=EDGE_CURVE('',#1502,#1524,#1668,.T.);
#1243=EDGE_CURVE('',#1501,#1525,#1669,.T.);
#1244=EDGE_CURVE('',#1526,#1483,#1670,.T.);
#1245=EDGE_CURVE('',#1527,#1526,#263,.T.);
#1246=EDGE_CURVE('',#1527,#1484,#1671,.T.);
#1247=EDGE_CURVE('',#1528,#1526,#1672,.T.);
#1248=EDGE_CURVE('',#1529,#1528,#264,.T.);
#1249=EDGE_CURVE('',#1529,#1527,#1673,.T.);
#1250=EDGE_CURVE('',#1530,#1528,#126,.F.);
#1251=EDGE_CURVE('',#1531,#1530,#265,.T.);
#1252=EDGE_CURVE('',#1531,#1529,#127,.F.);
#1253=EDGE_CURVE('',#1532,#1530,#1674,.T.);
#1254=EDGE_CURVE('',#1533,#1532,#266,.T.);
#1255=EDGE_CURVE('',#1533,#1531,#1675,.T.);
#1256=EDGE_CURVE('',#1486,#1532,#1676,.T.);
#1257=EDGE_CURVE('',#1485,#1533,#1677,.T.);
#1258=EDGE_CURVE('',#1534,#1535,#128,.F.);
#1259=EDGE_CURVE('',#1536,#1534,#267,.T.);
#1260=EDGE_CURVE('',#1536,#1537,#129,.F.);
#1261=EDGE_CURVE('',#1537,#1535,#268,.T.);
#1262=EDGE_CURVE('',#1538,#1534,#1678,.T.);
#1263=EDGE_CURVE('',#1539,#1538,#269,.T.);
#1264=EDGE_CURVE('',#1539,#1536,#1679,.T.);
#1265=EDGE_CURVE('',#1490,#1538,#1680,.T.);
#1266=EDGE_CURVE('',#1489,#1539,#1681,.T.);
#1267=EDGE_CURVE('',#1540,#1487,#1682,.T.);
#1268=EDGE_CURVE('',#1541,#1540,#270,.T.);
#1269=EDGE_CURVE('',#1541,#1488,#1683,.T.);
#1270=EDGE_CURVE('',#1535,#1540,#1684,.T.);
#1271=EDGE_CURVE('',#1537,#1541,#1685,.T.);
#1272=EDGE_CURVE('',#1542,#1495,#1686,.T.);
#1273=EDGE_CURVE('',#1543,#1542,#271,.T.);
#1274=EDGE_CURVE('',#1543,#1496,#1687,.T.);
#1275=EDGE_CURVE('',#1544,#1542,#1688,.T.);
#1276=EDGE_CURVE('',#1545,#1544,#272,.T.);
#1277=EDGE_CURVE('',#1545,#1543,#1689,.T.);
#1278=EDGE_CURVE('',#1546,#1544,#130,.F.);
#1279=EDGE_CURVE('',#1547,#1546,#273,.T.);
#1280=EDGE_CURVE('',#1547,#1545,#131,.F.);
#1281=EDGE_CURVE('',#1548,#1546,#1690,.T.);
#1282=EDGE_CURVE('',#1549,#1548,#274,.T.);
#1283=EDGE_CURVE('',#1549,#1547,#1691,.T.);
#1284=EDGE_CURVE('',#1498,#1548,#1692,.T.);
#1285=EDGE_CURVE('',#1497,#1549,#1693,.T.);
#1286=EDGE_CURVE('',#1550,#1479,#1694,.T.);
#1287=EDGE_CURVE('',#1551,#1550,#275,.T.);
#1288=EDGE_CURVE('',#1551,#1480,#1695,.T.);
#1289=EDGE_CURVE('',#1552,#1550,#1696,.T.);
#1290=EDGE_CURVE('',#1553,#1552,#276,.T.);
#1291=EDGE_CURVE('',#1553,#1551,#1697,.T.);
#1292=EDGE_CURVE('',#1554,#1552,#132,.F.);
#1293=EDGE_CURVE('',#1555,#1554,#277,.T.);
#1294=EDGE_CURVE('',#1555,#1553,#133,.F.);
#1295=EDGE_CURVE('',#1556,#1554,#1698,.T.);
#1296=EDGE_CURVE('',#1557,#1556,#278,.T.);
#1297=EDGE_CURVE('',#1557,#1555,#1699,.T.);
#1298=EDGE_CURVE('',#1482,#1556,#1700,.T.);
#1299=EDGE_CURVE('',#1481,#1557,#1701,.T.);
#1300=EDGE_CURVE('',#1558,#1475,#1702,.T.);
#1301=EDGE_CURVE('',#1559,#1558,#279,.T.);
#1302=EDGE_CURVE('',#1559,#1476,#1703,.T.);
#1303=EDGE_CURVE('',#1560,#1558,#1704,.T.);
#1304=EDGE_CURVE('',#1561,#1560,#280,.T.);
#1305=EDGE_CURVE('',#1561,#1559,#1705,.T.);
#1306=EDGE_CURVE('',#1562,#1560,#134,.F.);
#1307=EDGE_CURVE('',#1563,#1562,#281,.T.);
#1308=EDGE_CURVE('',#1563,#1561,#135,.F.);
#1309=EDGE_CURVE('',#1564,#1562,#1706,.T.);
#1310=EDGE_CURVE('',#1565,#1564,#282,.T.);
#1311=EDGE_CURVE('',#1565,#1563,#1707,.T.);
#1312=EDGE_CURVE('',#1478,#1564,#1708,.T.);
#1313=EDGE_CURVE('',#1477,#1565,#1709,.T.);
#1314=EDGE_CURVE('',#1566,#1471,#1710,.T.);
#1315=EDGE_CURVE('',#1567,#1566,#283,.T.);
#1316=EDGE_CURVE('',#1567,#1472,#1711,.T.);
#1317=EDGE_CURVE('',#1568,#1566,#1712,.T.);
#1318=EDGE_CURVE('',#1569,#1568,#284,.T.);
#1319=EDGE_CURVE('',#1569,#1567,#1713,.T.);
#1320=EDGE_CURVE('',#1570,#1568,#136,.F.);
#1321=EDGE_CURVE('',#1571,#1570,#285,.T.);
#1322=EDGE_CURVE('',#1571,#1569,#137,.F.);
#1323=EDGE_CURVE('',#1572,#1570,#1714,.T.);
#1324=EDGE_CURVE('',#1573,#1572,#286,.T.);
#1325=EDGE_CURVE('',#1573,#1571,#1715,.T.);
#1326=EDGE_CURVE('',#1474,#1572,#1716,.T.);
#1327=EDGE_CURVE('',#1473,#1573,#1717,.T.);
#1328=EDGE_CURVE('',#1574,#1467,#1718,.T.);
#1329=EDGE_CURVE('',#1575,#1574,#287,.T.);
#1330=EDGE_CURVE('',#1575,#1468,#1719,.T.);
#1331=EDGE_CURVE('',#1576,#1574,#1720,.T.);
#1332=EDGE_CURVE('',#1577,#1576,#288,.T.);
#1333=EDGE_CURVE('',#1577,#1575,#1721,.T.);
#1334=EDGE_CURVE('',#1578,#1576,#138,.F.);
#1335=EDGE_CURVE('',#1579,#1578,#289,.T.);
#1336=EDGE_CURVE('',#1579,#1577,#139,.F.);
#1337=EDGE_CURVE('',#1580,#1578,#1722,.T.);
#1338=EDGE_CURVE('',#1581,#1580,#290,.T.);
#1339=EDGE_CURVE('',#1581,#1579,#1723,.T.);
#1340=EDGE_CURVE('',#1470,#1580,#1724,.T.);
#1341=EDGE_CURVE('',#1469,#1581,#1725,.T.);
#1342=EDGE_CURVE('',#1582,#1463,#1726,.T.);
#1343=EDGE_CURVE('',#1583,#1582,#291,.T.);
#1344=EDGE_CURVE('',#1583,#1464,#1727,.T.);
#1345=EDGE_CURVE('',#1584,#1582,#1728,.T.);
#1346=EDGE_CURVE('',#1585,#1584,#292,.T.);
#1347=EDGE_CURVE('',#1585,#1583,#1729,.T.);
#1348=EDGE_CURVE('',#1586,#1584,#140,.F.);
#1349=EDGE_CURVE('',#1587,#1586,#293,.T.);
#1350=EDGE_CURVE('',#1587,#1585,#141,.F.);
#1351=EDGE_CURVE('',#1588,#1586,#1730,.T.);
#1352=EDGE_CURVE('',#1589,#1588,#294,.T.);
#1353=EDGE_CURVE('',#1589,#1587,#1731,.T.);
#1354=EDGE_CURVE('',#1466,#1588,#1732,.T.);
#1355=EDGE_CURVE('',#1465,#1589,#1733,.T.);
#1356=EDGE_CURVE('',#1590,#1458,#1734,.T.);
#1357=EDGE_CURVE('',#1591,#1590,#295,.T.);
#1358=EDGE_CURVE('',#1591,#1460,#1735,.T.);
#1359=EDGE_CURVE('',#1592,#1590,#1736,.T.);
#1360=EDGE_CURVE('',#1593,#1592,#296,.T.);
#1361=EDGE_CURVE('',#1593,#1591,#1737,.T.);
#1362=EDGE_CURVE('',#1594,#1592,#142,.F.);
#1363=EDGE_CURVE('',#1595,#1594,#297,.T.);
#1364=EDGE_CURVE('',#1595,#1593,#143,.F.);
#1365=EDGE_CURVE('',#1596,#1594,#1738,.T.);
#1366=EDGE_CURVE('',#1597,#1596,#298,.T.);
#1367=EDGE_CURVE('',#1597,#1595,#1739,.T.);
#1368=EDGE_CURVE('',#1462,#1596,#1740,.T.);
#1369=EDGE_CURVE('',#1461,#1597,#1741,.T.);
#1370=EDGE_CURVE('',#1598,#1507,#1742,.T.);
#1371=EDGE_CURVE('',#1599,#1598,#299,.T.);
#1372=EDGE_CURVE('',#1599,#1508,#1743,.T.);
#1373=EDGE_CURVE('',#1600,#1598,#1744,.T.);
#1374=EDGE_CURVE('',#1601,#1600,#300,.T.);
#1375=EDGE_CURVE('',#1601,#1599,#1745,.T.);
#1376=EDGE_CURVE('',#1602,#1600,#144,.F.);
#1377=EDGE_CURVE('',#1603,#1602,#301,.T.);
#1378=EDGE_CURVE('',#1603,#1601,#145,.F.);
#1379=EDGE_CURVE('',#1604,#1602,#1746,.T.);
#1380=EDGE_CURVE('',#1605,#1604,#302,.T.);
#1381=EDGE_CURVE('',#1605,#1603,#1747,.T.);
#1382=EDGE_CURVE('',#1459,#1604,#1748,.T.);
#1383=EDGE_CURVE('',#1509,#1605,#1749,.T.);
#1384=EDGE_CURVE('',#1606,#1503,#1750,.T.);
#1385=EDGE_CURVE('',#1607,#1606,#303,.T.);
#1386=EDGE_CURVE('',#1607,#1504,#1751,.T.);
#1387=EDGE_CURVE('',#1608,#1606,#1752,.T.);
#1388=EDGE_CURVE('',#1609,#1608,#304,.T.);
#1389=EDGE_CURVE('',#1609,#1607,#1753,.T.);
#1390=EDGE_CURVE('',#1610,#1608,#146,.F.);
#1391=EDGE_CURVE('',#1611,#1610,#305,.T.);
#1392=EDGE_CURVE('',#1611,#1609,#147,.F.);
#1393=EDGE_CURVE('',#1612,#1610,#1754,.T.);
#1394=EDGE_CURVE('',#1613,#1612,#306,.T.);
#1395=EDGE_CURVE('',#1613,#1611,#1755,.T.);
#1396=EDGE_CURVE('',#1506,#1612,#1756,.T.);
#1397=EDGE_CURVE('',#1505,#1613,#1757,.T.);
#1398=EDGE_CURVE('',#1614,#1614,#148,.T.);
#1399=EDGE_CURVE('',#1615,#1615,#149,.T.);
#1400=EDGE_CURVE('',#1616,#1616,#150,.T.);
#1401=EDGE_CURVE('',#1617,#1617,#151,.T.);
#1402=VERTEX_POINT('',#2881);
#1403=VERTEX_POINT('',#2882);
#1404=VERTEX_POINT('',#2884);
#1405=VERTEX_POINT('',#2900);
#1406=VERTEX_POINT('',#2933);
#1407=VERTEX_POINT('',#2934);
#1408=VERTEX_POINT('',#2936);
#1409=VERTEX_POINT('',#2952);
#1410=VERTEX_POINT('',#2988);
#1411=VERTEX_POINT('',#3004);
#1412=VERTEX_POINT('',#3037);
#1413=VERTEX_POINT('',#3038);
#1414=VERTEX_POINT('',#3040);
#1415=VERTEX_POINT('',#3056);
#1416=VERTEX_POINT('',#3092);
#1417=VERTEX_POINT('',#3108);
#1418=VERTEX_POINT('',#3141);
#1419=VERTEX_POINT('',#3142);
#1420=VERTEX_POINT('',#3144);
#1421=VERTEX_POINT('',#3160);
#1422=VERTEX_POINT('',#3193);
#1423=VERTEX_POINT('',#3194);
#1424=VERTEX_POINT('',#3196);
#1425=VERTEX_POINT('',#3212);
#1426=VERTEX_POINT('',#3248);
#1427=VERTEX_POINT('',#3264);
#1428=VERTEX_POINT('',#3297);
#1429=VERTEX_POINT('',#3298);
#1430=VERTEX_POINT('',#3300);
#1431=VERTEX_POINT('',#3316);
#1432=VERTEX_POINT('',#3349);
#1433=VERTEX_POINT('',#3350);
#1434=VERTEX_POINT('',#3352);
#1435=VERTEX_POINT('',#3368);
#1436=VERTEX_POINT('',#3404);
#1437=VERTEX_POINT('',#3406);
#1438=VERTEX_POINT('',#3456);
#1439=VERTEX_POINT('',#3458);
#1440=VERTEX_POINT('',#3508);
#1441=VERTEX_POINT('',#3524);
#1442=VERTEX_POINT('',#3557);
#1443=VERTEX_POINT('',#3558);
#1444=VERTEX_POINT('',#3560);
#1445=VERTEX_POINT('',#3576);
#1446=VERTEX_POINT('',#3609);
#1447=VERTEX_POINT('',#3610);
#1448=VERTEX_POINT('',#3612);
#1449=VERTEX_POINT('',#3628);
#1450=VERTEX_POINT('',#3664);
#1451=VERTEX_POINT('',#3666);
#1452=VERTEX_POINT('',#3716);
#1453=VERTEX_POINT('',#3732);
#1454=VERTEX_POINT('',#3765);
#1455=VERTEX_POINT('',#3767);
#1456=VERTEX_POINT('',#3788);
#1457=VERTEX_POINT('',#3800);
#1458=VERTEX_POINT('',#3802);
#1459=VERTEX_POINT('',#3803);
#1460=VERTEX_POINT('',#3805);
#1461=VERTEX_POINT('',#3807);
#1462=VERTEX_POINT('',#3809);
#1463=VERTEX_POINT('',#3811);
#1464=VERTEX_POINT('',#3813);
#1465=VERTEX_POINT('',#3815);
#1466=VERTEX_POINT('',#3817);
#1467=VERTEX_POINT('',#3819);
#1468=VERTEX_POINT('',#3821);
#1469=VERTEX_POINT('',#3823);
#1470=VERTEX_POINT('',#3825);
#1471=VERTEX_POINT('',#3827);
#1472=VERTEX_POINT('',#3829);
#1473=VERTEX_POINT('',#3831);
#1474=VERTEX_POINT('',#3833);
#1475=VERTEX_POINT('',#3835);
#1476=VERTEX_POINT('',#3837);
#1477=VERTEX_POINT('',#3839);
#1478=VERTEX_POINT('',#3841);
#1479=VERTEX_POINT('',#3843);
#1480=VERTEX_POINT('',#3845);
#1481=VERTEX_POINT('',#3847);
#1482=VERTEX_POINT('',#3849);
#1483=VERTEX_POINT('',#3851);
#1484=VERTEX_POINT('',#3853);
#1485=VERTEX_POINT('',#3855);
#1486=VERTEX_POINT('',#3857);
#1487=VERTEX_POINT('',#3859);
#1488=VERTEX_POINT('',#3861);
#1489=VERTEX_POINT('',#3863);
#1490=VERTEX_POINT('',#3865);
#1491=VERTEX_POINT('',#3867);
#1492=VERTEX_POINT('',#3869);
#1493=VERTEX_POINT('',#3871);
#1494=VERTEX_POINT('',#3873);
#1495=VERTEX_POINT('',#3875);
#1496=VERTEX_POINT('',#3877);
#1497=VERTEX_POINT('',#3879);
#1498=VERTEX_POINT('',#3881);
#1499=VERTEX_POINT('',#3883);
#1500=VERTEX_POINT('',#3885);
#1501=VERTEX_POINT('',#3887);
#1502=VERTEX_POINT('',#3889);
#1503=VERTEX_POINT('',#3891);
#1504=VERTEX_POINT('',#3893);
#1505=VERTEX_POINT('',#3895);
#1506=VERTEX_POINT('',#3897);
#1507=VERTEX_POINT('',#3899);
#1508=VERTEX_POINT('',#3901);
#1509=VERTEX_POINT('',#3903);
#1510=VERTEX_POINT('',#3910);
#1511=VERTEX_POINT('',#3912);
#1512=VERTEX_POINT('',#3922);
#1513=VERTEX_POINT('',#3924);
#1514=VERTEX_POINT('',#3932);
#1515=VERTEX_POINT('',#3934);
#1516=VERTEX_POINT('',#3941);
#1517=VERTEX_POINT('',#3943);
#1518=VERTEX_POINT('',#3963);
#1519=VERTEX_POINT('',#3965);
#1520=VERTEX_POINT('',#3975);
#1521=VERTEX_POINT('',#3977);
#1522=VERTEX_POINT('',#3985);
#1523=VERTEX_POINT('',#3987);
#1524=VERTEX_POINT('',#3994);
#1525=VERTEX_POINT('',#3996);
#1526=VERTEX_POINT('',#4016);
#1527=VERTEX_POINT('',#4018);
#1528=VERTEX_POINT('',#4028);
#1529=VERTEX_POINT('',#4030);
#1530=VERTEX_POINT('',#4038);
#1531=VERTEX_POINT('',#4040);
#1532=VERTEX_POINT('',#4047);
#1533=VERTEX_POINT('',#4049);
#1534=VERTEX_POINT('',#4066);
#1535=VERTEX_POINT('',#4067);
#1536=VERTEX_POINT('',#4069);
#1537=VERTEX_POINT('',#4071);
#1538=VERTEX_POINT('',#4078);
#1539=VERTEX_POINT('',#4080);
#1540=VERTEX_POINT('',#4100);
#1541=VERTEX_POINT('',#4102);
#1542=VERTEX_POINT('',#4122);
#1543=VERTEX_POINT('',#4124);
#1544=VERTEX_POINT('',#4134);
#1545=VERTEX_POINT('',#4136);
#1546=VERTEX_POINT('',#4144);
#1547=VERTEX_POINT('',#4146);
#1548=VERTEX_POINT('',#4153);
#1549=VERTEX_POINT('',#4155);
#1550=VERTEX_POINT('',#4175);
#1551=VERTEX_POINT('',#4177);
#1552=VERTEX_POINT('',#4187);
#1553=VERTEX_POINT('',#4189);
#1554=VERTEX_POINT('',#4197);
#1555=VERTEX_POINT('',#4199);
#1556=VERTEX_POINT('',#4206);
#1557=VERTEX_POINT('',#4208);
#1558=VERTEX_POINT('',#4228);
#1559=VERTEX_POINT('',#4230);
#1560=VERTEX_POINT('',#4240);
#1561=VERTEX_POINT('',#4242);
#1562=VERTEX_POINT('',#4250);
#1563=VERTEX_POINT('',#4252);
#1564=VERTEX_POINT('',#4259);
#1565=VERTEX_POINT('',#4261);
#1566=VERTEX_POINT('',#4281);
#1567=VERTEX_POINT('',#4283);
#1568=VERTEX_POINT('',#4293);
#1569=VERTEX_POINT('',#4295);
#1570=VERTEX_POINT('',#4303);
#1571=VERTEX_POINT('',#4305);
#1572=VERTEX_POINT('',#4312);
#1573=VERTEX_POINT('',#4314);
#1574=VERTEX_POINT('',#4334);
#1575=VERTEX_POINT('',#4336);
#1576=VERTEX_POINT('',#4346);
#1577=VERTEX_POINT('',#4348);
#1578=VERTEX_POINT('',#4356);
#1579=VERTEX_POINT('',#4358);
#1580=VERTEX_POINT('',#4365);
#1581=VERTEX_POINT('',#4367);
#1582=VERTEX_POINT('',#4387);
#1583=VERTEX_POINT('',#4389);
#1584=VERTEX_POINT('',#4399);
#1585=VERTEX_POINT('',#4401);
#1586=VERTEX_POINT('',#4409);
#1587=VERTEX_POINT('',#4411);
#1588=VERTEX_POINT('',#4418);
#1589=VERTEX_POINT('',#4420);
#1590=VERTEX_POINT('',#4440);
#1591=VERTEX_POINT('',#4442);
#1592=VERTEX_POINT('',#4452);
#1593=VERTEX_POINT('',#4454);
#1594=VERTEX_POINT('',#4462);
#1595=VERTEX_POINT('',#4464);
#1596=VERTEX_POINT('',#4471);
#1597=VERTEX_POINT('',#4473);
#1598=VERTEX_POINT('',#4493);
#1599=VERTEX_POINT('',#4495);
#1600=VERTEX_POINT('',#4505);
#1601=VERTEX_POINT('',#4507);
#1602=VERTEX_POINT('',#4515);
#1603=VERTEX_POINT('',#4517);
#1604=VERTEX_POINT('',#4524);
#1605=VERTEX_POINT('',#4526);
#1606=VERTEX_POINT('',#4546);
#1607=VERTEX_POINT('',#4548);
#1608=VERTEX_POINT('',#4558);
#1609=VERTEX_POINT('',#4560);
#1610=VERTEX_POINT('',#4568);
#1611=VERTEX_POINT('',#4570);
#1612=VERTEX_POINT('',#4577);
#1613=VERTEX_POINT('',#4579);
#1614=VERTEX_POINT('',#4596);
#1615=VERTEX_POINT('',#4598);
#1616=VERTEX_POINT('',#4616);
#1617=VERTEX_POINT('',#4629);
#1618=B_SPLINE_CURVE_WITH_KNOTS('',3,(#2870,#2871,#2872,#2873,#2874,#2875,
#2876,#2877,#2878,#2879,#2880),.UNSPECIFIED.,.F.,.F.,(4,1,1,1,1,1,1,1,4),
(0.,0.000408295347646508,0.000816590695293017,0.00102073836911627,0.00122488604293953,
0.00163318139058603,0.00204147673823254,0.00244977208587905,0.00326636278117207),
 .UNSPECIFIED.);
#1619=B_SPLINE_CURVE_WITH_KNOTS('',3,(#2885,#2886,#2887,#2888,#2889,#2890,
#2891,#2892,#2893,#2894,#2895,#2896,#2897,#2898,#2899),.UNSPECIFIED.,.F.,
 .F.,(4,1,1,1,1,1,1,1,1,1,1,1,4),(1.73472347597681E-18,0.00196092367920633,
0.00392184735841265,0.00490230919801581,0.00539254011781739,0.00588277103761898,
0.00637300195742056,0.00661811741732135,0.00686323287722214,0.00710834833712293,
0.00735346379702372,0.00759857925692451,0.0078436947168253),
 .UNSPECIFIED.);
#1620=B_SPLINE_CURVE_WITH_KNOTS('',3,(#2922,#2923,#2924,#2925,#2926,#2927,
#2928,#2929,#2930,#2931,#2932),.UNSPECIFIED.,.F.,.F.,(4,1,1,1,1,1,1,1,4),
(1.32763024118411E-16,0.000814816889042234,0.00122222533356329,0.00162963377808434,
0.00203704222260539,0.00224074644486591,0.00244445066712644,0.00285185911164749,
0.00325926755616854),.UNSPECIFIED.);
#1621=B_SPLINE_CURVE_WITH_KNOTS('',3,(#2937,#2938,#2939,#2940,#2941,#2942,
#2943,#2944,#2945,#2946,#2947,#2948,#2949,#2950,#2951),.UNSPECIFIED.,.F.,
 .F.,(4,1,1,1,1,1,1,1,1,1,1,1,4),(0.,0.000246339038994734,0.000492678077989467,
0.000739017116984201,0.000985356155978934,0.00123169519497367,0.0014780342339684,
0.00197071231195787,0.00246339038994734,0.0029560684679368,0.00394142462391574,
0.0059121369358736,0.00788284924783147),.UNSPECIFIED.);
#1622=B_SPLINE_CURVE_WITH_KNOTS('',3,(#2977,#2978,#2979,#2980,#2981,#2982,
#2983,#2984,#2985,#2986,#2987),.UNSPECIFIED.,.F.,.F.,(4,1,1,1,1,1,1,1,4),
(0.,0.000408295347646506,0.000816590695293012,0.00102073836911627,0.00122488604293952,
0.00163318139058602,0.00204147673823253,0.00244977208587904,0.00326636278117205),
 .UNSPECIFIED.);
#1623=B_SPLINE_CURVE_WITH_KNOTS('',3,(#2989,#2990,#2991,#2992,#2993,#2994,
#2995,#2996,#2997,#2998,#2999,#3000,#3001,#3002,#3003),.UNSPECIFIED.,.F.,
 .F.,(4,1,1,1,1,1,1,1,1,1,1,1,4),(0.,0.00196092367920633,0.00392184735841265,
0.00490230919801582,0.0053925401178174,0.00588277103761898,0.00637300195742056,
0.00661811741732135,0.00686323287722214,0.00710834833712294,0.00735346379702373,
0.00759857925692452,0.00784369471682531),.UNSPECIFIED.);
#1624=B_SPLINE_CURVE_WITH_KNOTS('',3,(#3026,#3027,#3028,#3029,#3030,#3031,
#3032,#3033,#3034,#3035,#3036),.UNSPECIFIED.,.F.,.F.,(4,1,1,1,1,1,1,1,4),
(1.26713922799523E-16,0.000814816889042232,0.00122222533356328,0.00162963377808434,
0.00203704222260539,0.00224074644486592,0.00244445066712644,0.00285185911164749,
0.00325926755616855),.UNSPECIFIED.);
#1625=B_SPLINE_CURVE_WITH_KNOTS('',3,(#3041,#3042,#3043,#3044,#3045,#3046,
#3047,#3048,#3049,#3050,#3051,#3052,#3053,#3054,#3055),.UNSPECIFIED.,.F.,
 .F.,(4,1,1,1,1,1,1,1,1,1,1,1,4),(0.,0.000246339038994735,0.000492678077989469,
0.000739017116984204,0.000985356155978939,0.00123169519497367,0.00147803423396841,
0.00197071231195788,0.00246339038994735,0.00295606846793682,0.00394142462391575,
0.00591213693587363,0.00788284924783151),.UNSPECIFIED.);
#1626=B_SPLINE_CURVE_WITH_KNOTS('',3,(#3081,#3082,#3083,#3084,#3085,#3086,
#3087,#3088,#3089,#3090,#3091),.UNSPECIFIED.,.F.,.F.,(4,1,1,1,1,1,1,1,4),
(8.67361737988404E-19,0.000408295347646485,0.00081659069529297,0.00102073836911621,
0.00122488604293945,0.00163318139058594,0.00204147673823242,0.00244977208587891,
0.00326636278117188),.UNSPECIFIED.);
#1627=B_SPLINE_CURVE_WITH_KNOTS('',3,(#3093,#3094,#3095,#3096,#3097,#3098,
#3099,#3100,#3101,#3102,#3103,#3104,#3105,#3106,#3107),.UNSPECIFIED.,.F.,
 .F.,(4,1,1,1,1,1,1,1,1,1,1,1,4),(0.,0.00196092367920632,0.00392184735841264,
0.00490230919801579,0.00539254011781737,0.00588277103761895,0.00637300195742053,
0.00661811741732132,0.00686323287722211,0.0071083483371229,0.00735346379702369,
0.00759857925692448,0.00784369471682527),.UNSPECIFIED.);
#1628=B_SPLINE_CURVE_WITH_KNOTS('',3,(#3130,#3131,#3132,#3133,#3134,#3135,
#3136,#3137,#3138,#3139,#3140),.UNSPECIFIED.,.F.,.F.,(4,1,1,1,1,1,1,1,4),
(5.05754456963979E-18,0.00040829534764647,0.000816590695292935,0.00102073836911617,
0.0012248860429394,0.00163318139058586,0.00204147673823233,0.00244977208587879,
0.00326636278117172),.UNSPECIFIED.);
#1629=B_SPLINE_CURVE_WITH_KNOTS('',3,(#3145,#3146,#3147,#3148,#3149,#3150,
#3151,#3152,#3153,#3154,#3155,#3156,#3157,#3158,#3159),.UNSPECIFIED.,.F.,
 .F.,(4,1,1,1,1,1,1,1,1,1,1,1,4),(3.60242385527828E-18,0.00196092367920632,
0.00392184735841264,0.0049023091980158,0.00539254011781738,0.00588277103761896,
0.00637300195742054,0.00661811741732133,0.00686323287722212,0.00710834833712291,
0.0073534637970237,0.00759857925692449,0.00784369471682528),
 .UNSPECIFIED.);
#1630=B_SPLINE_CURVE_WITH_KNOTS('',3,(#3182,#3183,#3184,#3185,#3186,#3187,
#3188,#3189,#3190,#3191,#3192),.UNSPECIFIED.,.F.,.F.,(4,1,1,1,1,1,1,1,4),
(1.26523559892678E-16,0.000814816889042235,0.00122222533356329,0.00162963377808434,
0.0020370422226054,0.00224074644486592,0.00244445066712645,0.00285185911164751,
0.00325926755616856),.UNSPECIFIED.);
#1631=B_SPLINE_CURVE_WITH_KNOTS('',3,(#3197,#3198,#3199,#3200,#3201,#3202,
#3203,#3204,#3205,#3206,#3207,#3208,#3209,#3210,#3211),.UNSPECIFIED.,.F.,
 .F.,(4,1,1,1,1,1,1,1,1,1,1,1,4),(1.95156391047391E-18,0.000246339038994722,
0.000492678077989443,0.000739017116984163,0.000985356155978883,0.0012316951949736,
0.00147803423396832,0.00197071231195776,0.0024633903899472,0.00295606846793665,
0.00394142462391553,0.00591213693587329,0.00788284924783105),
 .UNSPECIFIED.);
#1632=B_SPLINE_CURVE_WITH_KNOTS('',3,(#3237,#3238,#3239,#3240,#3241,#3242,
#3243,#3244,#3245,#3246,#3247),.UNSPECIFIED.,.F.,.F.,(4,1,1,1,1,1,1,1,4),
(2.33544295323508E-18,0.000408295347646446,0.00081659069529289,0.00102073836911611,
0.00122488604293933,0.00163318139058578,0.00204147673823222,0.00244977208587866,
0.00326636278117155),.UNSPECIFIED.);
#1633=B_SPLINE_CURVE_WITH_KNOTS('',3,(#3249,#3250,#3251,#3252,#3253,#3254,
#3255,#3256,#3257,#3258,#3259,#3260,#3261,#3262,#3263),.UNSPECIFIED.,.F.,
 .F.,(4,1,1,1,1,1,1,1,1,1,1,1,4),(1.93947980722443E-18,0.00196092367920632,
0.00392184735841263,0.00490230919801579,0.00539254011781737,0.00588277103761895,
0.00637300195742052,0.00661811741732131,0.0068632328772221,0.00710834833712289,
0.00735346379702368,0.00759857925692447,0.00784369471682526),
 .UNSPECIFIED.);
#1634=B_SPLINE_CURVE_WITH_KNOTS('',3,(#3286,#3287,#3288,#3289,#3290,#3291,
#3292,#3293,#3294,#3295,#3296),.UNSPECIFIED.,.F.,.F.,(4,1,1,1,1,1,1,1,4),
(0.,0.000408295347646507,0.000816590695293013,0.00102073836911627,0.00122488604293952,
0.00163318139058603,0.00204147673823253,0.00244977208587904,0.00326636278117205),
 .UNSPECIFIED.);
#1635=B_SPLINE_CURVE_WITH_KNOTS('',3,(#3301,#3302,#3303,#3304,#3305,#3306,
#3307,#3308,#3309,#3310,#3311,#3312,#3313,#3314,#3315),.UNSPECIFIED.,.F.,
 .F.,(4,1,1,1,1,1,1,1,1,1,1,1,4),(0.,0.00196092367920631,0.00392184735841262,
0.00490230919801577,0.00539254011781735,0.00588277103761893,0.00637300195742051,
0.0066181174173213,0.00686323287722208,0.00710834833712287,0.00735346379702366,
0.00759857925692445,0.00784369471682524),.UNSPECIFIED.);
#1636=B_SPLINE_CURVE_WITH_KNOTS('',3,(#3338,#3339,#3340,#3341,#3342,#3343,
#3344,#3345,#3346,#3347,#3348),.UNSPECIFIED.,.F.,.F.,(4,1,1,1,1,1,1,1,4),
(0.,0.000814816889042138,0.00122222533356321,0.00162963377808428,0.00203704222260534,
0.00224074644486588,0.00244445066712641,0.00285185911164748,0.00325926755616855),
 .UNSPECIFIED.);
#1637=B_SPLINE_CURVE_WITH_KNOTS('',3,(#3353,#3354,#3355,#3356,#3357,#3358,
#3359,#3360,#3361,#3362,#3363,#3364,#3365,#3366,#3367),.UNSPECIFIED.,.F.,
 .F.,(4,1,1,1,1,1,1,1,1,1,1,1,4),(2.11544167644551E-50,0.000246339038994733,
0.000492678077989465,0.000739017116984198,0.00098535615597893,0.00123169519497366,
0.0014780342339684,0.00197071231195786,0.00246339038994733,0.00295606846793679,
0.00394142462391572,0.00591213693587358,0.00788284924783144),
 .UNSPECIFIED.);
#1638=B_SPLINE_CURVE_WITH_KNOTS('',3,(#3393,#3394,#3395,#3396,#3397,#3398,
#3399,#3400,#3401,#3402,#3403),.UNSPECIFIED.,.F.,.F.,(4,1,1,1,1,1,1,1,4),
(0.,0.000814816889042139,0.00122222533356321,0.00162963377808428,0.00203704222260535,
0.00224074644486588,0.00244445066712642,0.00285185911164749,0.00325926755616856),
 .UNSPECIFIED.);
#1639=B_SPLINE_CURVE_WITH_KNOTS('',3,(#3407,#3408,#3409,#3410,#3411,#3412,
#3413,#3414,#3415,#3416,#3417,#3418,#3419,#3420,#3421),.UNSPECIFIED.,.F.,
 .F.,(4,1,1,1,1,1,1,1,1,1,1,1,4),(0.,0.000246339038994729,0.000492678077989457,
0.000739017116984186,0.000985356155978914,0.00123169519497364,0.00147803423396837,
0.00197071231195783,0.00246339038994729,0.00295606846793674,0.00394142462391566,
0.00591213693587349,0.00788284924783132),.UNSPECIFIED.);
#1640=B_SPLINE_CURVE_WITH_KNOTS('',3,(#3445,#3446,#3447,#3448,#3449,#3450,
#3451,#3452,#3453,#3454,#3455),.UNSPECIFIED.,.F.,.F.,(4,1,1,1,1,1,1,1,4),
(1.23938678140673E-16,0.000814816889042228,0.00122222533356328,0.00162963377808433,
0.00203704222260538,0.00224074644486591,0.00244445066712644,0.00285185911164749,
0.00325926755616854),.UNSPECIFIED.);
#1641=B_SPLINE_CURVE_WITH_KNOTS('',3,(#3459,#3460,#3461,#3462,#3463,#3464,
#3465,#3466,#3467,#3468,#3469,#3470,#3471,#3472,#3473),.UNSPECIFIED.,.F.,
 .F.,(4,1,1,1,1,1,1,1,1,1,1,1,4),(0.,0.000246339038994721,0.000492678077989443,
0.000739017116984164,0.000985356155978885,0.00123169519497361,0.00147803423396833,
0.00197071231195777,0.00246339038994721,0.00295606846793666,0.00394142462391554,
0.00591213693587331,0.00788284924783108),.UNSPECIFIED.);
#1642=B_SPLINE_CURVE_WITH_KNOTS('',3,(#3497,#3498,#3499,#3500,#3501,#3502,
#3503,#3504,#3505,#3506,#3507),.UNSPECIFIED.,.F.,.F.,(4,1,1,1,1,1,1,1,4),
(5.00741785540681E-33,0.000408295347646498,0.000816590695292996,0.00102073836911624,
0.00122488604293949,0.00163318139058599,0.00204147673823249,0.00244977208587899,
0.00326636278117198),.UNSPECIFIED.);
#1643=B_SPLINE_CURVE_WITH_KNOTS('',3,(#3509,#3510,#3511,#3512,#3513,#3514,
#3515,#3516,#3517,#3518,#3519,#3520,#3521,#3522,#3523),.UNSPECIFIED.,.F.,
 .F.,(4,1,1,1,1,1,1,1,1,1,1,1,4),(0.,0.00196092367920632,0.00392184735841264,
0.0049023091980158,0.00539254011781738,0.00588277103761896,0.00637300195742054,
0.00661811741732133,0.00686323287722212,0.00710834833712291,0.0073534637970237,
0.00759857925692449,0.00784369471682528),.UNSPECIFIED.);
#1644=B_SPLINE_CURVE_WITH_KNOTS('',3,(#3546,#3547,#3548,#3549,#3550,#3551,
#3552,#3553,#3554,#3555,#3556),.UNSPECIFIED.,.F.,.F.,(4,1,1,1,1,1,1,1,4),
(0.,0.000408295347646442,0.000816590695292885,0.00102073836911611,0.00122488604293933,
0.00163318139058577,0.00204147673823221,0.00244977208587865,0.00326636278117154),
 .UNSPECIFIED.);
#1645=B_SPLINE_CURVE_WITH_KNOTS('',3,(#3561,#3562,#3563,#3564,#3565,#3566,
#3567,#3568,#3569,#3570,#3571,#3572,#3573,#3574,#3575),.UNSPECIFIED.,.F.,
 .F.,(4,1,1,1,1,1,1,1,1,1,1,1,4),(1.78811203067275E-18,0.00196092367920633,
0.00392184735841266,0.00490230919801582,0.00539254011781741,0.00588277103761899,
0.00637300195742057,0.00661811741732136,0.00686323287722215,0.00710834833712294,
0.00735346379702373,0.00759857925692453,0.00784369471682532),
 .UNSPECIFIED.);
#1646=B_SPLINE_CURVE_WITH_KNOTS('',3,(#3598,#3599,#3600,#3601,#3602,#3603,
#3604,#3605,#3606,#3607,#3608),.UNSPECIFIED.,.F.,.F.,(4,1,1,1,1,1,1,1,4),
(0.,0.000814816889042139,0.00122222533356321,0.00162963377808428,0.00203704222260535,
0.00224074644486588,0.00244445066712642,0.00285185911164749,0.00325926755616856),
 .UNSPECIFIED.);
#1647=B_SPLINE_CURVE_WITH_KNOTS('',3,(#3613,#3614,#3615,#3616,#3617,#3618,
#3619,#3620,#3621,#3622,#3623,#3624,#3625,#3626,#3627),.UNSPECIFIED.,.F.,
 .F.,(4,1,1,1,1,1,1,1,1,1,1,1,4),(0.,0.000246339038994728,0.000492678077989456,
0.000739017116984185,0.000985356155978913,0.00123169519497364,0.00147803423396837,
0.00197071231195783,0.00246339038994728,0.00295606846793674,0.00394142462391565,
0.00591213693587348,0.0078828492478313),.UNSPECIFIED.);
#1648=B_SPLINE_CURVE_WITH_KNOTS('',3,(#3653,#3654,#3655,#3656,#3657,#3658,
#3659,#3660,#3661,#3662,#3663),.UNSPECIFIED.,.F.,.F.,(4,1,1,1,1,1,1,1,4),
(0.,0.000814816889042136,0.0012222253335632,0.00162963377808427,0.00203704222260534,
0.00224074644486587,0.00244445066712641,0.00285185911164748,0.00325926755616854),
 .UNSPECIFIED.);
#1649=B_SPLINE_CURVE_WITH_KNOTS('',3,(#3667,#3668,#3669,#3670,#3671,#3672,
#3673,#3674,#3675,#3676,#3677,#3678,#3679,#3680,#3681),.UNSPECIFIED.,.F.,
 .F.,(4,1,1,1,1,1,1,1,1,1,1,1,4),(8.7168775853027E-18,0.000246339038994738,
0.000492678077989468,0.000739017116984197,0.000985356155978927,0.00123169519497366,
0.00147803423396839,0.00197071231195784,0.0024633903899473,0.00295606846793676,
0.00394142462391568,0.00591213693587352,0.00788284924783135),
 .UNSPECIFIED.);
#1650=B_SPLINE_CURVE_WITH_KNOTS('',3,(#3705,#3706,#3707,#3708,#3709,#3710,
#3711,#3712,#3713,#3714,#3715),.UNSPECIFIED.,.F.,.F.,(4,1,1,1,1,1,1,1,4),
(0.,0.000408295347646497,0.000816590695292994,0.00102073836911624,0.00122488604293949,
0.00163318139058599,0.00204147673823248,0.00244977208587898,0.00326636278117198),
 .UNSPECIFIED.);
#1651=B_SPLINE_CURVE_WITH_KNOTS('',3,(#3717,#3718,#3719,#3720,#3721,#3722,
#3723,#3724,#3725,#3726,#3727,#3728,#3729,#3730,#3731),.UNSPECIFIED.,.F.,
 .F.,(4,1,1,1,1,1,1,1,1,1,1,1,4),(0.,0.00196092367920633,0.00392184735841266,
0.00490230919801582,0.0053925401178174,0.00588277103761899,0.00637300195742057,
0.00661811741732136,0.00686323287722215,0.00710834833712294,0.00735346379702373,
0.00759857925692452,0.00784369471682531),.UNSPECIFIED.);
#1652=B_SPLINE_CURVE_WITH_KNOTS('',3,(#3754,#3755,#3756,#3757,#3758,#3759,
#3760,#3761,#3762,#3763,#3764),.UNSPECIFIED.,.F.,.F.,(4,1,1,1,1,1,1,1,4),
(1.2601414645254E-16,0.000814816889042227,0.00122222533356328,0.00162963377808433,
0.00203704222260538,0.0022407464448659,0.00244445066712643,0.00285185911164748,
0.00325926755616853),.UNSPECIFIED.);
#1653=B_SPLINE_CURVE_WITH_KNOTS('',3,(#3768,#3769,#3770,#3771,#3772,#3773,
#3774,#3775,#3776,#3777,#3778,#3779,#3780,#3781,#3782),.UNSPECIFIED.,.F.,
 .F.,(4,1,1,1,1,1,1,1,1,1,1,1,4),(4.67088590647017E-18,0.000246339038994733,
0.00049267807798946,0.000739017116984188,0.000985356155978916,0.00123169519497364,
0.00147803423396837,0.00197071231195783,0.00246339038994728,0.00295606846793674,
0.00394142462391565,0.00591213693587347,0.00788284924783129),
 .UNSPECIFIED.);
#1654=B_SPLINE_CURVE_WITH_KNOTS('',3,(#3906,#3907,#3908,#3909),
 .UNSPECIFIED.,.F.,.F.,(4,4),(2.63685201076385E-7,0.00175893039529942),
 .UNSPECIFIED.);
#1655=B_SPLINE_CURVE_WITH_KNOTS('',3,(#3913,#3914,#3915,#3916),
 .UNSPECIFIED.,.F.,.F.,(4,4),(5.95798997059519E-7,0.00401651491271607),
 .UNSPECIFIED.);
#1656=B_SPLINE_CURVE_WITH_KNOTS('',3,(#3918,#3919,#3920,#3921),
 .UNSPECIFIED.,.F.,.F.,(4,4),(2.46982821014468E-7,0.00022449236201786),
 .UNSPECIFIED.);
#1657=B_SPLINE_CURVE_WITH_KNOTS('',3,(#3925,#3926,#3927,#3928,#3929),
 .UNSPECIFIED.,.F.,.F.,(4,1,4),(2.4678364956284E-7,0.000191654003833219,
0.000383061224016874),.UNSPECIFIED.);
#1658=B_SPLINE_CURVE_WITH_KNOTS('',3,(#3937,#3938,#3939,#3940),
 .UNSPECIFIED.,.F.,.F.,(4,4),(2.63984847788552E-7,0.000223605941850875),
 .UNSPECIFIED.);
#1659=B_SPLINE_CURVE_WITH_KNOTS('',3,(#3944,#3945,#3946,#3947,#3948),
 .UNSPECIFIED.,.F.,.F.,(4,1,4),(6.05796948885264E-7,0.000191226334643343,
0.000381846872337801),.UNSPECIFIED.);
#1660=B_SPLINE_CURVE_WITH_KNOTS('',3,(#3950,#3951,#3952,#3953),
 .UNSPECIFIED.,.F.,.F.,(4,4),(2.73225981103106E-7,0.00175893993607943),
 .UNSPECIFIED.);
#1661=B_SPLINE_CURVE_WITH_KNOTS('',3,(#3954,#3955,#3956,#3957),
 .UNSPECIFIED.,.F.,.F.,(4,4),(2.11418398655913E-7,0.0040161305321176),
 .UNSPECIFIED.);
#1662=B_SPLINE_CURVE_WITH_KNOTS('',3,(#3959,#3960,#3961,#3962),
 .UNSPECIFIED.,.F.,.F.,(4,4),(3.03490038762771E-7,0.00175897020013709),
 .UNSPECIFIED.);
#1663=B_SPLINE_CURVE_WITH_KNOTS('',3,(#3966,#3967,#3968,#3969),
 .UNSPECIFIED.,.F.,.F.,(4,4),(6.85738181206413E-7,0.00401660485189968),
 .UNSPECIFIED.);
#1664=B_SPLINE_CURVE_WITH_KNOTS('',3,(#3971,#3972,#3973,#3974),
 .UNSPECIFIED.,.F.,.F.,(4,4),(1.96748069797766E-7,0.000224441596567618),
 .UNSPECIFIED.);
#1665=B_SPLINE_CURVE_WITH_KNOTS('',3,(#3978,#3979,#3980,#3981,#3982),
 .UNSPECIFIED.,.F.,.F.,(4,1,4),(1.9657671012232E-7,0.000191602787099991,
0.000383008997489859),.UNSPECIFIED.);
#1666=B_SPLINE_CURVE_WITH_KNOTS('',3,(#3990,#3991,#3992,#3993),
 .UNSPECIFIED.,.F.,.F.,(4,4),(3.73660698416291E-7,0.000223718346532516),
 .UNSPECIFIED.);
#1667=B_SPLINE_CURVE_WITH_KNOTS('',3,(#3997,#3998,#3999,#4000,#4001),
 .UNSPECIFIED.,.F.,.F.,(4,1,4),(8.57498671798331E-7,0.000191478063420228,
0.000382098628168657),.UNSPECIFIED.);
#1668=B_SPLINE_CURVE_WITH_KNOTS('',3,(#4003,#4004,#4005,#4006),
 .UNSPECIFIED.,.F.,.F.,(4,4),(3.00846545165594E-7,0.00175896755664313),
 .UNSPECIFIED.);
#1669=B_SPLINE_CURVE_WITH_KNOTS('',3,(#4007,#4008,#4009,#4010),
 .UNSPECIFIED.,.F.,.F.,(4,4),(2.1141839815332E-7,0.00401613053211559),
 .UNSPECIFIED.);
#1670=B_SPLINE_CURVE_WITH_KNOTS('',3,(#4012,#4013,#4014,#4015),
 .UNSPECIFIED.,.F.,.F.,(4,4),(3.39308468169438E-7,0.00175900601856632),
 .UNSPECIFIED.);
#1671=B_SPLINE_CURVE_WITH_KNOTS('',3,(#4019,#4020,#4021,#4022),
 .UNSPECIFIED.,.F.,.F.,(4,4),(7.66670015375575E-7,0.0040166857837333),
 .UNSPECIFIED.);
#1672=B_SPLINE_CURVE_WITH_KNOTS('',3,(#4024,#4025,#4026,#4027),
 .UNSPECIFIED.,.F.,.F.,(4,4),(2.06777458254214E-7,0.000224451977615965),
 .UNSPECIFIED.);
#1673=B_SPLINE_CURVE_WITH_KNOTS('',3,(#4031,#4032,#4033,#4034,#4035),
 .UNSPECIFIED.,.F.,.F.,(4,1,4),(2.06600028918643E-7,0.000191613155705697,
0.000383019711382475),.UNSPECIFIED.);
#1674=B_SPLINE_CURVE_WITH_KNOTS('',3,(#4043,#4044,#4045,#4046),
 .UNSPECIFIED.,.F.,.F.,(4,4),(2.8105754927853E-7,0.000223623395872573),
 .UNSPECIFIED.);
#1675=B_SPLINE_CURVE_WITH_KNOTS('',3,(#4050,#4051,#4052,#4053,#4054),
 .UNSPECIFIED.,.F.,.F.,(4,1,4),(6.4497724688744E-7,0.00019126568789293,
0.000381886398538972),.UNSPECIFIED.);
#1676=B_SPLINE_CURVE_WITH_KNOTS('',3,(#4056,#4057,#4058,#4059),
 .UNSPECIFIED.,.F.,.F.,(4,4),(3.00846546645699E-7,0.00175896755664499),
 .UNSPECIFIED.);
#1677=B_SPLINE_CURVE_WITH_KNOTS('',3,(#4060,#4061,#4062,#4063),
 .UNSPECIFIED.,.F.,.F.,(4,4),(2.11418398564195E-7,0.00401613053211728),
 .UNSPECIFIED.);
#1678=B_SPLINE_CURVE_WITH_KNOTS('',3,(#4074,#4075,#4076,#4077),
 .UNSPECIFIED.,.F.,.F.,(4,4),(3.3407503821841E-7,0.000223677762586402),
 .UNSPECIFIED.);
#1679=B_SPLINE_CURVE_WITH_KNOTS('',3,(#4081,#4082,#4083,#4084,#4085),
 .UNSPECIFIED.,.F.,.F.,(4,1,4),(7.66649982171358E-7,0.000191387260384712,
0.000382007870787253),.UNSPECIFIED.);
#1680=B_SPLINE_CURVE_WITH_KNOTS('',3,(#4087,#4088,#4089,#4090),
 .UNSPECIFIED.,.F.,.F.,(4,4),(3.00846545628773E-7,0.00175896755664378),
 .UNSPECIFIED.);
#1681=B_SPLINE_CURVE_WITH_KNOTS('',3,(#4091,#4092,#4093,#4094),
 .UNSPECIFIED.,.F.,.F.,(4,4),(2.11418398284036E-7,0.0040161305321162),
 .UNSPECIFIED.);
#1682=B_SPLINE_CURVE_WITH_KNOTS('',3,(#4096,#4097,#4098,#4099),
 .UNSPECIFIED.,.F.,.F.,(4,4),(2.85691289457026E-7,0.00175895240138781),
 .UNSPECIFIED.);
#1683=B_SPLINE_CURVE_WITH_KNOTS('',3,(#4103,#4104,#4105,#4106),
 .UNSPECIFIED.,.F.,.F.,(4,4),(6.45521845209873E-7,0.00401656463556392),
 .UNSPECIFIED.);
#1684=B_SPLINE_CURVE_WITH_KNOTS('',3,(#4108,#4109,#4110,#4111),
 .UNSPECIFIED.,.F.,.F.,(4,4),(1.99319097058269E-7,0.000224444107143853),
 .UNSPECIFIED.);
#1685=B_SPLINE_CURVE_WITH_KNOTS('',3,(#4112,#4113,#4114,#4115,#4116),
 .UNSPECIFIED.,.F.,.F.,(4,1,4),(1.99146156768742E-7,0.000191605356276064,
0.000383011566395359),.UNSPECIFIED.);
#1686=B_SPLINE_CURVE_WITH_KNOTS('',3,(#4118,#4119,#4120,#4121),
 .UNSPECIFIED.,.F.,.F.,(4,4),(3.10971549906681E-7,0.00175897768164819),
 .UNSPECIFIED.);
#1687=B_SPLINE_CURVE_WITH_KNOTS('',3,(#4125,#4126,#4127,#4128),
 .UNSPECIFIED.,.F.,.F.,(4,4),(7.02642678157548E-7,0.00401662175639653),
 .UNSPECIFIED.);
#1688=B_SPLINE_CURVE_WITH_KNOTS('',3,(#4130,#4131,#4132,#4133),
 .UNSPECIFIED.,.F.,.F.,(4,4),(2.16912550750096E-7,0.000224462106292518),
 .UNSPECIFIED.);
#1689=B_SPLINE_CURVE_WITH_KNOTS('',3,(#4137,#4138,#4139,#4140,#4141),
 .UNSPECIFIED.,.F.,.F.,(4,1,4),(2.1672924989119E-7,0.0001916234212873,0.000383030113324709),
 .UNSPECIFIED.);
#1690=B_SPLINE_CURVE_WITH_KNOTS('',3,(#4149,#4150,#4151,#4152),
 .UNSPECIFIED.,.F.,.F.,(4,4),(2.69214295340138E-7,0.000223611255556286),
 .UNSPECIFIED.);
#1691=B_SPLINE_CURVE_WITH_KNOTS('',3,(#4156,#4157,#4158,#4159,#4160),
 .UNSPECIFIED.,.F.,.F.,(4,1,4),(6.17797840641487E-7,0.000191238512916662,
0.000381859227992683),.UNSPECIFIED.);
#1692=B_SPLINE_CURVE_WITH_KNOTS('',3,(#4162,#4163,#4164,#4165),
 .UNSPECIFIED.,.F.,.F.,(4,4),(2.78708194105084E-7,0.00175894541829243),
 .UNSPECIFIED.);
#1693=B_SPLINE_CURVE_WITH_KNOTS('',3,(#4166,#4167,#4168,#4169),
 .UNSPECIFIED.,.F.,.F.,(4,4),(2.11418398625057E-7,0.0040161305321175),
 .UNSPECIFIED.);
#1694=B_SPLINE_CURVE_WITH_KNOTS('',3,(#4171,#4172,#4173,#4174),
 .UNSPECIFIED.,.F.,.F.,(4,4),(2.6825132789231E-7,0.00175893496142623),
 .UNSPECIFIED.);
#1695=B_SPLINE_CURVE_WITH_KNOTS('',3,(#4178,#4179,#4180,#4181),
 .UNSPECIFIED.,.F.,.F.,(4,4),(6.06116180676244E-7,0.00401652522989963),
 .UNSPECIFIED.);
#1696=B_SPLINE_CURVE_WITH_KNOTS('',3,(#4183,#4184,#4185,#4186),
 .UNSPECIFIED.,.F.,.F.,(4,4),(2.81978257867694E-7,0.000224527906629886),
 .UNSPECIFIED.);
#1697=B_SPLINE_CURVE_WITH_KNOTS('',3,(#4190,#4191,#4192,#4193,#4194),
 .UNSPECIFIED.,.F.,.F.,(4,1,4),(2.81763532958471E-7,0.000191689803320911,
0.000383097843108864),.UNSPECIFIED.);
#1698=B_SPLINE_CURVE_WITH_KNOTS('',3,(#4202,#4203,#4204,#4205),
 .UNSPECIFIED.,.F.,.F.,(4,4),(2.59473723107064E-7,0.000223601294082478),
 .UNSPECIFIED.);
#1699=B_SPLINE_CURVE_WITH_KNOTS('',3,(#4209,#4210,#4211,#4212,#4213),
 .UNSPECIFIED.,.F.,.F.,(4,1,4),(5.95444160130424E-7,0.000191216072290114,
0.000381836700420099),.UNSPECIFIED.);
#1700=B_SPLINE_CURVE_WITH_KNOTS('',3,(#4215,#4216,#4217,#4218),
 .UNSPECIFIED.,.F.,.F.,(4,4),(2.68575163474415E-7,0.00175893528526181),
 .UNSPECIFIED.);
#1701=B_SPLINE_CURVE_WITH_KNOTS('',3,(#4219,#4220,#4221,#4222),
 .UNSPECIFIED.,.F.,.F.,(4,4),(2.11418398677854E-7,0.00401613053211768),
 .UNSPECIFIED.);
#1702=B_SPLINE_CURVE_WITH_KNOTS('',3,(#4224,#4225,#4226,#4227),
 .UNSPECIFIED.,.F.,.F.,(4,4),(2.7363370985865E-7,0.00175894034380819),
 .UNSPECIFIED.);
#1703=B_SPLINE_CURVE_WITH_KNOTS('',3,(#4231,#4232,#4233,#4234),
 .UNSPECIFIED.,.F.,.F.,(4,4),(6.18277695677443E-7,0.00401653739141456),
 .UNSPECIFIED.);
#1704=B_SPLINE_CURVE_WITH_KNOTS('',3,(#4236,#4237,#4238,#4239),
 .UNSPECIFIED.,.F.,.F.,(4,4),(2.0498660620443E-7,0.000224449792472837),
 .UNSPECIFIED.);
#1705=B_SPLINE_CURVE_WITH_KNOTS('',3,(#4243,#4244,#4245,#4246,#4247),
 .UNSPECIFIED.,.F.,.F.,(4,1,4),(2.0481023930348E-7,0.000191611108780486,
0.000383017407321669),.UNSPECIFIED.);
#1706=B_SPLINE_CURVE_WITH_KNOTS('',3,(#4255,#4256,#4257,#4258),
 .UNSPECIFIED.,.F.,.F.,(4,4),(3.06120313293069E-7,0.000223649105652408),
 .UNSPECIFIED.);
#1707=B_SPLINE_CURVE_WITH_KNOTS('',3,(#4262,#4263,#4264,#4265,#4266),
 .UNSPECIFIED.,.F.,.F.,(4,1,4),(7.02494932276902E-7,0.000191323123920299,
0.000381943752908322),.UNSPECIFIED.);
#1708=B_SPLINE_CURVE_WITH_KNOTS('',3,(#4268,#4269,#4270,#4271),
 .UNSPECIFIED.,.F.,.F.,(4,4),(3.00846546164338E-7,0.00175896755664444),
 .UNSPECIFIED.);
#1709=B_SPLINE_CURVE_WITH_KNOTS('',3,(#4272,#4273,#4274,#4275),
 .UNSPECIFIED.,.F.,.F.,(4,4),(2.1141839842969E-7,0.00401613053211678),
 .UNSPECIFIED.);
#1710=B_SPLINE_CURVE_WITH_KNOTS('',3,(#4277,#4278,#4279,#4280),
 .UNSPECIFIED.,.F.,.F.,(4,4),(3.79414920206065E-7,0.00175904612501809),
 .UNSPECIFIED.);
#1711=B_SPLINE_CURVE_WITH_KNOTS('',3,(#4284,#4285,#4286,#4287),
 .UNSPECIFIED.,.F.,.F.,(4,4),(8.57290599541812E-7,0.00401677640431673),
 .UNSPECIFIED.);
#1712=B_SPLINE_CURVE_WITH_KNOTS('',3,(#4289,#4290,#4291,#4292),
 .UNSPECIFIED.,.F.,.F.,(4,4),(2.00340189497001E-7,0.000224445581404652),
 .UNSPECIFIED.);
#1713=B_SPLINE_CURVE_WITH_KNOTS('',3,(#4296,#4297,#4298,#4299,#4300),
 .UNSPECIFIED.,.F.,.F.,(4,1,4),(2.00166625956753E-7,0.000191606657656959,
0.000383013148687961),.UNSPECIFIED.);
#1714=B_SPLINE_CURVE_WITH_KNOTS('',3,(#4308,#4309,#4310,#4311),
 .UNSPECIFIED.,.F.,.F.,(4,4),(2.98542124251252E-7,0.000223641322454204),
 .UNSPECIFIED.);
#1715=B_SPLINE_CURVE_WITH_KNOTS('',3,(#4315,#4316,#4317,#4318,#4319),
 .UNSPECIFIED.,.F.,.F.,(4,1,4),(6.85103287736281E-7,0.000191305793167682,
0.000381926483047628),.UNSPECIFIED.);
#1716=B_SPLINE_CURVE_WITH_KNOTS('',3,(#4321,#4322,#4323,#4324),
 .UNSPECIFIED.,.F.,.F.,(4,4),(3.09118301880268E-7,0.0017589758284002),
 .UNSPECIFIED.);
#1717=B_SPLINE_CURVE_WITH_KNOTS('',3,(#4325,#4326,#4327,#4328),
 .UNSPECIFIED.,.F.,.F.,(4,4),(2.11418398468059E-7,0.00401613053211693),
 .UNSPECIFIED.);
#1718=B_SPLINE_CURVE_WITH_KNOTS('',3,(#4330,#4331,#4332,#4333),
 .UNSPECIFIED.,.F.,.F.,(4,4),(2.77090174671132E-7,0.001758943800273),
 .UNSPECIFIED.);
#1719=B_SPLINE_CURVE_WITH_KNOTS('',3,(#4337,#4338,#4339,#4340),
 .UNSPECIFIED.,.F.,.F.,(4,4),(6.26087592143496E-7,0.00401654520131098),
 .UNSPECIFIED.);
#1720=B_SPLINE_CURVE_WITH_KNOTS('',3,(#4342,#4343,#4344,#4345),
 .UNSPECIFIED.,.F.,.F.,(4,4),(2.52488282538702E-7,0.000224498025123677),
 .UNSPECIFIED.);
#1721=B_SPLINE_CURVE_WITH_KNOTS('',3,(#4349,#4350,#4351,#4352,#4353),
 .UNSPECIFIED.,.F.,.F.,(4,1,4),(2.52286456477484E-7,0.000191659677367217,
0.000383067068277957),.UNSPECIFIED.);
#1722=B_SPLINE_CURVE_WITH_KNOTS('',3,(#4361,#4362,#4363,#4364),
 .UNSPECIFIED.,.F.,.F.,(4,4),(2.58826394389002E-7,0.000223600618201113),
 .UNSPECIFIED.);
#1723=B_SPLINE_CURVE_WITH_KNOTS('',3,(#4368,#4369,#4370,#4371,#4372),
 .UNSPECIFIED.,.F.,.F.,(4,1,4),(5.93958527237328E-7,0.00019121463412013,
0.000381835309713022),.UNSPECIFIED.);
#1724=B_SPLINE_CURVE_WITH_KNOTS('',3,(#4374,#4375,#4376,#4377),
 .UNSPECIFIED.,.F.,.F.,(4,4),(2.67921541104991E-7,0.00175893463163944),
 .UNSPECIFIED.);
#1725=B_SPLINE_CURVE_WITH_KNOTS('',3,(#4378,#4379,#4380,#4381),
 .UNSPECIFIED.,.F.,.F.,(4,4),(2.11418398681225E-7,0.00401613053211769),
 .UNSPECIFIED.);
#1726=B_SPLINE_CURVE_WITH_KNOTS('',3,(#4383,#4384,#4385,#4386),
 .UNSPECIFIED.,.F.,.F.,(4,4),(2.66278381907286E-7,0.00175893298848025),
 .UNSPECIFIED.);
#1727=B_SPLINE_CURVE_WITH_KNOTS('',3,(#4390,#4391,#4392,#4393),
 .UNSPECIFIED.,.F.,.F.,(4,4),(6.01658300683471E-7,0.00401652077201966),
 .UNSPECIFIED.);
#1728=B_SPLINE_CURVE_WITH_KNOTS('',3,(#4395,#4396,#4397,#4398),
 .UNSPECIFIED.,.F.,.F.,(4,4),(2.14199674952387E-7,0.000224459102564704),
 .UNSPECIFIED.);
#1729=B_SPLINE_CURVE_WITH_KNOTS('',3,(#4402,#4403,#4404,#4405,#4406),
 .UNSPECIFIED.,.F.,.F.,(4,1,4),(2.14017919824667E-7,0.000191620500677801,
0.000383026983435777),.UNSPECIFIED.);
#1730=B_SPLINE_CURVE_WITH_KNOTS('',3,(#4414,#4415,#4416,#4417),
 .UNSPECIFIED.,.F.,.F.,(4,4),(2.8634249040556E-7,0.000223628835393268),
 .UNSPECIFIED.);
#1731=B_SPLINE_CURVE_WITH_KNOTS('',3,(#4421,#4422,#4423,#4424,#4425),
 .UNSPECIFIED.,.F.,.F.,(4,1,4),(6.57105970284308E-7,0.000191277729768291,
0.000381898353566297),.UNSPECIFIED.);
#1732=B_SPLINE_CURVE_WITH_KNOTS('',3,(#4427,#4428,#4429,#4430),
 .UNSPECIFIED.,.F.,.F.,(4,4),(2.96313198467303E-7,0.0017589630232968),
 .UNSPECIFIED.);
#1733=B_SPLINE_CURVE_WITH_KNOTS('',3,(#4431,#4432,#4433,#4434),
 .UNSPECIFIED.,.F.,.F.,(4,4),(2.11418398535628E-7,0.00401613053211717),
 .UNSPECIFIED.);
#1734=B_SPLINE_CURVE_WITH_KNOTS('',3,(#4436,#4437,#4438,#4439),
 .UNSPECIFIED.,.F.,.F.,(4,4),(3.28766551979195E-7,0.00175899547665019),
 .UNSPECIFIED.);
#1735=B_SPLINE_CURVE_WITH_KNOTS('',3,(#4443,#4444,#4445,#4446),
 .UNSPECIFIED.,.F.,.F.,(4,4),(7.42850532553934E-7,0.00401666196425065),
 .UNSPECIFIED.);
#1736=B_SPLINE_CURVE_WITH_KNOTS('',3,(#4448,#4449,#4450,#4451),
 .UNSPECIFIED.,.F.,.F.,(4,4),(1.97080013889758E-7,0.000224442074024873),
 .UNSPECIFIED.);
#1737=B_SPLINE_CURVE_WITH_KNOTS('',3,(#4455,#4456,#4457,#4458,#4459),
 .UNSPECIFIED.,.F.,.F.,(4,1,4),(1.96908449167843E-7,0.000191603209045256,
0.000383009509641344),.UNSPECIFIED.);
#1738=B_SPLINE_CURVE_WITH_KNOTS('',3,(#4467,#4468,#4469,#4470),
 .UNSPECIFIED.,.F.,.F.,(4,4),(3.23369895489946E-7,0.000223666779967628),
 .UNSPECIFIED.);
#1739=B_SPLINE_CURVE_WITH_KNOTS('',3,(#4474,#4475,#4476,#4477,#4478),
 .UNSPECIFIED.,.F.,.F.,(4,1,4),(7.42081949000556E-7,0.000191362732559937,
0.000381983383170874),.UNSPECIFIED.);
#1740=B_SPLINE_CURVE_WITH_KNOTS('',3,(#4480,#4481,#4482,#4483),
 .UNSPECIFIED.,.F.,.F.,(4,4),(3.00846545834936E-7,0.00175896755664403),
 .UNSPECIFIED.);
#1741=B_SPLINE_CURVE_WITH_KNOTS('',3,(#4484,#4485,#4486,#4487),
 .UNSPECIFIED.,.F.,.F.,(4,4),(2.11418398337899E-7,0.00401613053211641),
 .UNSPECIFIED.);
#1742=B_SPLINE_CURVE_WITH_KNOTS('',3,(#4489,#4490,#4491,#4492),
 .UNSPECIFIED.,.F.,.F.,(4,4),(2.90918123142342E-7,0.00175895762822148),
 .UNSPECIFIED.);
#1743=B_SPLINE_CURVE_WITH_KNOTS('',3,(#4496,#4497,#4498,#4499),
 .UNSPECIFIED.,.F.,.F.,(4,4),(6.5733189484685E-7,0.00401657644561351),
 .UNSPECIFIED.);
#1744=B_SPLINE_CURVE_WITH_KNOTS('',3,(#4501,#4502,#4503,#4504),
 .UNSPECIFIED.,.F.,.F.,(4,4),(2.31648188892272E-7,0.000224476950514897),
 .UNSPECIFIED.);
#1745=B_SPLINE_CURVE_WITH_KNOTS('',3,(#4508,#4509,#4510,#4511,#4512),
 .UNSPECIFIED.,.F.,.F.,(4,1,4),(2.31456821085521E-7,0.000191638417594971,
0.000383045378368856),.UNSPECIFIED.);
#1746=B_SPLINE_CURVE_WITH_KNOTS('',3,(#4520,#4521,#4522,#4523),
 .UNSPECIFIED.,.F.,.F.,(4,4),(2.6199392497407E-7,0.00022360385764444),
 .UNSPECIFIED.);
#1747=B_SPLINE_CURVE_WITH_KNOTS('',3,(#4527,#4528,#4529,#4530,#4531),
 .UNSPECIFIED.,.F.,.F.,(4,1,4),(6.01227699343081E-7,0.000191221931402923,
0.000381842635106504),.UNSPECIFIED.);
#1748=B_SPLINE_CURVE_WITH_KNOTS('',3,(#4533,#4534,#4535,#4536),
 .UNSPECIFIED.,.F.,.F.,(4,4),(2.71216441626962E-7,0.00175893792653996),
 .UNSPECIFIED.);
#1749=B_SPLINE_CURVE_WITH_KNOTS('',3,(#4537,#4538,#4539,#4540),
 .UNSPECIFIED.,.F.,.F.,(4,4),(2.11418398664665E-7,0.00401613053211763),
 .UNSPECIFIED.);
#1750=B_SPLINE_CURVE_WITH_KNOTS('',3,(#4542,#4543,#4544,#4545),
 .UNSPECIFIED.,.F.,.F.,(4,4),(2.63043481060049E-7,0.0017589297535794),
 .UNSPECIFIED.);
#1751=B_SPLINE_CURVE_WITH_KNOTS('',3,(#4549,#4550,#4551,#4552),
 .UNSPECIFIED.,.F.,.F.,(4,4),(5.94349027790949E-7,0.00401651346274681),
 .UNSPECIFIED.);
#1752=B_SPLINE_CURVE_WITH_KNOTS('',3,(#4554,#4555,#4556,#4557),
 .UNSPECIFIED.,.F.,.F.,(4,4),(2.27755110873175E-7,0.000224472842921065),
 .UNSPECIFIED.);
#1753=B_SPLINE_CURVE_WITH_KNOTS('',3,(#4561,#4562,#4563,#4564,#4565),
 .UNSPECIFIED.,.F.,.F.,(4,1,4),(2.27565820472679E-7,0.000191634345492283,
0.000383041125164094),.UNSPECIFIED.);
#1754=B_SPLINE_CURVE_WITH_KNOTS('',3,(#4573,#4574,#4575,#4576),
 .UNSPECIFIED.,.F.,.F.,(4,4),(2.72704920769109E-7,0.000223614864792045),
 .UNSPECIFIED.);
#1755=B_SPLINE_CURVE_WITH_KNOTS('',3,(#4580,#4581,#4582,#4583,#4584),
 .UNSPECIFIED.,.F.,.F.,(4,1,4),(6.25808746808164E-7,0.00019124640335105,
0.000381866997955292),.UNSPECIFIED.);
#1756=B_SPLINE_CURVE_WITH_KNOTS('',3,(#4586,#4587,#4588,#4589),
 .UNSPECIFIED.,.F.,.F.,(4,4),(2.82228768866752E-7,0.00175894893886719),
 .UNSPECIFIED.);
#1757=B_SPLINE_CURVE_WITH_KNOTS('',3,(#4590,#4591,#4592,#4593),
 .UNSPECIFIED.,.F.,.F.,(4,4),(2.11418398608997E-7,0.00401613053211744),
 .UNSPECIFIED.);
#1758=EDGE_LOOP('',(#412,#413,#414,#415));
#1759=EDGE_LOOP('',(#416,#417,#418,#419));
#1760=EDGE_LOOP('',(#420,#421,#422,#423));
#1761=EDGE_LOOP('',(#424,#425,#426,#427));
#1762=EDGE_LOOP('',(#428,#429,#430,#431));
#1763=EDGE_LOOP('',(#432,#433,#434,#435));
#1764=EDGE_LOOP('',(#436,#437,#438,#439));
#1765=EDGE_LOOP('',(#440,#441,#442,#443));
#1766=EDGE_LOOP('',(#444,#445,#446,#447));
#1767=EDGE_LOOP('',(#448,#449,#450,#451));
#1768=EDGE_LOOP('',(#452,#453,#454,#455));
#1769=EDGE_LOOP('',(#456,#457,#458,#459));
#1770=EDGE_LOOP('',(#460,#461,#462,#463));
#1771=EDGE_LOOP('',(#464,#465,#466,#467));
#1772=EDGE_LOOP('',(#468,#469,#470,#471));
#1773=EDGE_LOOP('',(#472,#473,#474,#475));
#1774=EDGE_LOOP('',(#476,#477,#478,#479));
#1775=EDGE_LOOP('',(#480,#481,#482,#483));
#1776=EDGE_LOOP('',(#484,#485,#486,#487));
#1777=EDGE_LOOP('',(#488,#489,#490,#491));
#1778=EDGE_LOOP('',(#492,#493,#494,#495));
#1779=EDGE_LOOP('',(#496,#497,#498,#499));
#1780=EDGE_LOOP('',(#500,#501,#502,#503));
#1781=EDGE_LOOP('',(#504,#505,#506,#507));
#1782=EDGE_LOOP('',(#508,#509,#510,#511));
#1783=EDGE_LOOP('',(#512,#513,#514,#515));
#1784=EDGE_LOOP('',(#516,#517,#518,#519));
#1785=EDGE_LOOP('',(#520));
#1786=EDGE_LOOP('',(#521,#522,#523,#524,#525,#526,#527,#528,#529));
#1787=EDGE_LOOP('',(#530));
#1788=EDGE_LOOP('',(#531,#532,#533,#534,#535,#536,#537,#538,#539,#540,#541,
#542,#543,#544,#545,#546,#547,#548,#549,#550,#551,#552,#553,#554,#555,#556,
#557,#558,#559,#560,#561,#562,#563,#564,#565,#566,#567,#568,#569,#570,#571,
#572,#573,#574,#575,#576,#577,#578,#579,#580,#581,#582));
#1789=EDGE_LOOP('',(#583,#584,#585,#586));
#1790=EDGE_LOOP('',(#587,#588,#589,#590));
#1791=EDGE_LOOP('',(#591,#592,#593,#594));
#1792=EDGE_LOOP('',(#595,#596,#597,#598));
#1793=EDGE_LOOP('',(#599,#600,#601,#602));
#1794=EDGE_LOOP('',(#603,#604,#605,#606));
#1795=EDGE_LOOP('',(#607,#608,#609,#610));
#1796=EDGE_LOOP('',(#611,#612,#613,#614));
#1797=EDGE_LOOP('',(#615,#616,#617,#618));
#1798=EDGE_LOOP('',(#619,#620,#621,#622));
#1799=EDGE_LOOP('',(#623,#624,#625,#626));
#1800=EDGE_LOOP('',(#627,#628,#629,#630));
#1801=EDGE_LOOP('',(#631,#632,#633,#634));
#1802=EDGE_LOOP('',(#635,#636,#637,#638));
#1803=EDGE_LOOP('',(#639,#640,#641,#642));
#1804=EDGE_LOOP('',(#643,#644,#645,#646));
#1805=EDGE_LOOP('',(#647,#648,#649,#650));
#1806=EDGE_LOOP('',(#651,#652,#653,#654));
#1807=EDGE_LOOP('',(#655,#656,#657,#658));
#1808=EDGE_LOOP('',(#659,#660,#661,#662));
#1809=EDGE_LOOP('',(#663,#664,#665,#666));
#1810=EDGE_LOOP('',(#667,#668,#669,#670));
#1811=EDGE_LOOP('',(#671,#672,#673,#674));
#1812=EDGE_LOOP('',(#675,#676,#677,#678));
#1813=EDGE_LOOP('',(#679,#680,#681,#682));
#1814=EDGE_LOOP('',(#683,#684,#685,#686));
#1815=EDGE_LOOP('',(#687,#688,#689,#690));
#1816=EDGE_LOOP('',(#691,#692,#693,#694));
#1817=EDGE_LOOP('',(#695,#696,#697,#698));
#1818=EDGE_LOOP('',(#699,#700,#701,#702));
#1819=EDGE_LOOP('',(#703,#704,#705,#706));
#1820=EDGE_LOOP('',(#707,#708,#709,#710));
#1821=EDGE_LOOP('',(#711,#712,#713,#714));
#1822=EDGE_LOOP('',(#715,#716,#717,#718));
#1823=EDGE_LOOP('',(#719,#720,#721,#722));
#1824=EDGE_LOOP('',(#723,#724,#725,#726));
#1825=EDGE_LOOP('',(#727,#728,#729,#730));
#1826=EDGE_LOOP('',(#731,#732,#733,#734));
#1827=EDGE_LOOP('',(#735,#736,#737,#738));
#1828=EDGE_LOOP('',(#739,#740,#741,#742));
#1829=EDGE_LOOP('',(#743,#744,#745,#746));
#1830=EDGE_LOOP('',(#747,#748,#749,#750));
#1831=EDGE_LOOP('',(#751,#752,#753,#754));
#1832=EDGE_LOOP('',(#755,#756,#757,#758));
#1833=EDGE_LOOP('',(#759,#760,#761,#762));
#1834=EDGE_LOOP('',(#763,#764,#765,#766));
#1835=EDGE_LOOP('',(#767,#768,#769,#770));
#1836=EDGE_LOOP('',(#771,#772,#773,#774));
#1837=EDGE_LOOP('',(#775,#776,#777,#778));
#1838=EDGE_LOOP('',(#779,#780,#781,#782));
#1839=EDGE_LOOP('',(#783,#784,#785,#786));
#1840=EDGE_LOOP('',(#787,#788,#789,#790));
#1841=EDGE_LOOP('',(#791,#792,#793,#794));
#1842=EDGE_LOOP('',(#795,#796,#797,#798));
#1843=EDGE_LOOP('',(#799,#800,#801,#802));
#1844=EDGE_LOOP('',(#803,#804,#805,#806));
#1845=EDGE_LOOP('',(#807,#808,#809,#810));
#1846=EDGE_LOOP('',(#811,#812,#813,#814));
#1847=EDGE_LOOP('',(#815,#816,#817,#818));
#1848=EDGE_LOOP('',(#819,#820,#821,#822));
#1849=EDGE_LOOP('',(#823,#824,#825,#826));
#1850=EDGE_LOOP('',(#827,#828,#829,#830));
#1851=EDGE_LOOP('',(#831,#832,#833,#834));
#1852=EDGE_LOOP('',(#835,#836,#837,#838));
#1853=EDGE_LOOP('',(#839,#840,#841,#842));
#1854=EDGE_LOOP('',(#843));
#1855=EDGE_LOOP('',(#844));
#1856=EDGE_LOOP('',(#845));
#1857=EDGE_LOOP('',(#846));
#1858=EDGE_LOOP('',(#847));
#1859=EDGE_LOOP('',(#848));
#1860=EDGE_LOOP('',(#849,#850,#851,#852,#853,#854));
#1861=EDGE_LOOP('',(#855,#856,#857,#858,#859,#860));
#1862=EDGE_LOOP('',(#861,#862,#863,#864,#865,#866));
#1863=EDGE_LOOP('',(#867,#868,#869,#870,#871,#872));
#1864=EDGE_LOOP('',(#873,#874,#875,#876,#877,#878));
#1865=EDGE_LOOP('',(#879,#880,#881,#882,#883,#884));
#1866=EDGE_LOOP('',(#885,#886,#887,#888,#889,#890));
#1867=EDGE_LOOP('',(#891,#892,#893,#894,#895,#896));
#1868=EDGE_LOOP('',(#897,#898,#899,#900,#901,#902));
#1869=EDGE_LOOP('',(#903,#904,#905,#906,#907,#908));
#1870=EDGE_LOOP('',(#909,#910,#911,#912,#913,#914));
#1871=EDGE_LOOP('',(#915,#916,#917,#918,#919,#920));
#1872=EDGE_LOOP('',(#921,#922,#923,#924,#925,#926));
#1873=EDGE_LOOP('',(#927));
#1874=EDGE_LOOP('',(#928,#929,#930,#931,#932,#933,#934,#935,#936,#937,#938,
#939,#940,#941,#942,#943,#944,#945,#946,#947,#948,#949,#950,#951,#952,#953,
#954,#955,#956,#957,#958,#959,#960,#961,#962,#963,#964,#965,#966,#967,#968,
#969,#970,#971,#972,#973,#974,#975,#976,#977,#978,#979,#980,#981,#982,#983,
#984,#985,#986,#987,#988,#989,#990,#991,#992,#993,#994,#995,#996,#997,#998,
#999,#1000,#1001,#1002,#1003,#1004,#1005));
#1875=EDGE_LOOP('',(#1006));
#1876=EDGE_LOOP('',(#1007,#1008,#1009,#1010));
#1877=EDGE_LOOP('',(#1011,#1012,#1013,#1014));
#1878=EDGE_LOOP('',(#1015,#1016,#1017,#1018));
#1879=EDGE_LOOP('',(#1019,#1020,#1021,#1022));
#1880=EDGE_LOOP('',(#1023,#1024,#1025,#1026));
#1881=EDGE_LOOP('',(#1027,#1028,#1029,#1030));
#1882=EDGE_LOOP('',(#1031,#1032,#1033,#1034));
#1883=EDGE_LOOP('',(#1035,#1036,#1037,#1038));
#1884=EDGE_LOOP('',(#1039,#1040,#1041,#1042));
#1885=EDGE_LOOP('',(#1043));
#1886=EDGE_LOOP('',(#1044,#1045,#1046,#1047,#1048,#1049,#1050,#1051,#1052,
#1053,#1054,#1055,#1056,#1057,#1058,#1059,#1060,#1061,#1062,#1063,#1064,
#1065,#1066,#1067,#1068,#1069,#1070));
#1887=EDGE_LOOP('',(#1071));
#1888=FACE_BOUND('',#1758,.T.);
#1889=FACE_BOUND('',#1759,.T.);
#1890=FACE_BOUND('',#1760,.T.);
#1891=FACE_BOUND('',#1761,.T.);
#1892=FACE_BOUND('',#1762,.T.);
#1893=FACE_BOUND('',#1763,.T.);
#1894=FACE_BOUND('',#1764,.T.);
#1895=FACE_BOUND('',#1765,.T.);
#1896=FACE_BOUND('',#1766,.T.);
#1897=FACE_BOUND('',#1767,.T.);
#1898=FACE_BOUND('',#1768,.T.);
#1899=FACE_BOUND('',#1769,.T.);
#1900=FACE_BOUND('',#1770,.T.);
#1901=FACE_BOUND('',#1771,.T.);
#1902=FACE_BOUND('',#1772,.T.);
#1903=FACE_BOUND('',#1773,.T.);
#1904=FACE_BOUND('',#1774,.T.);
#1905=FACE_BOUND('',#1775,.T.);
#1906=FACE_BOUND('',#1776,.T.);
#1907=FACE_BOUND('',#1777,.T.);
#1908=FACE_BOUND('',#1778,.T.);
#1909=FACE_BOUND('',#1779,.T.);
#1910=FACE_BOUND('',#1780,.T.);
#1911=FACE_BOUND('',#1781,.T.);
#1912=FACE_BOUND('',#1782,.T.);
#1913=FACE_BOUND('',#1783,.T.);
#1914=FACE_BOUND('',#1784,.T.);
#1915=FACE_BOUND('',#1785,.T.);
#1916=FACE_BOUND('',#1786,.T.);
#1917=FACE_BOUND('',#1787,.T.);
#1918=FACE_BOUND('',#1788,.T.);
#1919=FACE_BOUND('',#1789,.T.);
#1920=FACE_BOUND('',#1790,.T.);
#1921=FACE_BOUND('',#1791,.T.);
#1922=FACE_BOUND('',#1792,.T.);
#1923=FACE_BOUND('',#1793,.T.);
#1924=FACE_BOUND('',#1794,.T.);
#1925=FACE_BOUND('',#1795,.T.);
#1926=FACE_BOUND('',#1796,.T.);
#1927=FACE_BOUND('',#1797,.T.);
#1928=FACE_BOUND('',#1798,.T.);
#1929=FACE_BOUND('',#1799,.T.);
#1930=FACE_BOUND('',#1800,.T.);
#1931=FACE_BOUND('',#1801,.T.);
#1932=FACE_BOUND('',#1802,.T.);
#1933=FACE_BOUND('',#1803,.T.);
#1934=FACE_BOUND('',#1804,.T.);
#1935=FACE_BOUND('',#1805,.T.);
#1936=FACE_BOUND('',#1806,.T.);
#1937=FACE_BOUND('',#1807,.T.);
#1938=FACE_BOUND('',#1808,.T.);
#1939=FACE_BOUND('',#1809,.T.);
#1940=FACE_BOUND('',#1810,.T.);
#1941=FACE_BOUND('',#1811,.T.);
#1942=FACE_BOUND('',#1812,.T.);
#1943=FACE_BOUND('',#1813,.T.);
#1944=FACE_BOUND('',#1814,.T.);
#1945=FACE_BOUND('',#1815,.T.);
#1946=FACE_BOUND('',#1816,.T.);
#1947=FACE_BOUND('',#1817,.T.);
#1948=FACE_BOUND('',#1818,.T.);
#1949=FACE_BOUND('',#1819,.T.);
#1950=FACE_BOUND('',#1820,.T.);
#1951=FACE_BOUND('',#1821,.T.);
#1952=FACE_BOUND('',#1822,.T.);
#1953=FACE_BOUND('',#1823,.T.);
#1954=FACE_BOUND('',#1824,.T.);
#1955=FACE_BOUND('',#1825,.T.);
#1956=FACE_BOUND('',#1826,.T.);
#1957=FACE_BOUND('',#1827,.T.);
#1958=FACE_BOUND('',#1828,.T.);
#1959=FACE_BOUND('',#1829,.T.);
#1960=FACE_BOUND('',#1830,.T.);
#1961=FACE_BOUND('',#1831,.T.);
#1962=FACE_BOUND('',#1832,.T.);
#1963=FACE_BOUND('',#1833,.T.);
#1964=FACE_BOUND('',#1834,.T.);
#1965=FACE_BOUND('',#1835,.T.);
#1966=FACE_BOUND('',#1836,.T.);
#1967=FACE_BOUND('',#1837,.T.);
#1968=FACE_BOUND('',#1838,.T.);
#1969=FACE_BOUND('',#1839,.T.);
#1970=FACE_BOUND('',#1840,.T.);
#1971=FACE_BOUND('',#1841,.T.);
#1972=FACE_BOUND('',#1842,.T.);
#1973=FACE_BOUND('',#1843,.T.);
#1974=FACE_BOUND('',#1844,.T.);
#1975=FACE_BOUND('',#1845,.T.);
#1976=FACE_BOUND('',#1846,.T.);
#1977=FACE_BOUND('',#1847,.T.);
#1978=FACE_BOUND('',#1848,.T.);
#1979=FACE_BOUND('',#1849,.T.);
#1980=FACE_BOUND('',#1850,.T.);
#1981=FACE_BOUND('',#1851,.T.);
#1982=FACE_BOUND('',#1852,.T.);
#1983=FACE_BOUND('',#1853,.T.);
#1984=FACE_BOUND('',#1854,.T.);
#1985=FACE_BOUND('',#1855,.T.);
#1986=FACE_BOUND('',#1856,.T.);
#1987=FACE_BOUND('',#1857,.T.);
#1988=FACE_BOUND('',#1858,.T.);
#1989=FACE_BOUND('',#1859,.T.);
#1990=FACE_BOUND('',#1860,.T.);
#1991=FACE_BOUND('',#1861,.T.);
#1992=FACE_BOUND('',#1862,.T.);
#1993=FACE_BOUND('',#1863,.T.);
#1994=FACE_BOUND('',#1864,.T.);
#1995=FACE_BOUND('',#1865,.T.);
#1996=FACE_BOUND('',#1866,.T.);
#1997=FACE_BOUND('',#1867,.T.);
#1998=FACE_BOUND('',#1868,.T.);
#1999=FACE_BOUND('',#1869,.T.);
#2000=FACE_BOUND('',#1870,.T.);
#2001=FACE_BOUND('',#1871,.T.);
#2002=FACE_BOUND('',#1872,.T.);
#2003=FACE_BOUND('',#1873,.T.);
#2004=FACE_BOUND('',#1874,.T.);
#2005=FACE_BOUND('',#1875,.T.);
#2006=FACE_BOUND('',#1876,.T.);
#2007=FACE_BOUND('',#1877,.T.);
#2008=FACE_BOUND('',#1878,.T.);
#2009=FACE_BOUND('',#1879,.T.);
#2010=FACE_BOUND('',#1880,.T.);
#2011=FACE_BOUND('',#1881,.T.);
#2012=FACE_BOUND('',#1882,.T.);
#2013=FACE_BOUND('',#1883,.T.);
#2014=FACE_BOUND('',#1884,.T.);
#2015=FACE_BOUND('',#1885,.T.);
#2016=FACE_BOUND('',#1886,.T.);
#2017=FACE_BOUND('',#1887,.T.);
#2018=B_SPLINE_SURFACE_WITH_KNOTS('',3,1,((#2850,#2851),(#2852,#2853),(#2854,
#2855),(#2856,#2857),(#2858,#2859),(#2860,#2861),(#2862,#2863),(#2864,#2865),
(#2866,#2867),(#2868,#2869)),.SURF_OF_LINEAR_EXTRUSION.,.F.,.F.,.F.,(4,
1,1,1,1,1,1,4),(2,2),(0.,0.125,0.25,0.375,0.5,0.625,0.75,1.),(0.,1.),
 .UNSPECIFIED.);
#2019=B_SPLINE_SURFACE_WITH_KNOTS('',3,1,((#2902,#2903),(#2904,#2905),(#2906,
#2907),(#2908,#2909),(#2910,#2911),(#2912,#2913),(#2914,#2915),(#2916,#2917),
(#2918,#2919),(#2920,#2921)),.SURF_OF_LINEAR_EXTRUSION.,.F.,.F.,.F.,(4,
1,1,1,1,1,1,4),(2,2),(-9.21040133138486E-13,0.124999999999194,0.249999999999309,
0.374999999999424,0.499999999999539,0.624999999999655,0.74999999999977,
1.),(0.,1.),.UNSPECIFIED.);
#2020=B_SPLINE_SURFACE_WITH_KNOTS('',3,1,((#2957,#2958),(#2959,#2960),(#2961,
#2962),(#2963,#2964),(#2965,#2966),(#2967,#2968),(#2969,#2970),(#2971,#2972),
(#2973,#2974),(#2975,#2976)),.SURF_OF_LINEAR_EXTRUSION.,.F.,.F.,.F.,(4,
1,1,1,1,1,1,4),(2,2),(0.,0.125,0.25,0.375,0.5,0.625,0.75,1.),(0.,1.),
 .UNSPECIFIED.);
#2021=B_SPLINE_SURFACE_WITH_KNOTS('',3,1,((#3006,#3007),(#3008,#3009),(#3010,
#3011),(#3012,#3013),(#3014,#3015),(#3016,#3017),(#3018,#3019),(#3020,#3021),
(#3022,#3023),(#3024,#3025)),.SURF_OF_LINEAR_EXTRUSION.,.F.,.F.,.F.,(4,
1,1,1,1,1,1,4),(2,2),(-9.21041405210462E-13,0.124999999999194,0.249999999999309,
0.374999999999424,0.499999999999539,0.624999999999655,0.74999999999977,
1.),(0.,1.),.UNSPECIFIED.);
#2022=B_SPLINE_SURFACE_WITH_KNOTS('',3,1,((#3061,#3062),(#3063,#3064),(#3065,
#3066),(#3067,#3068),(#3069,#3070),(#3071,#3072),(#3073,#3074),(#3075,#3076),
(#3077,#3078),(#3079,#3080)),.SURF_OF_LINEAR_EXTRUSION.,.F.,.F.,.F.,(4,
1,1,1,1,1,1,4),(2,2),(0.,0.125,0.25,0.375,0.5,0.625,0.75,1.),(0.,1.),
 .UNSPECIFIED.);
#2023=B_SPLINE_SURFACE_WITH_KNOTS('',3,1,((#3110,#3111),(#3112,#3113),(#3114,
#3115),(#3116,#3117),(#3118,#3119),(#3120,#3121),(#3122,#3123),(#3124,#3125),
(#3126,#3127),(#3128,#3129)),.SURF_OF_LINEAR_EXTRUSION.,.F.,.F.,.F.,(4,
1,1,1,1,1,1,4),(2,2),(0.,0.125,0.25,0.375,0.5,0.625,0.75,1.),(0.,1.),
 .UNSPECIFIED.);
#2024=B_SPLINE_SURFACE_WITH_KNOTS('',3,1,((#3162,#3163),(#3164,#3165),(#3166,
#3167),(#3168,#3169),(#3170,#3171),(#3172,#3173),(#3174,#3175),(#3176,#3177),
(#3178,#3179),(#3180,#3181)),.SURF_OF_LINEAR_EXTRUSION.,.F.,.F.,.F.,(4,
1,1,1,1,1,1,4),(2,2),(-9.20798731366535E-13,0.124999999999194,0.249999999999309,
0.374999999999424,0.49999999999954,0.624999999999655,0.74999999999977,1.),
(0.,1.),.UNSPECIFIED.);
#2025=B_SPLINE_SURFACE_WITH_KNOTS('',3,1,((#3217,#3218),(#3219,#3220),(#3221,
#3222),(#3223,#3224),(#3225,#3226),(#3227,#3228),(#3229,#3230),(#3231,#3232),
(#3233,#3234),(#3235,#3236)),.SURF_OF_LINEAR_EXTRUSION.,.F.,.F.,.F.,(4,
1,1,1,1,1,1,4),(2,2),(0.,0.125,0.25,0.375,0.5,0.625,0.75,1.),(0.,1.),
 .UNSPECIFIED.);
#2026=B_SPLINE_SURFACE_WITH_KNOTS('',3,1,((#3266,#3267),(#3268,#3269),(#3270,
#3271),(#3272,#3273),(#3274,#3275),(#3276,#3277),(#3278,#3279),(#3280,#3281),
(#3282,#3283),(#3284,#3285)),.SURF_OF_LINEAR_EXTRUSION.,.F.,.F.,.F.,(4,
1,1,1,1,1,1,4),(2,2),(0.,0.125,0.25,0.375,0.5,0.625,0.75,1.),(0.,1.),
 .UNSPECIFIED.);
#2027=B_SPLINE_SURFACE_WITH_KNOTS('',3,1,((#3318,#3319),(#3320,#3321),(#3322,
#3323),(#3324,#3325),(#3326,#3327),(#3328,#3329),(#3330,#3331),(#3332,#3333),
(#3334,#3335),(#3336,#3337)),.SURF_OF_LINEAR_EXTRUSION.,.F.,.F.,.F.,(4,
1,1,1,1,1,1,4),(2,2),(-9.20995004978443E-13,0.124999999999194,0.249999999999309,
0.374999999999424,0.499999999999539,0.624999999999655,0.74999999999977,
1.),(0.,1.),.UNSPECIFIED.);
#2028=B_SPLINE_SURFACE_WITH_KNOTS('',3,1,((#3373,#3374),(#3375,#3376),(#3377,
#3378),(#3379,#3380),(#3381,#3382),(#3383,#3384),(#3385,#3386),(#3387,#3388),
(#3389,#3390),(#3391,#3392)),.SURF_OF_LINEAR_EXTRUSION.,.F.,.F.,.F.,(4,
1,1,1,1,1,1,4),(2,2),(-9.20937654594261E-13,0.124999999999194,0.249999999999309,
0.374999999999424,0.49999999999954,0.624999999999655,0.74999999999977,1.),
(0.,1.),.UNSPECIFIED.);
#2029=B_SPLINE_SURFACE_WITH_KNOTS('',3,1,((#3425,#3426),(#3427,#3428),(#3429,
#3430),(#3431,#3432),(#3433,#3434),(#3435,#3436),(#3437,#3438),(#3439,#3440),
(#3441,#3442),(#3443,#3444)),.SURF_OF_LINEAR_EXTRUSION.,.F.,.F.,.F.,(4,
1,1,1,1,1,1,4),(2,2),(-9.2114862220643E-13,0.124999999999194,0.249999999999309,
0.374999999999424,0.499999999999539,0.624999999999655,0.74999999999977,
1.),(0.,1.),.UNSPECIFIED.);
#2030=B_SPLINE_SURFACE_WITH_KNOTS('',3,1,((#3477,#3478),(#3479,#3480),(#3481,
#3482),(#3483,#3484),(#3485,#3486),(#3487,#3488),(#3489,#3490),(#3491,#3492),
(#3493,#3494),(#3495,#3496)),.SURF_OF_LINEAR_EXTRUSION.,.F.,.F.,.F.,(4,
1,1,1,1,1,1,4),(2,2),(0.,0.125,0.25,0.375,0.5,0.625,0.75,1.),(0.,1.),
 .UNSPECIFIED.);
#2031=B_SPLINE_SURFACE_WITH_KNOTS('',3,1,((#3526,#3527),(#3528,#3529),(#3530,
#3531),(#3532,#3533),(#3534,#3535),(#3536,#3537),(#3538,#3539),(#3540,#3541),
(#3542,#3543),(#3544,#3545)),.SURF_OF_LINEAR_EXTRUSION.,.F.,.F.,.F.,(4,
1,1,1,1,1,1,4),(2,2),(0.,0.125,0.25,0.375,0.5,0.625,0.75,1.),(0.,1.),
 .UNSPECIFIED.);
#2032=B_SPLINE_SURFACE_WITH_KNOTS('',3,1,((#3578,#3579),(#3580,#3581),(#3582,
#3583),(#3584,#3585),(#3586,#3587),(#3588,#3589),(#3590,#3591),(#3592,#3593),
(#3594,#3595),(#3596,#3597)),.SURF_OF_LINEAR_EXTRUSION.,.F.,.F.,.F.,(4,
1,1,1,1,1,1,4),(2,2),(-9.2047352926471E-13,0.124999999999195,0.24999999999931,
0.374999999999425,0.49999999999954,0.624999999999655,0.74999999999977,1.),
(0.,1.),.UNSPECIFIED.);
#2033=B_SPLINE_SURFACE_WITH_KNOTS('',3,1,((#3633,#3634),(#3635,#3636),(#3637,
#3638),(#3639,#3640),(#3641,#3642),(#3643,#3644),(#3645,#3646),(#3647,#3648),
(#3649,#3650),(#3651,#3652)),.SURF_OF_LINEAR_EXTRUSION.,.F.,.F.,.F.,(4,
1,1,1,1,1,1,4),(2,2),(-9.20968995742598E-13,0.124999999999194,0.249999999999309,
0.374999999999424,0.49999999999954,0.624999999999655,0.74999999999977,1.),
(0.,1.),.UNSPECIFIED.);
#2034=B_SPLINE_SURFACE_WITH_KNOTS('',3,1,((#3685,#3686),(#3687,#3688),(#3689,
#3690),(#3691,#3692),(#3693,#3694),(#3695,#3696),(#3697,#3698),(#3699,#3700),
(#3701,#3702),(#3703,#3704)),.SURF_OF_LINEAR_EXTRUSION.,.F.,.F.,.F.,(4,
1,1,1,1,1,1,4),(2,2),(0.,0.125,0.25,0.375,0.5,0.625,0.75,1.),(0.,1.),
 .UNSPECIFIED.);
#2035=B_SPLINE_SURFACE_WITH_KNOTS('',3,1,((#3734,#3735),(#3736,#3737),(#3738,
#3739),(#3740,#3741),(#3742,#3743),(#3744,#3745),(#3746,#3747),(#3748,#3749),
(#3750,#3751),(#3752,#3753)),.SURF_OF_LINEAR_EXTRUSION.,.F.,.F.,.F.,(4,
1,1,1,1,1,1,4),(2,2),(-9.21095228720085E-13,0.124999999999194,0.249999999999309,
0.374999999999424,0.499999999999539,0.624999999999655,0.74999999999977,
1.),(0.,1.),.UNSPECIFIED.);
#2036=ADVANCED_FACE('',(#1888),#2018,.T.);
#2037=ADVANCED_FACE('',(#1889),#2019,.F.);
#2038=ADVANCED_FACE('',(#1890),#152,.T.);
#2039=ADVANCED_FACE('',(#1891),#2020,.T.);
#2040=ADVANCED_FACE('',(#1892),#2021,.F.);
#2041=ADVANCED_FACE('',(#1893),#153,.T.);
#2042=ADVANCED_FACE('',(#1894),#2022,.T.);
#2043=ADVANCED_FACE('',(#1895),#2023,.T.);
#2044=ADVANCED_FACE('',(#1896),#2024,.F.);
#2045=ADVANCED_FACE('',(#1897),#154,.T.);
#2046=ADVANCED_FACE('',(#1898),#2025,.T.);
#2047=ADVANCED_FACE('',(#1899),#2026,.T.);
#2048=ADVANCED_FACE('',(#1900),#2027,.F.);
#2049=ADVANCED_FACE('',(#1901),#155,.T.);
#2050=ADVANCED_FACE('',(#1902),#2028,.F.);
#2051=ADVANCED_FACE('',(#1903),#156,.T.);
#2052=ADVANCED_FACE('',(#1904),#2029,.F.);
#2053=ADVANCED_FACE('',(#1905),#157,.T.);
#2054=ADVANCED_FACE('',(#1906),#2030,.T.);
#2055=ADVANCED_FACE('',(#1907),#2031,.T.);
#2056=ADVANCED_FACE('',(#1908),#2032,.F.);
#2057=ADVANCED_FACE('',(#1909),#158,.T.);
#2058=ADVANCED_FACE('',(#1910),#2033,.F.);
#2059=ADVANCED_FACE('',(#1911),#159,.T.);
#2060=ADVANCED_FACE('',(#1912),#2034,.T.);
#2061=ADVANCED_FACE('',(#1913),#2035,.F.);
#2062=ADVANCED_FACE('',(#1914),#160,.T.);
#2063=ADVANCED_FACE('',(#1915,#1916),#161,.T.);
#2064=ADVANCED_FACE('',(#1917,#1918),#162,.T.);
#2065=ADVANCED_FACE('',(#1919),#39,.T.);
#2066=ADVANCED_FACE('',(#1920),#163,.F.);
#2067=ADVANCED_FACE('',(#1921),#164,.T.);
#2068=ADVANCED_FACE('',(#1922),#165,.F.);
#2069=ADVANCED_FACE('',(#1923),#40,.F.);
#2070=ADVANCED_FACE('',(#1924),#41,.T.);
#2071=ADVANCED_FACE('',(#1925),#166,.F.);
#2072=ADVANCED_FACE('',(#1926),#167,.T.);
#2073=ADVANCED_FACE('',(#1927),#168,.F.);
#2074=ADVANCED_FACE('',(#1928),#42,.F.);
#2075=ADVANCED_FACE('',(#1929),#43,.T.);
#2076=ADVANCED_FACE('',(#1930),#169,.F.);
#2077=ADVANCED_FACE('',(#1931),#170,.T.);
#2078=ADVANCED_FACE('',(#1932),#171,.F.);
#2079=ADVANCED_FACE('',(#1933),#44,.F.);
#2080=ADVANCED_FACE('',(#1934),#172,.T.);
#2081=ADVANCED_FACE('',(#1935),#173,.F.);
#2082=ADVANCED_FACE('',(#1936),#45,.F.);
#2083=ADVANCED_FACE('',(#1937),#46,.T.);
#2084=ADVANCED_FACE('',(#1938),#174,.F.);
#2085=ADVANCED_FACE('',(#1939),#47,.T.);
#2086=ADVANCED_FACE('',(#1940),#175,.F.);
#2087=ADVANCED_FACE('',(#1941),#176,.T.);
#2088=ADVANCED_FACE('',(#1942),#177,.F.);
#2089=ADVANCED_FACE('',(#1943),#48,.F.);
#2090=ADVANCED_FACE('',(#1944),#49,.T.);
#2091=ADVANCED_FACE('',(#1945),#178,.F.);
#2092=ADVANCED_FACE('',(#1946),#179,.T.);
#2093=ADVANCED_FACE('',(#1947),#180,.F.);
#2094=ADVANCED_FACE('',(#1948),#50,.F.);
#2095=ADVANCED_FACE('',(#1949),#51,.T.);
#2096=ADVANCED_FACE('',(#1950),#181,.F.);
#2097=ADVANCED_FACE('',(#1951),#182,.T.);
#2098=ADVANCED_FACE('',(#1952),#183,.F.);
#2099=ADVANCED_FACE('',(#1953),#52,.F.);
#2100=ADVANCED_FACE('',(#1954),#53,.T.);
#2101=ADVANCED_FACE('',(#1955),#184,.F.);
#2102=ADVANCED_FACE('',(#1956),#185,.T.);
#2103=ADVANCED_FACE('',(#1957),#186,.F.);
#2104=ADVANCED_FACE('',(#1958),#54,.F.);
#2105=ADVANCED_FACE('',(#1959),#55,.T.);
#2106=ADVANCED_FACE('',(#1960),#187,.F.);
#2107=ADVANCED_FACE('',(#1961),#188,.T.);
#2108=ADVANCED_FACE('',(#1962),#189,.F.);
#2109=ADVANCED_FACE('',(#1963),#56,.F.);
#2110=ADVANCED_FACE('',(#1964),#57,.T.);
#2111=ADVANCED_FACE('',(#1965),#190,.F.);
#2112=ADVANCED_FACE('',(#1966),#191,.T.);
#2113=ADVANCED_FACE('',(#1967),#192,.F.);
#2114=ADVANCED_FACE('',(#1968),#58,.F.);
#2115=ADVANCED_FACE('',(#1969),#59,.T.);
#2116=ADVANCED_FACE('',(#1970),#193,.F.);
#2117=ADVANCED_FACE('',(#1971),#194,.T.);
#2118=ADVANCED_FACE('',(#1972),#195,.F.);
#2119=ADVANCED_FACE('',(#1973),#60,.F.);
#2120=ADVANCED_FACE('',(#1974),#61,.T.);
#2121=ADVANCED_FACE('',(#1975),#196,.F.);
#2122=ADVANCED_FACE('',(#1976),#197,.T.);
#2123=ADVANCED_FACE('',(#1977),#198,.F.);
#2124=ADVANCED_FACE('',(#1978),#62,.F.);
#2125=ADVANCED_FACE('',(#1979),#63,.T.);
#2126=ADVANCED_FACE('',(#1980),#199,.F.);
#2127=ADVANCED_FACE('',(#1981),#200,.T.);
#2128=ADVANCED_FACE('',(#1982),#201,.F.);
#2129=ADVANCED_FACE('',(#1983),#64,.F.);
#2130=ADVANCED_FACE('',(#1984,#1985),#14,.T.);
#2131=ADVANCED_FACE('',(#1986,#1987),#13,.T.);
#2132=ADVANCED_FACE('',(#1988,#1989),#12,.F.);
#2133=ADVANCED_FACE('',(#1990),#15,.T.);
#2134=ADVANCED_FACE('',(#1991),#16,.T.);
#2135=ADVANCED_FACE('',(#1992),#17,.T.);
#2136=ADVANCED_FACE('',(#1993),#18,.T.);
#2137=ADVANCED_FACE('',(#1994),#19,.T.);
#2138=ADVANCED_FACE('',(#1995),#20,.T.);
#2139=ADVANCED_FACE('',(#1996),#21,.T.);
#2140=ADVANCED_FACE('',(#1997),#22,.T.);
#2141=ADVANCED_FACE('',(#1998),#23,.T.);
#2142=ADVANCED_FACE('',(#1999),#24,.T.);
#2143=ADVANCED_FACE('',(#2000),#25,.T.);
#2144=ADVANCED_FACE('',(#2001),#26,.T.);
#2145=ADVANCED_FACE('',(#2002),#27,.T.);
#2146=ADVANCED_FACE('',(#2003,#2004),#28,.T.);
#2147=ADVANCED_FACE('',(#2005),#65,.F.);
#2148=ADVANCED_FACE('',(#2006),#29,.T.);
#2149=ADVANCED_FACE('',(#2007),#30,.T.);
#2150=ADVANCED_FACE('',(#2008),#31,.T.);
#2151=ADVANCED_FACE('',(#2009),#32,.T.);
#2152=ADVANCED_FACE('',(#2010),#33,.T.);
#2153=ADVANCED_FACE('',(#2011),#34,.T.);
#2154=ADVANCED_FACE('',(#2012),#35,.T.);
#2155=ADVANCED_FACE('',(#2013),#36,.T.);
#2156=ADVANCED_FACE('',(#2014),#37,.T.);
#2157=ADVANCED_FACE('',(#2015,#2016),#38,.T.);
#2158=ADVANCED_FACE('',(#2017),#66,.F.);
#2159=CLOSED_SHELL('',(#2036,#2037,#2038,#2039,#2040,#2041,#2042,#2043,
#2044,#2045,#2046,#2047,#2048,#2049,#2050,#2051,#2052,#2053,#2054,#2055,
#2056,#2057,#2058,#2059,#2060,#2061,#2062,#2063,#2064,#2065,#2066,#2067,
#2068,#2069,#2070,#2071,#2072,#2073,#2074,#2075,#2076,#2077,#2078,#2079,
#2080,#2081,#2082,#2083,#2084,#2085,#2086,#2087,#2088,#2089,#2090,#2091,
#2092,#2093,#2094,#2095,#2096,#2097,#2098,#2099,#2100,#2101,#2102,#2103,
#2104,#2105,#2106,#2107,#2108,#2109,#2110,#2111,#2112,#2113,#2114,#2115,
#2116,#2117,#2118,#2119,#2120,#2121,#2122,#2123,#2124,#2125,#2126,#2127,
#2128,#2129,#2130,#2131,#2132,#2133,#2134,#2135,#2136,#2137,#2138,#2139,
#2140,#2141,#2142,#2143,#2144,#2145,#2146,#2147,#2148,#2149,#2150,#2151,
#2152,#2153,#2154,#2155,#2156,#2157,#2158));
#2160=STYLED_ITEM('',(#2161),#2168);
#2161=PRESENTATION_STYLE_ASSIGNMENT((#2162));
#2162=SURFACE_STYLE_USAGE(.BOTH.,#2163);
#2163=SURFACE_SIDE_STYLE('',(#2164));
#2164=SURFACE_STYLE_FILL_AREA(#2165);
#2165=FILL_AREA_STYLE('',(#2166));
#2166=FILL_AREA_STYLE_COLOUR('',#2167);
#2167=COLOUR_RGB('',0.615686274509804,0.811764705882353,0.929411764705882);
#2168=MANIFOLD_SOLID_BREP('adaptor',#2159);
#2169=SHAPE_DEFINITION_REPRESENTATION(#4637,#2170);
#2170=SHAPE_REPRESENTATION('adaptor',(#2171),#4632);
#2171=AXIS2_PLACEMENT_3D('',#2849,#2362,#2363);
#2172=AXIS2_PLACEMENT_3D('',#2954,#2368,#2369);
#2173=AXIS2_PLACEMENT_3D('',#2955,#2370,#2371);
#2174=AXIS2_PLACEMENT_3D('',#2956,#2372,#2373);
#2175=AXIS2_PLACEMENT_3D('',#3058,#2377,#2378);
#2176=AXIS2_PLACEMENT_3D('',#3059,#2379,#2380);
#2177=AXIS2_PLACEMENT_3D('',#3060,#2381,#2382);
#2178=AXIS2_PLACEMENT_3D('',#3214,#2388,#2389);
#2179=AXIS2_PLACEMENT_3D('',#3215,#2390,#2391);
#2180=AXIS2_PLACEMENT_3D('',#3216,#2392,#2393);
#2181=AXIS2_PLACEMENT_3D('',#3370,#2399,#2400);
#2182=AXIS2_PLACEMENT_3D('',#3371,#2401,#2402);
#2183=AXIS2_PLACEMENT_3D('',#3372,#2403,#2404);
#2184=AXIS2_PLACEMENT_3D('',#3422,#2406,#2407);
#2185=AXIS2_PLACEMENT_3D('',#3423,#2408,#2409);
#2186=AXIS2_PLACEMENT_3D('',#3424,#2410,#2411);
#2187=AXIS2_PLACEMENT_3D('',#3474,#2413,#2414);
#2188=AXIS2_PLACEMENT_3D('',#3475,#2415,#2416);
#2189=AXIS2_PLACEMENT_3D('',#3476,#2417,#2418);
#2190=AXIS2_PLACEMENT_3D('',#3630,#2424,#2425);
#2191=AXIS2_PLACEMENT_3D('',#3631,#2426,#2427);
#2192=AXIS2_PLACEMENT_3D('',#3632,#2428,#2429);
#2193=AXIS2_PLACEMENT_3D('',#3682,#2431,#2432);
#2194=AXIS2_PLACEMENT_3D('',#3683,#2433,#2434);
#2195=AXIS2_PLACEMENT_3D('',#3684,#2435,#2436);
#2196=AXIS2_PLACEMENT_3D('',#3783,#2439,#2440);
#2197=AXIS2_PLACEMENT_3D('',#3784,#2441,#2442);
#2198=AXIS2_PLACEMENT_3D('',#3785,#2443,#2444);
#2199=AXIS2_PLACEMENT_3D('',#3786,#2445,#2446);
#2200=AXIS2_PLACEMENT_3D('',#3787,#2447,#2448);
#2201=AXIS2_PLACEMENT_3D('',#3789,#2449,#2450);
#2202=AXIS2_PLACEMENT_3D('',#3790,#2451,#2452);
#2203=AXIS2_PLACEMENT_3D('',#3791,#2453,#2454);
#2204=AXIS2_PLACEMENT_3D('',#3792,#2455,#2456);
#2205=AXIS2_PLACEMENT_3D('',#3793,#2457,#2458);
#2206=AXIS2_PLACEMENT_3D('',#3794,#2459,#2460);
#2207=AXIS2_PLACEMENT_3D('',#3795,#2461,#2462);
#2208=AXIS2_PLACEMENT_3D('',#3796,#2463,#2464);
#2209=AXIS2_PLACEMENT_3D('',#3797,#2465,#2466);
#2210=AXIS2_PLACEMENT_3D('',#3798,#2467,#2468);
#2211=AXIS2_PLACEMENT_3D('',#3799,#2469,#2470);
#2212=AXIS2_PLACEMENT_3D('',#3801,#2471,#2472);
#2213=AXIS2_PLACEMENT_3D('',#3806,#2474,#2475);
#2214=AXIS2_PLACEMENT_3D('',#3810,#2477,#2478);
#2215=AXIS2_PLACEMENT_3D('',#3814,#2480,#2481);
#2216=AXIS2_PLACEMENT_3D('',#3818,#2483,#2484);
#2217=AXIS2_PLACEMENT_3D('',#3822,#2486,#2487);
#2218=AXIS2_PLACEMENT_3D('',#3826,#2489,#2490);
#2219=AXIS2_PLACEMENT_3D('',#3830,#2492,#2493);
#2220=AXIS2_PLACEMENT_3D('',#3834,#2495,#2496);
#2221=AXIS2_PLACEMENT_3D('',#3838,#2498,#2499);
#2222=AXIS2_PLACEMENT_3D('',#3842,#2501,#2502);
#2223=AXIS2_PLACEMENT_3D('',#3846,#2504,#2505);
#2224=AXIS2_PLACEMENT_3D('',#3850,#2507,#2508);
#2225=AXIS2_PLACEMENT_3D('',#3854,#2510,#2511);
#2226=AXIS2_PLACEMENT_3D('',#3858,#2513,#2514);
#2227=AXIS2_PLACEMENT_3D('',#3862,#2516,#2517);
#2228=AXIS2_PLACEMENT_3D('',#3866,#2519,#2520);
#2229=AXIS2_PLACEMENT_3D('',#3870,#2522,#2523);
#2230=AXIS2_PLACEMENT_3D('',#3874,#2525,#2526);
#2231=AXIS2_PLACEMENT_3D('',#3878,#2528,#2529);
#2232=AXIS2_PLACEMENT_3D('',#3882,#2531,#2532);
#2233=AXIS2_PLACEMENT_3D('',#3886,#2534,#2535);
#2234=AXIS2_PLACEMENT_3D('',#3890,#2537,#2538);
#2235=AXIS2_PLACEMENT_3D('',#3894,#2540,#2541);
#2236=AXIS2_PLACEMENT_3D('',#3898,#2543,#2544);
#2237=AXIS2_PLACEMENT_3D('',#3902,#2546,#2547);
#2238=AXIS2_PLACEMENT_3D('',#3905,#2549,#2550);
#2239=AXIS2_PLACEMENT_3D('',#3917,#2552,#2553);
#2240=AXIS2_PLACEMENT_3D('',#3930,#2555,#2556);
#2241=AXIS2_PLACEMENT_3D('',#3931,#2557,#2558);
#2242=AXIS2_PLACEMENT_3D('',#3935,#2560,#2561);
#2243=AXIS2_PLACEMENT_3D('',#3936,#2562,#2563);
#2244=AXIS2_PLACEMENT_3D('',#3949,#2565,#2566);
#2245=AXIS2_PLACEMENT_3D('',#3958,#2567,#2568);
#2246=AXIS2_PLACEMENT_3D('',#3970,#2570,#2571);
#2247=AXIS2_PLACEMENT_3D('',#3983,#2573,#2574);
#2248=AXIS2_PLACEMENT_3D('',#3984,#2575,#2576);
#2249=AXIS2_PLACEMENT_3D('',#3988,#2578,#2579);
#2250=AXIS2_PLACEMENT_3D('',#3989,#2580,#2581);
#2251=AXIS2_PLACEMENT_3D('',#4002,#2583,#2584);
#2252=AXIS2_PLACEMENT_3D('',#4011,#2585,#2586);
#2253=AXIS2_PLACEMENT_3D('',#4023,#2588,#2589);
#2254=AXIS2_PLACEMENT_3D('',#4036,#2591,#2592);
#2255=AXIS2_PLACEMENT_3D('',#4037,#2593,#2594);
#2256=AXIS2_PLACEMENT_3D('',#4041,#2596,#2597);
#2257=AXIS2_PLACEMENT_3D('',#4042,#2598,#2599);
#2258=AXIS2_PLACEMENT_3D('',#4055,#2601,#2602);
#2259=AXIS2_PLACEMENT_3D('',#4064,#2603,#2604);
#2260=AXIS2_PLACEMENT_3D('',#4065,#2605,#2606);
#2261=AXIS2_PLACEMENT_3D('',#4070,#2608,#2609);
#2262=AXIS2_PLACEMENT_3D('',#4073,#2611,#2612);
#2263=AXIS2_PLACEMENT_3D('',#4086,#2614,#2615);
#2264=AXIS2_PLACEMENT_3D('',#4095,#2616,#2617);
#2265=AXIS2_PLACEMENT_3D('',#4107,#2619,#2620);
#2266=AXIS2_PLACEMENT_3D('',#4117,#2621,#2622);
#2267=AXIS2_PLACEMENT_3D('',#4129,#2624,#2625);
#2268=AXIS2_PLACEMENT_3D('',#4142,#2627,#2628);
#2269=AXIS2_PLACEMENT_3D('',#4143,#2629,#2630);
#2270=AXIS2_PLACEMENT_3D('',#4147,#2632,#2633);
#2271=AXIS2_PLACEMENT_3D('',#4148,#2634,#2635);
#2272=AXIS2_PLACEMENT_3D('',#4161,#2637,#2638);
#2273=AXIS2_PLACEMENT_3D('',#4170,#2639,#2640);
#2274=AXIS2_PLACEMENT_3D('',#4182,#2642,#2643);
#2275=AXIS2_PLACEMENT_3D('',#4195,#2645,#2646);
#2276=AXIS2_PLACEMENT_3D('',#4196,#2647,#2648);
#2277=AXIS2_PLACEMENT_3D('',#4200,#2650,#2651);
#2278=AXIS2_PLACEMENT_3D('',#4201,#2652,#2653);
#2279=AXIS2_PLACEMENT_3D('',#4214,#2655,#2656);
#2280=AXIS2_PLACEMENT_3D('',#4223,#2657,#2658);
#2281=AXIS2_PLACEMENT_3D('',#4235,#2660,#2661);
#2282=AXIS2_PLACEMENT_3D('',#4248,#2663,#2664);
#2283=AXIS2_PLACEMENT_3D('',#4249,#2665,#2666);
#2284=AXIS2_PLACEMENT_3D('',#4253,#2668,#2669);
#2285=AXIS2_PLACEMENT_3D('',#4254,#2670,#2671);
#2286=AXIS2_PLACEMENT_3D('',#4267,#2673,#2674);
#2287=AXIS2_PLACEMENT_3D('',#4276,#2675,#2676);
#2288=AXIS2_PLACEMENT_3D('',#4288,#2678,#2679);
#2289=AXIS2_PLACEMENT_3D('',#4301,#2681,#2682);
#2290=AXIS2_PLACEMENT_3D('',#4302,#2683,#2684);
#2291=AXIS2_PLACEMENT_3D('',#4306,#2686,#2687);
#2292=AXIS2_PLACEMENT_3D('',#4307,#2688,#2689);
#2293=AXIS2_PLACEMENT_3D('',#4320,#2691,#2692);
#2294=AXIS2_PLACEMENT_3D('',#4329,#2693,#2694);
#2295=AXIS2_PLACEMENT_3D('',#4341,#2696,#2697);
#2296=AXIS2_PLACEMENT_3D('',#4354,#2699,#2700);
#2297=AXIS2_PLACEMENT_3D('',#4355,#2701,#2702);
#2298=AXIS2_PLACEMENT_3D('',#4359,#2704,#2705);
#2299=AXIS2_PLACEMENT_3D('',#4360,#2706,#2707);
#2300=AXIS2_PLACEMENT_3D('',#4373,#2709,#2710);
#2301=AXIS2_PLACEMENT_3D('',#4382,#2711,#2712);
#2302=AXIS2_PLACEMENT_3D('',#4394,#2714,#2715);
#2303=AXIS2_PLACEMENT_3D('',#4407,#2717,#2718);
#2304=AXIS2_PLACEMENT_3D('',#4408,#2719,#2720);
#2305=AXIS2_PLACEMENT_3D('',#4412,#2722,#2723);
#2306=AXIS2_PLACEMENT_3D('',#4413,#2724,#2725);
#2307=AXIS2_PLACEMENT_3D('',#4426,#2727,#2728);
#2308=AXIS2_PLACEMENT_3D('',#4435,#2729,#2730);
#2309=AXIS2_PLACEMENT_3D('',#4447,#2732,#2733);
#2310=AXIS2_PLACEMENT_3D('',#4460,#2735,#2736);
#2311=AXIS2_PLACEMENT_3D('',#4461,#2737,#2738);
#2312=AXIS2_PLACEMENT_3D('',#4465,#2740,#2741);
#2313=AXIS2_PLACEMENT_3D('',#4466,#2742,#2743);
#2314=AXIS2_PLACEMENT_3D('',#4479,#2745,#2746);
#2315=AXIS2_PLACEMENT_3D('',#4488,#2747,#2748);
#2316=AXIS2_PLACEMENT_3D('',#4500,#2750,#2751);
#2317=AXIS2_PLACEMENT_3D('',#4513,#2753,#2754);
#2318=AXIS2_PLACEMENT_3D('',#4514,#2755,#2756);
#2319=AXIS2_PLACEMENT_3D('',#4518,#2758,#2759);
#2320=AXIS2_PLACEMENT_3D('',#4519,#2760,#2761);
#2321=AXIS2_PLACEMENT_3D('',#4532,#2763,#2764);
#2322=AXIS2_PLACEMENT_3D('',#4541,#2765,#2766);
#2323=AXIS2_PLACEMENT_3D('',#4553,#2768,#2769);
#2324=AXIS2_PLACEMENT_3D('',#4566,#2771,#2772);
#2325=AXIS2_PLACEMENT_3D('',#4567,#2773,#2774);
#2326=AXIS2_PLACEMENT_3D('',#4571,#2776,#2777);
#2327=AXIS2_PLACEMENT_3D('',#4572,#2778,#2779);
#2328=AXIS2_PLACEMENT_3D('',#4585,#2781,#2782);
#2329=AXIS2_PLACEMENT_3D('',#4594,#2783,#2784);
#2330=AXIS2_PLACEMENT_3D('',#4595,#2785,#2786);
#2331=AXIS2_PLACEMENT_3D('',#4597,#2787,#2788);
#2332=AXIS2_PLACEMENT_3D('',#4599,#2789,#2790);
#2333=AXIS2_PLACEMENT_3D('',#4600,#2791,#2792);
#2334=AXIS2_PLACEMENT_3D('',#4601,#2793,#2794);
#2335=AXIS2_PLACEMENT_3D('',#4602,#2795,#2796);
#2336=AXIS2_PLACEMENT_3D('',#4603,#2797,#2798);
#2337=AXIS2_PLACEMENT_3D('',#4604,#2799,#2800);
#2338=AXIS2_PLACEMENT_3D('',#4605,#2801,#2802);
#2339=AXIS2_PLACEMENT_3D('',#4606,#2803,#2804);
#2340=AXIS2_PLACEMENT_3D('',#4607,#2805,#2806);
#2341=AXIS2_PLACEMENT_3D('',#4608,#2807,#2808);
#2342=AXIS2_PLACEMENT_3D('',#4609,#2809,#2810);
#2343=AXIS2_PLACEMENT_3D('',#4610,#2811,#2812);
#2344=AXIS2_PLACEMENT_3D('',#4611,#2813,#2814);
#2345=AXIS2_PLACEMENT_3D('',#4612,#2815,#2816);
#2346=AXIS2_PLACEMENT_3D('',#4613,#2817,#2818);
#2347=AXIS2_PLACEMENT_3D('',#4614,#2819,#2820);
#2348=AXIS2_PLACEMENT_3D('',#4615,#2821,#2822);
#2349=AXIS2_PLACEMENT_3D('',#4617,#2823,#2824);
#2350=AXIS2_PLACEMENT_3D('',#4618,#2825,#2826);
#2351=AXIS2_PLACEMENT_3D('',#4619,#2827,#2828);
#2352=AXIS2_PLACEMENT_3D('',#4620,#2829,#2830);
#2353=AXIS2_PLACEMENT_3D('',#4621,#2831,#2832);
#2354=AXIS2_PLACEMENT_3D('',#4622,#2833,#2834);
#2355=AXIS2_PLACEMENT_3D('',#4623,#2835,#2836);
#2356=AXIS2_PLACEMENT_3D('',#4624,#2837,#2838);
#2357=AXIS2_PLACEMENT_3D('',#4625,#2839,#2840);
#2358=AXIS2_PLACEMENT_3D('',#4626,#2841,#2842);
#2359=AXIS2_PLACEMENT_3D('',#4627,#2843,#2844);
#2360=AXIS2_PLACEMENT_3D('',#4628,#2845,#2846);
#2361=AXIS2_PLACEMENT_3D('',#4630,#2847,#2848);
#2362=DIRECTION('',(0.,0.,1.));
#2363=DIRECTION('',(1.,0.,0.));
#2364=DIRECTION('',(-4.18853873767699E-17,1.,2.37543835937521E-16));
#2365=DIRECTION('',(-4.18853873767699E-17,1.,2.37543835937521E-16));
#2366=DIRECTION('',(-4.18853873767699E-17,1.,2.37543835937521E-16));
#2367=DIRECTION('',(4.18853873767699E-17,1.,2.37543835937521E-16));
#2368=DIRECTION('',(-4.18853873767699E-17,1.,2.37543835937521E-16));
#2369=DIRECTION('',(0.342020143325668,2.37543835937521E-16,-0.939692620785908));
#2370=DIRECTION('',(0.,-1.,-1.22464679914735E-16));
#2371=DIRECTION('',(0.,1.22464679914735E-16,-1.));
#2372=DIRECTION('',(0.,-1.,-1.22464679914735E-16));
#2373=DIRECTION('',(0.,1.22464679914735E-16,-1.));
#2374=DIRECTION('',(4.18853873767699E-17,1.,2.37543835937521E-16));
#2375=DIRECTION('',(4.18853873767699E-17,1.,2.37543835937521E-16));
#2376=DIRECTION('',(1.06057523872491E-16,1.,1.83697019872103E-16));
#2377=DIRECTION('',(4.18853873767699E-17,1.,2.37543835937521E-16));
#2378=DIRECTION('',(-0.342020143325669,2.37543835937521E-16,-0.939692620785908));
#2379=DIRECTION('',(0.,-1.,-1.22464679914735E-16));
#2380=DIRECTION('',(0.,1.22464679914735E-16,-1.));
#2381=DIRECTION('',(0.,-1.,-1.22464679914735E-16));
#2382=DIRECTION('',(0.,1.22464679914735E-16,-1.));
#2383=DIRECTION('',(1.06057523872491E-16,1.,1.83697019872103E-16));
#2384=DIRECTION('',(1.2060416625019E-16,1.,1.01198911418978E-16));
#2385=DIRECTION('',(1.2060416625019E-16,1.,1.01198911418978E-16));
#2386=DIRECTION('',(1.2060416625019E-16,1.,1.01198911418978E-16));
#2387=DIRECTION('',(7.87187788734199E-17,1.,2.8651292387708E-17));
#2388=DIRECTION('',(1.2060416625019E-16,1.,1.01198911418978E-16));
#2389=DIRECTION('',(-0.984807753012208,1.01198911418978E-16,0.17364817766693));
#2390=DIRECTION('',(0.,-1.,-1.22464679914735E-16));
#2391=DIRECTION('',(0.,1.22464679914735E-16,-1.));
#2392=DIRECTION('',(0.,-1.,-1.22464679914735E-16));
#2393=DIRECTION('',(0.,1.22464679914735E-16,-1.));
#2394=DIRECTION('',(7.87187788734199E-17,1.,2.8651292387708E-17));
#2395=DIRECTION('',(0.,1.,0.));
#2396=DIRECTION('',(0.,1.,0.));
#2397=DIRECTION('',(0.,1.,0.));
#2398=DIRECTION('',(0.,1.,0.));
#2399=DIRECTION('',(0.,1.,0.));
#2400=DIRECTION('',(0.,0.,1.));
#2401=DIRECTION('',(0.,-1.,-1.22464679914735E-16));
#2402=DIRECTION('',(0.,1.22464679914735E-16,-1.));
#2403=DIRECTION('',(0.,-1.,-1.22464679914735E-16));
#2404=DIRECTION('',(0.,1.22464679914735E-16,-1.));
#2405=DIRECTION('',(7.87187788734199E-17,1.,2.8651292387708E-17));
#2406=DIRECTION('',(7.87187788734199E-17,1.,2.8651292387708E-17));
#2407=DIRECTION('',(-0.642787609686539,2.8651292387708E-17,0.766044443118978));
#2408=DIRECTION('',(0.,-1.,-1.22464679914735E-16));
#2409=DIRECTION('',(0.,1.22464679914735E-16,-1.));
#2410=DIRECTION('',(0.,-1.,-1.22464679914735E-16));
#2411=DIRECTION('',(0.,1.22464679914735E-16,-1.));
#2412=DIRECTION('',(1.06057523872491E-16,1.,1.83697019872103E-16));
#2413=DIRECTION('',(1.06057523872491E-16,1.,1.83697019872103E-16));
#2414=DIRECTION('',(-0.866025403784439,1.83697019872103E-16,-0.5));
#2415=DIRECTION('',(0.,-1.,-1.22464679914735E-16));
#2416=DIRECTION('',(0.,1.22464679914735E-16,-1.));
#2417=DIRECTION('',(0.,-1.,-1.22464679914735E-16));
#2418=DIRECTION('',(0.,1.22464679914735E-16,-1.));
#2419=DIRECTION('',(-7.87187788734199E-17,1.,2.8651292387708E-17));
#2420=DIRECTION('',(-1.2060416625019E-16,1.,1.01198911418978E-16));
#2421=DIRECTION('',(-1.2060416625019E-16,1.,1.01198911418978E-16));
#2422=DIRECTION('',(-1.2060416625019E-16,1.,1.01198911418978E-16));
#2423=DIRECTION('',(-1.06057523872491E-16,1.,1.83697019872103E-16));
#2424=DIRECTION('',(-1.2060416625019E-16,1.,1.01198911418978E-16));
#2425=DIRECTION('',(0.984807753012208,1.01198911418978E-16,0.17364817766693));
#2426=DIRECTION('',(0.,-1.,-1.22464679914735E-16));
#2427=DIRECTION('',(0.,1.22464679914735E-16,-1.));
#2428=DIRECTION('',(0.,-1.,-1.22464679914735E-16));
#2429=DIRECTION('',(0.,1.22464679914735E-16,-1.));
#2430=DIRECTION('',(-7.87187788734199E-17,1.,2.8651292387708E-17));
#2431=DIRECTION('',(-7.87187788734199E-17,1.,2.8651292387708E-17));
#2432=DIRECTION('',(0.64278760968654,2.8651292387708E-17,0.766044443118978));
#2433=DIRECTION('',(0.,-1.,-1.22464679914735E-16));
#2434=DIRECTION('',(0.,1.22464679914735E-16,-1.));
#2435=DIRECTION('',(0.,-1.,-1.22464679914735E-16));
#2436=DIRECTION('',(0.,1.22464679914735E-16,-1.));
#2437=DIRECTION('',(-1.06057523872491E-16,1.,1.83697019872103E-16));
#2438=DIRECTION('',(-1.06057523872491E-16,1.,1.83697019872103E-16));
#2439=DIRECTION('',(-1.06057523872491E-16,1.,1.83697019872103E-16));
#2440=DIRECTION('',(0.866025403784438,1.83697019872103E-16,-0.5));
#2441=DIRECTION('',(0.,-1.,-1.22464679914735E-16));
#2442=DIRECTION('',(0.,1.22464679914735E-16,-1.));
#2443=DIRECTION('',(0.,-1.,-1.22464679914735E-16));
#2444=DIRECTION('',(0.,1.22464679914735E-16,-1.));
#2445=DIRECTION('',(0.,1.,0.));
#2446=DIRECTION('',(0.,0.,1.));
#2447=DIRECTION('',(0.,1.,0.));
#2448=DIRECTION('',(0.,0.,1.));
#2449=DIRECTION('',(0.,1.,0.));
#2450=DIRECTION('',(0.,0.,1.));
#2451=DIRECTION('',(7.87187788734199E-17,1.,2.8651292387708E-17));
#2452=DIRECTION('',(-0.642787609686539,2.8651292387708E-17,0.766044443118978));
#2453=DIRECTION('',(1.2060416625019E-16,1.,1.01198911418978E-16));
#2454=DIRECTION('',(-0.984807753012208,1.01198911418978E-16,0.17364817766693));
#2455=DIRECTION('',(1.06057523872491E-16,1.,1.83697019872103E-16));
#2456=DIRECTION('',(-0.866025403784439,1.83697019872103E-16,-0.5));
#2457=DIRECTION('',(4.18853873767699E-17,1.,2.37543835937521E-16));
#2458=DIRECTION('',(-0.342020143325669,2.37543835937521E-16,-0.939692620785908));
#2459=DIRECTION('',(-4.18853873767699E-17,1.,2.37543835937521E-16));
#2460=DIRECTION('',(0.342020143325668,2.37543835937521E-16,-0.939692620785908));
#2461=DIRECTION('',(-1.06057523872491E-16,1.,1.83697019872103E-16));
#2462=DIRECTION('',(0.866025403784438,1.83697019872103E-16,-0.5));
#2463=DIRECTION('',(-1.2060416625019E-16,1.,1.01198911418978E-16));
#2464=DIRECTION('',(0.984807753012208,1.01198911418978E-16,0.17364817766693));
#2465=DIRECTION('',(-7.87187788734199E-17,1.,2.8651292387708E-17));
#2466=DIRECTION('',(0.64278760968654,2.8651292387708E-17,0.766044443118978));
#2467=DIRECTION('',(0.,1.,0.));
#2468=DIRECTION('',(0.,0.,1.));
#2469=DIRECTION('',(0.,-1.,0.));
#2470=DIRECTION('',(0.,0.,-1.));
#2471=DIRECTION('',(0.,-1.,0.));
#2472=DIRECTION('',(0.,0.,-1.));
#2473=DIRECTION('',(0.,-1.,0.));
#2474=DIRECTION('',(0.,1.,0.));
#2475=DIRECTION('',(0.,0.,1.));
#2476=DIRECTION('',(0.,-1.,0.));
#2477=DIRECTION('',(0.,-1.,0.));
#2478=DIRECTION('',(0.,0.,-1.));
#2479=DIRECTION('',(0.,-1.,0.));
#2480=DIRECTION('',(0.,1.,0.));
#2481=DIRECTION('',(0.,0.,1.));
#2482=DIRECTION('',(0.,-1.,0.));
#2483=DIRECTION('',(0.,-1.,0.));
#2484=DIRECTION('',(0.,0.,-1.));
#2485=DIRECTION('',(0.,-1.,0.));
#2486=DIRECTION('',(0.,1.,0.));
#2487=DIRECTION('',(0.,0.,1.));
#2488=DIRECTION('',(0.,-1.,0.));
#2489=DIRECTION('',(0.,-1.,0.));
#2490=DIRECTION('',(0.,0.,-1.));
#2491=DIRECTION('',(0.,-1.,0.));
#2492=DIRECTION('',(0.,1.,0.));
#2493=DIRECTION('',(0.,0.,1.));
#2494=DIRECTION('',(0.,-1.,0.));
#2495=DIRECTION('',(0.,-1.,0.));
#2496=DIRECTION('',(0.,0.,-1.));
#2497=DIRECTION('',(0.,-1.,0.));
#2498=DIRECTION('',(0.,1.,0.));
#2499=DIRECTION('',(0.,0.,1.));
#2500=DIRECTION('',(0.,-1.,0.));
#2501=DIRECTION('',(0.,-1.,0.));
#2502=DIRECTION('',(0.,0.,-1.));
#2503=DIRECTION('',(0.,-1.,0.));
#2504=DIRECTION('',(0.,1.,0.));
#2505=DIRECTION('',(0.,0.,1.));
#2506=DIRECTION('',(0.,-1.,0.));
#2507=DIRECTION('',(0.,-1.,0.));
#2508=DIRECTION('',(0.,0.,-1.));
#2509=DIRECTION('',(0.,-1.,0.));
#2510=DIRECTION('',(0.,1.,0.));
#2511=DIRECTION('',(0.,0.,1.));
#2512=DIRECTION('',(0.,-1.,0.));
#2513=DIRECTION('',(0.,-1.,0.));
#2514=DIRECTION('',(0.,0.,-1.));
#2515=DIRECTION('',(0.,-1.,0.));
#2516=DIRECTION('',(0.,1.,0.));
#2517=DIRECTION('',(0.,0.,1.));
#2518=DIRECTION('',(0.,-1.,0.));
#2519=DIRECTION('',(0.,-1.,0.));
#2520=DIRECTION('',(0.,0.,-1.));
#2521=DIRECTION('',(0.,-1.,0.));
#2522=DIRECTION('',(0.,1.,0.));
#2523=DIRECTION('',(0.,0.,1.));
#2524=DIRECTION('',(0.,-1.,0.));
#2525=DIRECTION('',(0.,-1.,0.));
#2526=DIRECTION('',(0.,0.,-1.));
#2527=DIRECTION('',(0.,-1.,0.));
#2528=DIRECTION('',(0.,1.,0.));
#2529=DIRECTION('',(0.,0.,1.));
#2530=DIRECTION('',(0.,-1.,0.));
#2531=DIRECTION('',(0.,-1.,0.));
#2532=DIRECTION('',(0.,0.,-1.));
#2533=DIRECTION('',(0.,-1.,0.));
#2534=DIRECTION('',(0.,1.,0.));
#2535=DIRECTION('',(0.,0.,1.));
#2536=DIRECTION('',(0.,-1.,0.));
#2537=DIRECTION('',(0.,-1.,0.));
#2538=DIRECTION('',(0.,0.,-1.));
#2539=DIRECTION('',(0.,-1.,0.));
#2540=DIRECTION('',(0.,1.,0.));
#2541=DIRECTION('',(0.,0.,1.));
#2542=DIRECTION('',(0.,-1.,0.));
#2543=DIRECTION('',(0.,-1.,0.));
#2544=DIRECTION('',(0.,0.,-1.));
#2545=DIRECTION('',(0.,-1.,0.));
#2546=DIRECTION('',(0.,1.,0.));
#2547=DIRECTION('',(0.,0.,1.));
#2548=DIRECTION('',(0.,-1.,0.));
#2549=DIRECTION('',(0.99675730813421,0.,-0.0804665687167245));
#2550=DIRECTION('',(0.0804665687167245,0.,0.99675730813421));
#2551=DIRECTION('',(0.,-1.,0.));
#2552=DIRECTION('',(0.,-1.,0.));
#2553=DIRECTION('',(0.,0.,-1.));
#2554=DIRECTION('',(0.,-1.,0.));
#2555=DIRECTION('',(0.,-1.,0.));
#2556=DIRECTION('',(0.,0.,-1.));
#2557=DIRECTION('',(0.,1.,0.));
#2558=DIRECTION('',(0.,0.,1.));
#2559=DIRECTION('',(0.,-1.,0.));
#2560=DIRECTION('',(0.,1.,0.));
#2561=DIRECTION('',(0.,0.,1.));
#2562=DIRECTION('',(0.,-1.,0.));
#2563=DIRECTION('',(0.,0.,-1.));
#2564=DIRECTION('',(0.,-1.,0.));
#2565=DIRECTION('',(0.200025693776043,0.,-0.979790652042268));
#2566=DIRECTION('',(0.979790652042268,0.,0.200025693776043));
#2567=DIRECTION('',(0.5,0.,-0.866025403784438));
#2568=DIRECTION('',(0.866025403784438,0.,0.5));
#2569=DIRECTION('',(0.,-1.,0.));
#2570=DIRECTION('',(0.,-1.,0.));
#2571=DIRECTION('',(0.,0.,-1.));
#2572=DIRECTION('',(0.,-1.,0.));
#2573=DIRECTION('',(0.,-1.,0.));
#2574=DIRECTION('',(0.,0.,-1.));
#2575=DIRECTION('',(0.,1.,0.));
#2576=DIRECTION('',(0.,0.,1.));
#2577=DIRECTION('',(0.,-1.,0.));
#2578=DIRECTION('',(0.,1.,0.));
#2579=DIRECTION('',(0.,0.,1.));
#2580=DIRECTION('',(0.,-1.,0.));
#2581=DIRECTION('',(0.,0.,-1.));
#2582=DIRECTION('',(0.,-1.,0.));
#2583=DIRECTION('',(-0.6927243535096,0.,-0.721202447343814));
#2584=DIRECTION('',(0.721202447343814,0.,-0.6927243535096));
#2585=DIRECTION('',(0.632445375595377,0.,0.774604961827655));
#2586=DIRECTION('',(-0.774604961827655,0.,0.632445375595377));
#2587=DIRECTION('',(0.,-1.,0.));
#2588=DIRECTION('',(0.,-1.,0.));
#2589=DIRECTION('',(0.,0.,-1.));
#2590=DIRECTION('',(0.,-1.,0.));
#2591=DIRECTION('',(0.,-1.,0.));
#2592=DIRECTION('',(0.,0.,-1.));
#2593=DIRECTION('',(0.,1.,0.));
#2594=DIRECTION('',(0.,0.,1.));
#2595=DIRECTION('',(0.,-1.,0.));
#2596=DIRECTION('',(0.,1.,0.));
#2597=DIRECTION('',(0.,0.,1.));
#2598=DIRECTION('',(0.,-1.,0.));
#2599=DIRECTION('',(0.,0.,-1.));
#2600=DIRECTION('',(0.,-1.,0.));
#2601=DIRECTION('',(0.919979443658824,0.,-0.391966609860076));
#2602=DIRECTION('',(0.391966609860076,0.,0.919979443658824));
#2603=DIRECTION('',(0.,-1.,0.));
#2604=DIRECTION('',(0.,0.,-1.));
#2605=DIRECTION('',(0.,1.,0.));
#2606=DIRECTION('',(0.,0.,1.));
#2607=DIRECTION('',(0.,-1.,0.));
#2608=DIRECTION('',(0.,1.,0.));
#2609=DIRECTION('',(0.,0.,1.));
#2610=DIRECTION('',(0.,-1.,0.));
#2611=DIRECTION('',(0.,-1.,0.));
#2612=DIRECTION('',(0.,0.,-1.));
#2613=DIRECTION('',(0.,-1.,0.));
#2614=DIRECTION('',(0.632445375595377,0.,-0.774604961827655));
#2615=DIRECTION('',(0.774604961827655,0.,0.632445375595377));
#2616=DIRECTION('',(0.919979443658824,0.,0.391966609860076));
#2617=DIRECTION('',(-0.391966609860076,0.,0.919979443658824));
#2618=DIRECTION('',(0.,-1.,0.));
#2619=DIRECTION('',(0.,-1.,0.));
#2620=DIRECTION('',(0.,0.,-1.));
#2621=DIRECTION('',(0.845190085543795,0.,-0.534465826127801));
#2622=DIRECTION('',(0.534465826127801,0.,0.845190085543795));
#2623=DIRECTION('',(0.,-1.,0.));
#2624=DIRECTION('',(0.,-1.,0.));
#2625=DIRECTION('',(0.,0.,-1.));
#2626=DIRECTION('',(0.,-1.,0.));
#2627=DIRECTION('',(0.,-1.,0.));
#2628=DIRECTION('',(0.,0.,-1.));
#2629=DIRECTION('',(0.,1.,0.));
#2630=DIRECTION('',(0.,0.,1.));
#2631=DIRECTION('',(0.,-1.,0.));
#2632=DIRECTION('',(0.,1.,0.));
#2633=DIRECTION('',(0.,0.,1.));
#2634=DIRECTION('',(0.,-1.,0.));
#2635=DIRECTION('',(0.,0.,-1.));
#2636=DIRECTION('',(0.,-1.,0.));
#2637=DIRECTION('',(-0.278217463916454,0.,-0.960518111631372));
#2638=DIRECTION('',(0.960518111631372,0.,-0.278217463916454));
#2639=DIRECTION('',(0.200025693776044,0.,0.979790652042268));
#2640=DIRECTION('',(-0.979790652042268,0.,0.200025693776044));
#2641=DIRECTION('',(0.,-1.,0.));
#2642=DIRECTION('',(0.,-1.,0.));
#2643=DIRECTION('',(0.,0.,-1.));
#2644=DIRECTION('',(0.,-1.,0.));
#2645=DIRECTION('',(0.,-1.,0.));
#2646=DIRECTION('',(0.,0.,-1.));
#2647=DIRECTION('',(0.,1.,0.));
#2648=DIRECTION('',(0.,0.,1.));
#2649=DIRECTION('',(0.,-1.,0.));
#2650=DIRECTION('',(0.,1.,0.));
#2651=DIRECTION('',(0.,0.,1.));
#2652=DIRECTION('',(0.,-1.,0.));
#2653=DIRECTION('',(0.,0.,-1.));
#2654=DIRECTION('',(0.,-1.,0.));
#2655=DIRECTION('',(0.99675730813421,0.,0.0804665687167251));
#2656=DIRECTION('',(-0.0804665687167251,0.,0.99675730813421));
#2657=DIRECTION('',(-0.278217463916454,0.,0.960518111631372));
#2658=DIRECTION('',(-0.960518111631372,0.,-0.278217463916454));
#2659=DIRECTION('',(0.,-1.,0.));
#2660=DIRECTION('',(0.,-1.,0.));
#2661=DIRECTION('',(0.,0.,-1.));
#2662=DIRECTION('',(0.,-1.,0.));
#2663=DIRECTION('',(0.,-1.,0.));
#2664=DIRECTION('',(0.,0.,-1.));
#2665=DIRECTION('',(0.,1.,0.));
#2666=DIRECTION('',(0.,0.,1.));
#2667=DIRECTION('',(0.,-1.,0.));
#2668=DIRECTION('',(0.,1.,0.));
#2669=DIRECTION('',(0.,0.,1.));
#2670=DIRECTION('',(0.,-1.,0.));
#2671=DIRECTION('',(0.,0.,-1.));
#2672=DIRECTION('',(0.,-1.,0.));
#2673=DIRECTION('',(0.845190085543795,0.,0.5344658261278));
#2674=DIRECTION('',(-0.5344658261278,0.,0.845190085543795));
#2675=DIRECTION('',(-0.6927243535096,0.,0.721202447343814));
#2676=DIRECTION('',(-0.721202447343814,0.,-0.6927243535096));
#2677=DIRECTION('',(0.,-1.,0.));
#2678=DIRECTION('',(0.,-1.,0.));
#2679=DIRECTION('',(0.,0.,-1.));
#2680=DIRECTION('',(0.,-1.,0.));
#2681=DIRECTION('',(0.,-1.,0.));
#2682=DIRECTION('',(0.,0.,-1.));
#2683=DIRECTION('',(0.,1.,0.));
#2684=DIRECTION('',(0.,0.,1.));
#2685=DIRECTION('',(0.,-1.,0.));
#2686=DIRECTION('',(0.,1.,0.));
#2687=DIRECTION('',(0.,0.,1.));
#2688=DIRECTION('',(0.,-1.,0.));
#2689=DIRECTION('',(0.,0.,-1.));
#2690=DIRECTION('',(0.,-1.,0.));
#2691=DIRECTION('',(0.5,0.,0.866025403784438));
#2692=DIRECTION('',(-0.866025403784438,0.,0.5));
#2693=DIRECTION('',(-0.948536441947146,0.,0.316667993801472));
#2694=DIRECTION('',(-0.316667993801472,0.,-0.948536441947146));
#2695=DIRECTION('',(0.,-1.,0.));
#2696=DIRECTION('',(0.,-1.,0.));
#2697=DIRECTION('',(0.,0.,-1.));
#2698=DIRECTION('',(0.,-1.,0.));
#2699=DIRECTION('',(0.,-1.,0.));
#2700=DIRECTION('',(0.,0.,-1.));
#2701=DIRECTION('',(0.,1.,0.));
#2702=DIRECTION('',(0.,0.,1.));
#2703=DIRECTION('',(0.,-1.,0.));
#2704=DIRECTION('',(0.,1.,0.));
#2705=DIRECTION('',(0.,0.,1.));
#2706=DIRECTION('',(0.,-1.,0.));
#2707=DIRECTION('',(0.,0.,-1.));
#2708=DIRECTION('',(0.,-1.,0.));
#2709=DIRECTION('',(0.0402659401094161,0.,0.99918899817157));
#2710=DIRECTION('',(-0.99918899817157,0.,0.0402659401094161));
#2711=DIRECTION('',(-0.987050262637913,0.,-0.160411280857761));
#2712=DIRECTION('',(0.160411280857761,0.,-0.987050262637913));
#2713=DIRECTION('',(0.,-1.,0.));
#2714=DIRECTION('',(0.,-1.,0.));
#2715=DIRECTION('',(0.,0.,-1.));
#2716=DIRECTION('',(0.,-1.,0.));
#2717=DIRECTION('',(0.,-1.,0.));
#2718=DIRECTION('',(0.,0.,-1.));
#2719=DIRECTION('',(0.,1.,0.));
#2720=DIRECTION('',(0.,0.,1.));
#2721=DIRECTION('',(0.,-1.,0.));
#2722=DIRECTION('',(0.,1.,0.));
#2723=DIRECTION('',(0.,0.,1.));
#2724=DIRECTION('',(0.,-1.,0.));
#2725=DIRECTION('',(0.,0.,-1.));
#2726=DIRECTION('',(0.,-1.,0.));
#2727=DIRECTION('',(-0.428692561403054,0.,0.903450434610383));
#2728=DIRECTION('',(-0.903450434610383,0.,-0.428692561403054));
#2729=DIRECTION('',(-0.799442763403501,0.,-0.600742264237979));
#2730=DIRECTION('',(0.600742264237979,0.,-0.799442763403501));
#2731=DIRECTION('',(0.,-1.,0.));
#2732=DIRECTION('',(0.,-1.,0.));
#2733=DIRECTION('',(0.,0.,-1.));
#2734=DIRECTION('',(0.,-1.,0.));
#2735=DIRECTION('',(0.,-1.,0.));
#2736=DIRECTION('',(0.,0.,-1.));
#2737=DIRECTION('',(0.,1.,0.));
#2738=DIRECTION('',(0.,0.,1.));
#2739=DIRECTION('',(0.,-1.,0.));
#2740=DIRECTION('',(0.,1.,0.));
#2741=DIRECTION('',(0.,0.,1.));
#2742=DIRECTION('',(0.,-1.,0.));
#2743=DIRECTION('',(0.,0.,-1.));
#2744=DIRECTION('',(0.,-1.,0.));
#2745=DIRECTION('',(-0.799442763403501,0.,0.60074226423798));
#2746=DIRECTION('',(-0.60074226423798,0.,-0.799442763403501));
#2747=DIRECTION('',(-0.428692561403054,0.,-0.903450434610383));
#2748=DIRECTION('',(0.903450434610383,0.,-0.428692561403054));
#2749=DIRECTION('',(0.,-1.,0.));
#2750=DIRECTION('',(0.,-1.,0.));
#2751=DIRECTION('',(0.,0.,-1.));
#2752=DIRECTION('',(0.,-1.,0.));
#2753=DIRECTION('',(0.,-1.,0.));
#2754=DIRECTION('',(0.,0.,-1.));
#2755=DIRECTION('',(0.,1.,0.));
#2756=DIRECTION('',(0.,0.,1.));
#2757=DIRECTION('',(0.,-1.,0.));
#2758=DIRECTION('',(0.,1.,0.));
#2759=DIRECTION('',(0.,0.,1.));
#2760=DIRECTION('',(0.,-1.,0.));
#2761=DIRECTION('',(0.,0.,-1.));
#2762=DIRECTION('',(0.,-1.,0.));
#2763=DIRECTION('',(-0.987050262637913,0.,0.160411280857761));
#2764=DIRECTION('',(-0.160411280857761,0.,-0.987050262637913));
#2765=DIRECTION('',(0.0402659401094159,0.,-0.99918899817157));
#2766=DIRECTION('',(0.99918899817157,0.,0.0402659401094159));
#2767=DIRECTION('',(0.,-1.,0.));
#2768=DIRECTION('',(0.,-1.,0.));
#2769=DIRECTION('',(0.,0.,-1.));
#2770=DIRECTION('',(0.,-1.,0.));
#2771=DIRECTION('',(0.,-1.,0.));
#2772=DIRECTION('',(0.,0.,-1.));
#2773=DIRECTION('',(0.,1.,0.));
#2774=DIRECTION('',(0.,0.,1.));
#2775=DIRECTION('',(0.,-1.,0.));
#2776=DIRECTION('',(0.,1.,0.));
#2777=DIRECTION('',(0.,0.,1.));
#2778=DIRECTION('',(0.,-1.,0.));
#2779=DIRECTION('',(0.,0.,-1.));
#2780=DIRECTION('',(0.,-1.,0.));
#2781=DIRECTION('',(-0.948536441947146,0.,-0.316667993801472));
#2782=DIRECTION('',(0.316667993801472,0.,-0.948536441947146));
#2783=DIRECTION('',(0.,-1.,0.));
#2784=DIRECTION('',(0.,0.,-1.));
#2785=DIRECTION('',(0.,-1.,0.));
#2786=DIRECTION('',(0.,0.,-1.));
#2787=DIRECTION('',(0.,1.,0.));
#2788=DIRECTION('',(0.,0.,1.));
#2789=DIRECTION('',(0.,-1.,0.));
#2790=DIRECTION('',(0.,0.,-1.));
#2791=DIRECTION('',(0.,1.,0.));
#2792=DIRECTION('',(0.,0.,1.));
#2793=DIRECTION('',(0.,1.,0.));
#2794=DIRECTION('',(0.,0.,1.));
#2795=DIRECTION('',(0.,1.,0.));
#2796=DIRECTION('',(0.,0.,1.));
#2797=DIRECTION('',(0.,1.,0.));
#2798=DIRECTION('',(0.,0.,1.));
#2799=DIRECTION('',(0.,1.,0.));
#2800=DIRECTION('',(0.,0.,1.));
#2801=DIRECTION('',(0.,1.,0.));
#2802=DIRECTION('',(0.,0.,1.));
#2803=DIRECTION('',(0.,1.,0.));
#2804=DIRECTION('',(0.,0.,1.));
#2805=DIRECTION('',(0.,1.,0.));
#2806=DIRECTION('',(0.,0.,1.));
#2807=DIRECTION('',(0.,1.,0.));
#2808=DIRECTION('',(0.,0.,1.));
#2809=DIRECTION('',(0.,1.,0.));
#2810=DIRECTION('',(0.,0.,1.));
#2811=DIRECTION('',(0.,1.,0.));
#2812=DIRECTION('',(0.,0.,1.));
#2813=DIRECTION('',(0.,1.,0.));
#2814=DIRECTION('',(0.,0.,1.));
#2815=DIRECTION('',(0.,1.,0.));
#2816=DIRECTION('',(0.,0.,1.));
#2817=DIRECTION('',(0.,1.,0.));
#2818=DIRECTION('',(0.,0.,1.));
#2819=DIRECTION('',(0.,1.,0.));
#2820=DIRECTION('',(0.,0.,1.));
#2821=DIRECTION('',(0.,-1.,0.));
#2822=DIRECTION('',(0.,0.,-1.));
#2823=DIRECTION('',(0.,1.,0.));
#2824=DIRECTION('',(0.,0.,1.));
#2825=DIRECTION('',(0.,-1.,-1.22464679914735E-16));
#2826=DIRECTION('',(0.,1.22464679914735E-16,-1.));
#2827=DIRECTION('',(0.,-1.,-1.22464679914735E-16));
#2828=DIRECTION('',(0.,1.22464679914735E-16,-1.));
#2829=DIRECTION('',(0.,-1.,-1.22464679914735E-16));
#2830=DIRECTION('',(0.,1.22464679914735E-16,-1.));
#2831=DIRECTION('',(0.,-1.,-1.22464679914735E-16));
#2832=DIRECTION('',(0.,1.22464679914735E-16,-1.));
#2833=DIRECTION('',(0.,-1.,-1.22464679914735E-16));
#2834=DIRECTION('',(0.,1.22464679914735E-16,-1.));
#2835=DIRECTION('',(0.,-1.,-1.22464679914735E-16));
#2836=DIRECTION('',(0.,1.22464679914735E-16,-1.));
#2837=DIRECTION('',(0.,-1.,-1.22464679914735E-16));
#2838=DIRECTION('',(0.,1.22464679914735E-16,-1.));
#2839=DIRECTION('',(0.,-1.,-1.22464679914735E-16));
#2840=DIRECTION('',(0.,1.22464679914735E-16,-1.));
#2841=DIRECTION('',(0.,-1.,-1.22464679914735E-16));
#2842=DIRECTION('',(0.,1.22464679914735E-16,-1.));
#2843=DIRECTION('',(0.,-1.,-1.22464679914735E-16));
#2844=DIRECTION('',(0.,1.22464679914735E-16,-1.));
#2845=DIRECTION('',(0.,-1.,-1.22464679914735E-16));
#2846=DIRECTION('',(0.,1.22464679914735E-16,-1.));
#2847=DIRECTION('',(0.,-1.,0.));
#2848=DIRECTION('',(0.,0.,-1.));
#2849=CARTESIAN_POINT('',(0.,0.,0.));
#2850=CARTESIAN_POINT('',(0.00671169687932939,0.00470118579234972,-0.00387500000000001));
#2851=CARTESIAN_POINT('',(0.00671169687932939,0.0551011821493625,-0.003875));
#2852=CARTESIAN_POINT('',(0.00664371671345538,0.00470118579234972,-0.00398893785813704));
#2853=CARTESIAN_POINT('',(0.00664371671345537,0.0551011821493625,-0.00398893785813703));
#2854=CARTESIAN_POINT('',(0.00645729726120695,0.00470118579234972,-0.00428803927464744));
#2855=CARTESIAN_POINT('',(0.00645729726120695,0.0551011821493625,-0.00428803927464743));
#2856=CARTESIAN_POINT('',(0.00621549787537585,0.00470118579234972,-0.00453564049913101));
#2857=CARTESIAN_POINT('',(0.00621549787537585,0.0551011821493625,-0.004535640499131));
#2858=CARTESIAN_POINT('',(0.00597807283941535,0.00470118579234972,-0.00449412870388106));
#2859=CARTESIAN_POINT('',(0.00597807283941535,0.0551011821493625,-0.00449412870388105));
#2860=CARTESIAN_POINT('',(0.00557748619659566,0.00470118579234972,-0.00449033547389723));
#2861=CARTESIAN_POINT('',(0.00557748619659565,0.0551011821493625,-0.00449033547389722));
#2862=CARTESIAN_POINT('',(0.00529649348059412,0.00470118579234972,-0.00444526900066689));
#2863=CARTESIAN_POINT('',(0.00529649348059412,0.0551011821493625,-0.00444526900066688));
#2864=CARTESIAN_POINT('',(0.00484262632258247,0.00470118579234972,-0.00434739453101081));
#2865=CARTESIAN_POINT('',(0.00484262632258246,0.0551011821493625,-0.0043473945310108));
#2866=CARTESIAN_POINT('',(0.00450387653936422,0.00470118579234972,-0.00419495553094367));
#2867=CARTESIAN_POINT('',(0.00450387653936422,0.0551011821493625,-0.00419495553094366));
#2868=CARTESIAN_POINT('',(0.00429734622299308,0.00470118579234972,-0.00411525399455818));
#2869=CARTESIAN_POINT('',(0.00429734622299308,0.0551011821493625,-0.00411525399455817));
#2870=CARTESIAN_POINT('',(0.00671169687932939,0.0532777777777778,-0.003875));
#2871=CARTESIAN_POINT('',(0.00664194630081487,0.0532794321255501,-0.0039919051504595));
#2872=CARTESIAN_POINT('',(0.00650185689423665,0.0532840615859828,-0.00421223585867418));
#2873=CARTESIAN_POINT('',(0.00626948063387406,0.0532983763523971,-0.00451618250085447));
#2874=CARTESIAN_POINT('',(0.00603385262945026,0.0534663804241684,-0.00450052610877784));
#2875=CARTESIAN_POINT('',(0.00581262170373641,0.0536171913130945,-0.00449822307373118));
#2876=CARTESIAN_POINT('',(0.00553164831273693,0.0538114074466303,-0.00448388328585734));
#2877=CARTESIAN_POINT('',(0.00520969730771909,0.0540510287247907,-0.00442865859868729));
#2878=CARTESIAN_POINT('',(0.00478605083795524,0.0543784754581663,-0.00432622637407082));
#2879=CARTESIAN_POINT('',(0.00449714604911922,0.0546349744384909,-0.00419235818628947));
#2880=CARTESIAN_POINT('',(0.00429734622299308,0.0548023679417122,-0.00411525399455817));
#2881=CARTESIAN_POINT('',(0.00671169687932939,0.0532777777777778,-0.003875));
#2882=CARTESIAN_POINT('',(0.00429734622299308,0.0548023679417122,-0.00411525399455817));
#2883=CARTESIAN_POINT('',(0.0067116968793294,0.055,-0.003875));
#2884=CARTESIAN_POINT('',(0.0067116968793294,0.005,-0.003875));
#2885=CARTESIAN_POINT('',(0.00429734622299308,0.0119677419354838,-0.00411525399455818));
#2886=CARTESIAN_POINT('',(0.00446173741937881,0.0113382922913441,-0.00417869374108259));
#2887=CARTESIAN_POINT('',(0.00477187009852708,0.0100763796784649,-0.00432404873605751));
#2888=CARTESIAN_POINT('',(0.00521478792226375,0.00850613559887013,-0.00443457736330006));
#2889=CARTESIAN_POINT('',(0.00554250157857886,0.00741113724349912,-0.00448126292662553));
#2890=CARTESIAN_POINT('',(0.00573867086169512,0.00678733585502661,-0.0044932191096335));
#2891=CARTESIAN_POINT('',(0.00588685141890232,0.00631963397822254,-0.00449913628236367));
#2892=CARTESIAN_POINT('',(0.00601084952019511,0.00593065085276302,-0.00450164212824475));
#2893=CARTESIAN_POINT('',(0.00610985234438672,0.00561795761544544,-0.00450379910032413));
#2894=CARTESIAN_POINT('',(0.00618576864799113,0.00538792489503692,-0.00450059052775234));
#2895=CARTESIAN_POINT('',(0.00628651189886002,0.00515519732910124,-0.00446452951577865));
#2896=CARTESIAN_POINT('',(0.0064449354828946,0.00504036822676083,-0.00428779721112539));
#2897=CARTESIAN_POINT('',(0.006582669311423,0.00501361679507311,-0.0040860884684237));
#2898=CARTESIAN_POINT('',(0.00666949247601399,0.00500457483784729,-0.0039457365046243));
#2899=CARTESIAN_POINT('',(0.00671169687932939,0.005,-0.003875));
#2900=CARTESIAN_POINT('',(0.00429734622299308,0.0119677419354838,-0.00411525399455818));
#2901=CARTESIAN_POINT('',(0.00429734622299308,0.055,-0.00411525399455817));
#2902=CARTESIAN_POINT('',(0.00265065611077393,0.00470118579234972,-0.00728261781109078));
#2903=CARTESIAN_POINT('',(0.00265065611077393,0.0551011821493625,-0.00728261781109077));
#2904=CARTESIAN_POINT('',(0.00277466762874998,0.00470118579234972,-0.00723545551811993));
#2905=CARTESIAN_POINT('',(0.00277466762874998,0.0551011821493625,-0.00723545551811992));
#2906=CARTESIAN_POINT('',(0.00310159642082707,0.00470118579234972,-0.00710380661214981));
#2907=CARTESIAN_POINT('',(0.00310159642082707,0.0551011821493625,-0.0071038066121498));
#2908=CARTESIAN_POINT('',(0.0033874240490689,0.00470118579234972,-0.00690867620372822));
#2909=CARTESIAN_POINT('',(0.0033874240490689,0.0551011821493625,-0.00690867620372821));
#2910=CARTESIAN_POINT('',(0.00338777133609174,0.00470118579234972,-0.00666764973995932));
#2911=CARTESIAN_POINT('',(0.00338777133609174,0.0551011821493625,-0.00666764973995931));
#2912=CARTESIAN_POINT('',(0.00345359687431836,0.00470118579234972,-0.00627249022088262));
#2913=CARTESIAN_POINT('',(0.00345359687431836,0.0551011821493625,-0.00627249022088261));
#2914=CARTESIAN_POINT('',(0.00345800893515165,0.00470118579234972,-0.00598794070467362));
#2915=CARTESIAN_POINT('',(0.00345800893515165,0.0551011821493625,-0.00598794070467361));
#2916=CARTESIAN_POINT('',(0.00344043460350406,0.00470118579234972,-0.00552397308533008));
#2917=CARTESIAN_POINT('',(0.00344043460350406,0.0551011821493625,-0.00552397308533007));
#2918=CARTESIAN_POINT('',(0.00334913477691737,0.00470118579234972,-0.00516389891791807));
#2919=CARTESIAN_POINT('',(0.00334913477691736,0.0551011821493625,-0.00516389891791805));
#2920=CARTESIAN_POINT('',(0.00330650769902874,0.00470118579234972,-0.0049466662345729));
#2921=CARTESIAN_POINT('',(0.00330650769902874,0.0551011821493625,-0.00494666623457289));
#2922=CARTESIAN_POINT('',(0.00330650769902874,0.0548023679417122,-0.00494666623457289));
#2923=CARTESIAN_POINT('',(0.00334774710437217,0.0546349684501721,-0.00515682717278493));
#2924=CARTESIAN_POINT('',(0.00342939192450981,0.054378388004996,-0.00546470937982282));
#2925=CARTESIAN_POINT('',(0.00345676489393509,0.0540511188371785,-0.00589943742282012));
#2926=CARTESIAN_POINT('',(0.00345512671672698,0.0538092243725869,-0.00622923403079174));
#2927=CARTESIAN_POINT('',(0.00341981089077285,0.053614782902693,-0.00650901428887584));
#2928=CARTESIAN_POINT('',(0.00338406857331177,0.0534631904157813,-0.00672807076397553));
#2929=CARTESIAN_POINT('',(0.00335618947426155,0.053296493813077,-0.00696224910139831));
#2930=CARTESIAN_POINT('',(0.00301530811776654,0.0532845193992915,-0.00713553460068595));
#2931=CARTESIAN_POINT('',(0.00277705538049522,0.0532794211795771,-0.00723454744240898));
#2932=CARTESIAN_POINT('',(0.00265065611077393,0.0532777777777778,-0.00728261781109077));
#2933=CARTESIAN_POINT('',(0.00330650769902879,0.0548023679417121,-0.00494666623457297));
#2934=CARTESIAN_POINT('',(0.00265065611077393,0.0532777777777778,-0.00728261781109078));
#2935=CARTESIAN_POINT('',(0.00330650769902874,0.055,-0.00494666623457289));
#2936=CARTESIAN_POINT('',(0.00330650769902874,0.0119677419354838,-0.0049466662345729));
#2937=CARTESIAN_POINT('',(0.00265065611077393,0.005,-0.00728261781109079));
#2938=CARTESIAN_POINT('',(0.00272738382890469,0.00500455921864118,-0.00725343781893743));
#2939=CARTESIAN_POINT('',(0.00287980050824161,0.00501339879420455,-0.00719272862716634));
#2940=CARTESIAN_POINT('',(0.00310324668657941,0.00504070884124721,-0.00709159648816495));
#2941=CARTESIAN_POINT('',(0.00330286823865962,0.00515268691934887,-0.00696801191590256));
#2942=CARTESIAN_POINT('',(0.00335799938194588,0.00538488833937884,-0.00687422883809762));
#2943=CARTESIAN_POINT('',(0.00337421699994098,0.0056153319949253,-0.00679995766916461));
#2944=CARTESIAN_POINT('',(0.00338938588847783,0.00592805363683725,-0.00670203397487825));
#2945=CARTESIAN_POINT('',(0.003408422278223,0.00631724274800934,-0.00657944157848132));
#2946=CARTESIAN_POINT('',(0.00342836330853184,0.00678513968528879,-0.00643241495117836));
#2947=CARTESIAN_POINT('',(0.00345068815810059,0.00740917582635523,-0.00623706820602332));
#2948=CARTESIAN_POINT('',(0.00346170331749844,0.00850446637106003,-0.00590610071044044));
#2949=CARTESIAN_POINT('',(0.00342978340471005,0.0100754036339398,-0.00545050340879204));
#2950=CARTESIAN_POINT('',(0.00334045480557935,0.0113379697908196,-0.00511966474662343));
#2951=CARTESIAN_POINT('',(0.00330650769902874,0.0119677419354839,-0.0049466662345729));
#2952=CARTESIAN_POINT('',(0.00265065611077393,0.005,-0.00728261781109079));
#2953=CARTESIAN_POINT('',(0.00265065611077393,0.055,-0.00728261781109078));
#2954=CARTESIAN_POINT('',(-6.1714174883318E-17,0.055,6.85140265397974E-17));
#2955=CARTESIAN_POINT('',(0.,0.0548023679417121,5.51158231148732E-18));
#2956=CARTESIAN_POINT('',(0.,0.0119677419354835,2.65853548367141E-19));
#2957=CARTESIAN_POINT('',(0.00265065611077393,0.00470118579234972,-0.00728261781109079));
#2958=CARTESIAN_POINT('',(0.00265065611077393,0.0551011821493625,-0.00728261781109078));
#2959=CARTESIAN_POINT('',(0.00252534243897912,0.00470118579234972,-0.0073262024658493));
#2960=CARTESIAN_POINT('',(0.00252534243897912,0.0551011821493625,-0.00732620246584929));
#2961=CARTESIAN_POINT('',(0.00219027816892235,0.00470118579234972,-0.00743549932978627));
#2962=CARTESIAN_POINT('',(0.00219027816892236,0.0551011821493625,-0.00743549932978626));
#2963=CARTESIAN_POINT('',(0.0018458940938156,0.00470118579234972,-0.00746974722266931));
#2964=CARTESIAN_POINT('',(0.0018458940938156,0.0551011821493625,-0.0074697472226693));
#2965=CARTESIAN_POINT('',(0.00169069923200325,0.00470118579234972,-0.0072853334712494));
#2966=CARTESIAN_POINT('',(0.00169069923200325,0.0551011821493625,-0.00728533347124938));
#2967=CARTESIAN_POINT('',(0.00138627030151783,0.00470118579234972,-0.00702493555788839));
#2968=CARTESIAN_POINT('',(0.00138627030151783,0.0551011821493625,-0.00702493555788838));
#2969=CARTESIAN_POINT('',(0.00119998556347268,0.00470118579234972,-0.00680979400024136));
#2970=CARTESIAN_POINT('',(0.00119998556347269,0.0551011821493625,-0.00680979400024135));
#2971=CARTESIAN_POINT('',(0.000915215645563217,0.00470118579234972,-0.00644307762102458));
#2972=CARTESIAN_POINT('',(0.000915215645563219,0.0551011821493625,-0.00644307762102457));
#2973=CARTESIAN_POINT('',(0.000753704156997286,0.00470118579234972,-0.00610855840867183));
#2974=CARTESIAN_POINT('',(0.000753704156997288,0.0551011821493625,-0.00610855840867182));
#2975=CARTESIAN_POINT('',(0.00064672391586714,0.00470118579234972,-0.00591474836122767));
#2976=CARTESIAN_POINT('',(0.000646723915867142,0.0551011821493625,-0.00591474836122766));
#2977=CARTESIAN_POINT('',(0.00265065611077393,0.0532777777777778,-0.00728261781109078));
#2978=CARTESIAN_POINT('',(0.00252207888547464,0.0532794321255501,-0.00732733754433467));
#2979=CARTESIAN_POINT('',(0.0022731383247517,0.0532840615859828,-0.00740607292421418));
#2980=CARTESIAN_POINT('',(0.00189975464618886,0.0532983763523971,-0.0074895409795147));
#2981=CARTESIAN_POINT('',(0.00172931685759603,0.0534663804241684,-0.00732608872562632));
#2982=CARTESIAN_POINT('',(0.00156132449869954,0.0536171913130945,-0.00718212000049816));
#2983=CARTESIAN_POINT('',(0.00135530383183093,0.0538114074466303,-0.00699052887129583));
#2984=CARTESIAN_POINT('',(0.00114417279814217,0.0540510287247907,-0.00674127818961462));
#2985=CARTESIAN_POINT('',(0.000885482938948687,0.0543784754581663,-0.00639049585149924));
#2986=CARTESIAN_POINT('',(0.000750217843307438,0.0546349744384909,-0.00610224245149601));
#2987=CARTESIAN_POINT('',(0.000646723915867142,0.0548023679417122,-0.00591474836122766));
#2988=CARTESIAN_POINT('',(0.000646723915867142,0.0548023679417122,-0.00591474836122766));
#2989=CARTESIAN_POINT('',(0.000646723915867141,0.0119677419354838,-0.00591474836122767));
#2990=CARTESIAN_POINT('',(0.000731876595328565,0.0113382922913441,-0.00606901465070386));
#2991=CARTESIAN_POINT('',(0.000876019621043763,0.0100763796784648,-0.00637971248039939));
#2992=CARTESIAN_POINT('',(0.00114426792656843,0.00850613559887015,-0.00674908441031137));
#2993=CARTESIAN_POINT('',(0.00136530225026597,0.0074111372434991,-0.00699549790447515));
#2994=CARTESIAN_POINT('',(0.00150789135321115,0.0067873358550266,-0.00713075205661754));
#2995=CARTESIAN_POINT('',(0.00161760076032267,0.00631963397822256,-0.00723053350007571));
#2996=CARTESIAN_POINT('',(0.00171097809009117,0.005930650852763,-0.00731215753252387));
#2997=CARTESIAN_POINT('',(0.00178543217848918,0.00561795761544549,-0.00737744765771361));
#2998=CARTESIAN_POINT('',(0.0018456498717014,0.00538792489503689,-0.00742378780785474));
#2999=CARTESIAN_POINT('',(0.00194600325090069,0.00515519732910124,-0.00746091998343713));
#3000=CARTESIAN_POINT('',(0.00218096409277184,0.0050403682267608,-0.00742736790043745));
#3001=CARTESIAN_POINT('',(0.00241613020731962,0.00501361679507309,-0.00736138363737505));
#3002=CARTESIAN_POINT('',(0.00257285711341398,0.00500457483784728,-0.00730967664985854));
#3003=CARTESIAN_POINT('',(0.00265065611077393,0.005,-0.00728261781109079));
#3004=CARTESIAN_POINT('',(0.000646723915867143,0.0119677419354838,-0.00591474836122767));
#3005=CARTESIAN_POINT('',(0.000646723915867144,0.055,-0.00591474836122766));
#3006=CARTESIAN_POINT('',(-0.00265065611077393,0.00470118579234972,-0.00728261781109078));
#3007=CARTESIAN_POINT('',(-0.00265065611077393,0.0551011821493625,-0.00728261781109077));
#3008=CARTESIAN_POINT('',(-0.00252534243897956,0.00470118579234972,-0.00732620246584914));
#3009=CARTESIAN_POINT('',(-0.00252534243897956,0.0551011821493625,-0.00732620246584912));
#3010=CARTESIAN_POINT('',(-0.00219027816892693,0.00470118579234972,-0.00743549932978498));
#3011=CARTESIAN_POINT('',(-0.00219027816892692,0.0551011821493625,-0.00743549932978496));
#3012=CARTESIAN_POINT('',(-0.00184589409381593,0.00470118579234972,-0.00746974722267002));
#3013=CARTESIAN_POINT('',(-0.00184589409381592,0.0551011821493625,-0.00746974722267));
#3014=CARTESIAN_POINT('',(-0.0016906992320047,0.00470118579234972,-0.00728533347125052));
#3015=CARTESIAN_POINT('',(-0.00169069923200469,0.0551011821493625,-0.00728533347125051));
#3016=CARTESIAN_POINT('',(-0.00138627030151868,0.00470118579234972,-0.00702493555788927));
#3017=CARTESIAN_POINT('',(-0.00138627030151868,0.0551011821493625,-0.00702493555788926));
#3018=CARTESIAN_POINT('',(-0.00119998556347319,0.00470118579234972,-0.00680979400024199));
#3019=CARTESIAN_POINT('',(-0.00119998556347319,0.0551011821493625,-0.00680979400024198));
#3020=CARTESIAN_POINT('',(-0.000915215645563577,0.00470118579234972,-0.00644307762102514));
#3021=CARTESIAN_POINT('',(-0.000915215645563575,0.0551011821493625,-0.00644307762102512));
#3022=CARTESIAN_POINT('',(-0.000753704156997389,0.00470118579234972,-0.00610855840867201));
#3023=CARTESIAN_POINT('',(-0.000753704156997386,0.0551011821493625,-0.006108558408672));
#3024=CARTESIAN_POINT('',(-0.000646723915867145,0.00470118579234972,-0.00591474836122767));
#3025=CARTESIAN_POINT('',(-0.000646723915867143,0.0551011821493625,-0.00591474836122766));
#3026=CARTESIAN_POINT('',(-0.000646723915867143,0.0548023679417122,-0.00591474836122766));
#3027=CARTESIAN_POINT('',(-0.000750221545689078,0.0546349684501721,-0.00610224915889127));
#3028=CARTESIAN_POINT('',(-0.000885580852840097,0.054378388004996,-0.00639058089150741));
#3029=CARTESIAN_POINT('',(-0.00114404974134212,0.0540511188371784,-0.00674119689870038));
#3030=CARTESIAN_POINT('',(-0.00135729383121005,0.0538092243725869,-0.00699278275758468));
#3031=CARTESIAN_POINT('',(-0.00156418660676773,0.0536147829026929,-0.00718440629423524));
#3032=CARTESIAN_POINT('',(-0.00173237359845868,0.0534631904157813,-0.00732923857090913));
#3033=CARTESIAN_POINT('',(-0.00190425716111762,0.0532964938130769,-0.00749070924555196));
#3034=CARTESIAN_POINT('',(-0.00227677320190393,0.0532845193992916,-0.00740433932702625));
#3035=CARTESIAN_POINT('',(-0.00252292961520793,0.0532794211795771,-0.00732704165673367));
#3036=CARTESIAN_POINT('',(-0.00265065611077393,0.0532777777777778,-0.00728261781109077));
#3037=CARTESIAN_POINT('',(-0.000646723915867154,0.0548023679417121,-0.00591474836122775));
#3038=CARTESIAN_POINT('',(-0.00265065611077394,0.0532777777777778,-0.00728261781109078));
#3039=CARTESIAN_POINT('',(-0.000646723915867144,0.055,-0.00591474836122766));
#3040=CARTESIAN_POINT('',(-0.000646723915867146,0.0119677419354838,-0.00591474836122767));
#3041=CARTESIAN_POINT('',(-0.00265065611077394,0.005,-0.00728261781109079));
#3042=CARTESIAN_POINT('',(-0.00257312273125974,0.00500455921864118,-0.00730958426678542));
#3043=CARTESIAN_POINT('',(-0.0024173416647505,0.00501339879420454,-0.00736104988077027));
#3044=CARTESIAN_POINT('',(-0.00218116547560747,0.00504070884124724,-0.00742720660253487));
#3045=CARTESIAN_POINT('',(-0.00194880786311096,0.0051526869193489,-0.00746084958800159));
#3046=CARTESIAN_POINT('',(-0.00184629235674244,0.00538488833937882,-0.00742444519820278));
#3047=CARTESIAN_POINT('',(-0.00178612835344959,0.00561533199492528,-0.00737797466586357));
#3048=CARTESIAN_POINT('',(-0.00171156417329565,0.00592805363683729,-0.00731271113761004));
#3049=CARTESIAN_POINT('',(-0.00161818057926858,0.00631724274800929,-0.00723103626904288));
#3050=CARTESIAN_POINT('',(-0.00150839796948608,0.00678513968528879,-0.00713122518541383));
#3051=CARTESIAN_POINT('',(-0.00136572967515222,0.00740917582635524,-0.00699593103349734));
#3052=CARTESIAN_POINT('',(-0.00114454976813577,0.00850446637106001,-0.00674947563063273));
#3053=CARTESIAN_POINT('',(-0.00087614953944595,0.0100754036339398,-0.00637995012496233));
#3054=CARTESIAN_POINT('',(-0.000731920223574363,0.0113379697908196,-0.00606909368952727));
#3055=CARTESIAN_POINT('',(-0.000646723915867145,0.0119677419354839,-0.00591474836122767));
#3056=CARTESIAN_POINT('',(-0.00265065611077394,0.005,-0.00728261781109079));
#3057=CARTESIAN_POINT('',(-0.00265065611077394,0.055,-0.00728261781109078));
#3058=CARTESIAN_POINT('',(-7.56536621956016E-18,0.055,9.3729717344867E-17));
#3059=CARTESIAN_POINT('',(0.,0.0548023679417121,5.51158231148732E-18));
#3060=CARTESIAN_POINT('',(0.,0.0119677419354835,2.65853548367141E-19));
#3061=CARTESIAN_POINT('',(-0.00265065611077394,0.00470118579234972,-0.00728261781109078));
#3062=CARTESIAN_POINT('',(-0.00265065611077393,0.0551011821493625,-0.00728261781109077));
#3063=CARTESIAN_POINT('',(-0.00277466762875042,0.00470118579234972,-0.00723545551811976));
#3064=CARTESIAN_POINT('',(-0.00277466762875041,0.0551011821493625,-0.00723545551811976));
#3065=CARTESIAN_POINT('',(-0.0031015964208314,0.00470118579234972,-0.00710380661214786));
#3066=CARTESIAN_POINT('',(-0.00310159642083139,0.0551011821493625,-0.00710380661214785));
#3067=CARTESIAN_POINT('',(-0.00338742404906869,0.00470118579234972,-0.00690867620372747));
#3068=CARTESIAN_POINT('',(-0.00338742404906868,0.0551011821493625,-0.00690867620372746));
#3069=CARTESIAN_POINT('',(-0.00338777133609213,0.00470118579234972,-0.00666764973995753));
#3070=CARTESIAN_POINT('',(-0.00338777133609212,0.0551011821493625,-0.00666764973995752));
#3071=CARTESIAN_POINT('',(-0.00345359687431845,0.00470118579234972,-0.0062724902208814));
#3072=CARTESIAN_POINT('',(-0.00345359687431844,0.0551011821493625,-0.00627249022088139));
#3073=CARTESIAN_POINT('',(-0.00345800893515163,0.00470118579234972,-0.00598794070467281));
#3074=CARTESIAN_POINT('',(-0.00345800893515163,0.0551011821493625,-0.0059879407046728));
#3075=CARTESIAN_POINT('',(-0.00344043460350397,0.00470118579234972,-0.00552397308532942));
#3076=CARTESIAN_POINT('',(-0.00344043460350396,0.0551011821493625,-0.00552397308532941));
#3077=CARTESIAN_POINT('',(-0.00334913477691733,0.00470118579234972,-0.00516389891791786));
#3078=CARTESIAN_POINT('',(-0.00334913477691733,0.0551011821493625,-0.00516389891791785));
#3079=CARTESIAN_POINT('',(-0.00330650769902875,0.00470118579234972,-0.0049466662345729));
#3080=CARTESIAN_POINT('',(-0.00330650769902874,0.0551011821493625,-0.00494666623457289));
#3081=CARTESIAN_POINT('',(-0.00265065611077393,0.0532777777777778,-0.00728261781109077));
#3082=CARTESIAN_POINT('',(-0.00277789727016376,0.0532794321255501,-0.00723422726692976));
#3083=CARTESIAN_POINT('',(-0.00301920693000298,0.0532840615859828,-0.00713452615918219));
#3084=CARTESIAN_POINT('',(-0.00335888765386919,0.0532983763523972,-0.00695845999688377));
#3085=CARTESIAN_POINT('',(-0.00338438549114343,0.0534663804241683,-0.00672369300734745));
#3086=CARTESIAN_POINT('',(-0.0034205337914678,0.0536171913130945,-0.00650542315865945));
#3087=CARTESIAN_POINT('',(-0.00345520237451304,0.0538114074466302,-0.00622622830678059));
#3088=CARTESIAN_POINT('',(-0.0034567228797497,0.0540510287247907,-0.00589957879465963));
#3089=CARTESIAN_POINT('',(-0.00342941226823863,0.0543784754581663,-0.00546458129756082));
#3090=CARTESIAN_POINT('',(-0.00334774562913048,0.0546349744384909,-0.00515681965477701));
#3091=CARTESIAN_POINT('',(-0.00330650769902874,0.0548023679417122,-0.00494666623457289));
#3092=CARTESIAN_POINT('',(-0.00330650769902874,0.0548023679417122,-0.00494666623457289));
#3093=CARTESIAN_POINT('',(-0.00330650769902875,0.0119677419354838,-0.0049466662345729));
#3094=CARTESIAN_POINT('',(-0.00334043742157824,0.0113382922913441,-0.00511957615567613));
#3095=CARTESIAN_POINT('',(-0.00342973017299953,0.0100763796784648,-0.00545023785255597));
#3096=CARTESIAN_POINT('',(-0.00346166774908972,0.00850613559887016,-0.00590561985401984));
#3097=CARTESIAN_POINT('',(-0.00345073717459069,0.00741113724349914,-0.00623646166652177));
#3098=CARTESIAN_POINT('',(-0.00342844727778601,0.0067873358550266,-0.00643172686682867));
#3099=CARTESIAN_POINT('',(-0.0034085432716419,0.00631963397822258,-0.00657868373467355));
#3100=CARTESIAN_POINT('',(-0.00338947900376979,0.00593065085276305,-0.00670123316175622));
#3101=CARTESIAN_POINT('',(-0.00337441154659184,0.00561795761544549,-0.00679910646486111));
#3102=CARTESIAN_POINT('',(-0.00335806899167092,0.00538792489503694,-0.00687331226645074));
#3103=CARTESIAN_POINT('',(-0.00330506194557215,0.00515519732910126,-0.00696626307195603));
#3104=CARTESIAN_POINT('',(-0.00310350463507486,0.00504036822676079,-0.00709159060313533));
#3105=CARTESIAN_POINT('',(-0.00288094307308481,0.00501361679507317,-0.00719220558973254));
#3106=CARTESIAN_POINT('',(-0.00272764668667418,0.00500457483784727,-0.00725333785261706));
#3107=CARTESIAN_POINT('',(-0.00265065611077394,0.005,-0.00728261781109078));
#3108=CARTESIAN_POINT('',(-0.00330650769902875,0.0119677419354838,-0.0049466662345729));
#3109=CARTESIAN_POINT('',(-0.00330650769902874,0.055,-0.00494666623457289));
#3110=CARTESIAN_POINT('',(-0.0067116968793294,0.00470118579234972,-0.00387500000000001));
#3111=CARTESIAN_POINT('',(-0.00671169687932939,0.0551011821493625,-0.003875));
#3112=CARTESIAN_POINT('',(-0.00677637987599185,0.00470118579234972,-0.0037591585203311));
#3113=CARTESIAN_POINT('',(-0.00677637987599184,0.0551011821493625,-0.0037591585203311));
#3114=CARTESIAN_POINT('',(-0.00694219957487355,0.00470118579234972,-0.00344816383066919));
#3115=CARTESIAN_POINT('',(-0.00694219957487355,0.0551011821493625,-0.00344816383066918));
#3116=CARTESIAN_POINT('',(-0.00703572883236891,0.00470118579234972,-0.00311495880767819));
#3117=CARTESIAN_POINT('',(-0.00703572883236891,0.0551011821493625,-0.00311495880767818));
#3118=CARTESIAN_POINT('',(-0.0068810660451455,0.00470118579234972,-0.00293009859266693));
#3119=CARTESIAN_POINT('',(-0.0068810660451455,0.0551011821493625,-0.00293009859266693));
#3120=CARTESIAN_POINT('',(-0.00667748769020728,0.00470118579234972,-0.00258507699856027));
#3121=CARTESIAN_POINT('',(-0.00667748769020727,0.0551011821493625,-0.00258507699856027));
#3122=CARTESIAN_POINT('',(-0.00649796262153006,0.00470118579234972,-0.00236426340483973));
#3123=CARTESIAN_POINT('',(-0.00649796262153005,0.0551011821493625,-0.00236426340483973));
#3124=CARTESIAN_POINT('',(-0.00618626726542013,0.00470118579234972,-0.00202014015088623));
#3125=CARTESIAN_POINT('',(-0.00618626726542013,0.0551011821493625,-0.00202014015088622));
#3126=CARTESIAN_POINT('',(-0.00588487632722537,0.00470118579234972,-0.00180299373312633));
#3127=CARTESIAN_POINT('',(-0.00588487632722537,0.0551011821493625,-0.00180299373312632));
#3128=CARTESIAN_POINT('',(-0.00571258761380932,0.00470118579234972,-0.00166398400069002));
#3129=CARTESIAN_POINT('',(-0.00571258761380931,0.0551011821493625,-0.00166398400069001));
#3130=CARTESIAN_POINT('',(-0.00671169687932939,0.0532777777777778,-0.003875));
#3131=CARTESIAN_POINT('',(-0.00677806442020329,0.0532794321255501,-0.00375614165184802));
#3132=CARTESIAN_POINT('',(-0.00689883170746189,0.0532840615859828,-0.00352465531284288));
#3133=CARTESIAN_POINT('',(-0.00704586909080376,0.0532983763523971,-0.00317143824704235));
#3134=CARTESIAN_POINT('',(-0.00691449625532192,0.0534663804241684,-0.00297520660540659));
#3135=CARTESIAN_POINT('',(-0.00680188630560877,0.0536171913130944,-0.00278476652115898));
#3136=CARTESIAN_POINT('',(-0.00664898098952539,0.0538114074466302,-0.00254860632070287));
#3137=CARTESIAN_POINT('',(-0.00644017950501117,0.0540510287247907,-0.00229740091516851));
#3138=CARTESIAN_POINT('',(-0.00613964736144519,0.0543784754581662,-0.00198172842243761));
#3139=CARTESIAN_POINT('',(-0.00587926171564996,0.0546349744384909,-0.00179846362992132));
#3140=CARTESIAN_POINT('',(-0.00571258761380931,0.0548023679417122,-0.00166398400069002));
#3141=CARTESIAN_POINT('',(-0.0067116968793294,0.0532777777777778,-0.003875));
#3142=CARTESIAN_POINT('',(-0.00571258761380931,0.0548023679417122,-0.00166398400069002));
#3143=CARTESIAN_POINT('',(-0.0067116968793294,0.055,-0.003875));
#3144=CARTESIAN_POINT('',(-0.0067116968793294,0.005,-0.003875));
#3145=CARTESIAN_POINT('',(-0.00571258761380931,0.0119677419354838,-0.00166398400069002));
#3146=CARTESIAN_POINT('',(-0.00584972364410195,0.0113382922913441,-0.00177463107965637));
#3147=CARTESIAN_POINT('',(-0.00613067110189135,0.0100763796784649,-0.00197053636085505));
#3148=CARTESIAN_POINT('',(-0.00644785061279714,0.00850613559887013,-0.00229885013437864));
#3149=CARTESIAN_POINT('',(-0.00665213832478454,0.00741113724349911,-0.00255931570425188));
#3150=CARTESIAN_POINT('',(-0.00676057732455986,0.0067873358550266,-0.00272322519536874));
#3151=CARTESIAN_POINT('',(-0.00683979202506639,0.00631963397822259,-0.00284859473589205));
#3152=CARTESIAN_POINT('',(-0.00690396120190374,0.00593065085276303,-0.00295472731869208));
#3153=CARTESIAN_POINT('',(-0.00695533060661556,0.00561795761544547,-0.00303938779344875));
#3154=CARTESIAN_POINT('',(-0.0069905100530607,0.00538792489503695,-0.00310673752721747));
#3155=CARTESIAN_POINT('',(-0.00700965192603977,0.00515519732910126,-0.0032120142477166));
#3156=CARTESIAN_POINT('',(-0.00693580905255797,0.00504036822676081,-0.00343757924837573));
#3157=CARTESIAN_POINT('',(-0.00682999107147707,0.00501361679507312,-0.00365771461419268));
#3158=CARTESIAN_POINT('',(-0.00675185428765126,0.00500457483784728,-0.00380308166226515));
#3159=CARTESIAN_POINT('',(-0.0067116968793294,0.005,-0.003875));
#3160=CARTESIAN_POINT('',(-0.00571258761380932,0.0119677419354838,-0.00166398400069003));
#3161=CARTESIAN_POINT('',(-0.00571258761380931,0.055,-0.00166398400069002));
#3162=CARTESIAN_POINT('',(-0.00763226008584461,0.00470118579234972,0.00134577337691871));
#3163=CARTESIAN_POINT('',(-0.0076322600858446,0.0551011821493625,0.00134577337691872));
#3164=CARTESIAN_POINT('',(-0.00765342210101915,0.00470118579234972,0.00121479510550416));
#3165=CARTESIAN_POINT('',(-0.00765342210101915,0.0551011821493625,0.00121479510550416));
#3166=CARTESIAN_POINT('',(-0.00770287520010715,0.00470118579234973,0.000865842013351777));
#3167=CARTESIAN_POINT('',(-0.00770287520010714,0.0551011821493625,0.000865842013351782));
#3168=CARTESIAN_POINT('',(-0.00767680112348413,0.00470118579234972,0.000520742821980102));
#3169=CARTESIAN_POINT('',(-0.00767680112348412,0.0551011821493625,0.000520742821980107));
#3170=CARTESIAN_POINT('',(-0.00746823972638735,0.00470118579234972,0.000399928830711464));
#3171=CARTESIAN_POINT('',(-0.00746823972638735,0.0551011821493625,0.000399928830711469));
#3172=CARTESIAN_POINT('',(-0.007158934313433,0.00470118579234972,0.000145342482851076));
#3173=CARTESIAN_POINT('',(-0.00715893431343299,0.0551011821493625,0.000145342482851081));
#3174=CARTESIAN_POINT('',(-0.00691471323417808,0.00470118579234972,-7.5323201809181E-7));
#3175=CARTESIAN_POINT('',(-0.00691471323417807,0.0551011821493625,-7.5323201808671E-7));
#3176=CARTESIAN_POINT('',(-0.00650411832346939,0.00470118579234972,-0.000217517224028514));
#3177=CARTESIAN_POINT('',(-0.00650411832346939,0.0551011821493625,-0.000217517224028509));
#3178=CARTESIAN_POINT('',(-0.00614663503395069,0.00470118579234972,-0.000318486338549339));
#3179=CARTESIAN_POINT('',(-0.00614663503395069,0.0551011821493625,-0.000318486338549334));
#3180=CARTESIAN_POINT('',(-0.00593719247269722,0.00470118579234972,-0.000390186547881269));
#3181=CARTESIAN_POINT('',(-0.00593719247269721,0.0551011821493625,-0.000390186547881263));
#3182=CARTESIAN_POINT('',(-0.00593719247269721,0.0548023679417122,-0.000390186547881263));
#3183=CARTESIAN_POINT('',(-0.00613981688674373,0.0546349684501721,-0.000320820451439613));
#3184=CARTESIAN_POINT('',(-0.00644727310948058,0.054378388004996,-0.000237585836247277));
#3185=CARTESIAN_POINT('',(-0.00683744512316637,0.0540511188371784,-4.39275016479399E-5));
#3186=CARTESIAN_POINT('',(-0.0071222382751477,0.0538092243725869,0.000122389505416));
#3187=CARTESIAN_POINT('',(-0.0073468771731488,0.0536147829026929,0.000292864036889945));
#3188=CARTESIAN_POINT('',(-0.0075187144867181,0.0534631904157813,0.000433346029351232));
#3189=CARTESIAN_POINT('',(-0.00770757932641709,0.0532964938130769,0.000574579206074731));
#3190=CARTESIAN_POINT('',(-0.00768720829266017,0.0532845193992915,0.000956433870119731));
#3191=CARTESIAN_POINT('',(-0.00765382956025753,0.0532794211795771,0.00121227321397939));
#3192=CARTESIAN_POINT('',(-0.0076322600858446,0.0532777777777778,0.00134577337691872));
#3193=CARTESIAN_POINT('',(-0.0059371924726973,0.0548023679417121,-0.000390186547881271));
#3194=CARTESIAN_POINT('',(-0.00763226008584461,0.0532777777777778,0.00134577337691872));
#3195=CARTESIAN_POINT('',(-0.00593719247269721,0.055,-0.000390186547881262));
#3196=CARTESIAN_POINT('',(-0.00593719247269722,0.0119677419354838,-0.000390186547881266));
#3197=CARTESIAN_POINT('',(-0.00763226008584461,0.005,0.00134577337691871));
#3198=CARTESIAN_POINT('',(-0.00764535333042295,0.00500455921864118,0.00126473522776639));
#3199=CARTESIAN_POINT('',(-0.00766898596777443,0.00501339879420454,0.00110238391561461));
#3200=CARTESIAN_POINT('',(-0.00769312605542906,0.00504070884124721,0.000858307779294835));
#3201=CARTESIAN_POINT('',(-0.00768590945237411,0.00515268691934888,0.000623638157919305));
#3202=CARTESIAN_POINT('',(-0.00763225649619306,0.0053848883393788,0.000529001648391234));
#3203=CARTESIAN_POINT('',(-0.00757604458612586,0.00561533199492523,0.000477821194752098));
#3204=CARTESIAN_POINT('',(-0.00749882462350988,0.00592805363683723,0.00041572270478884));
#3205=CARTESIAN_POINT('',(-0.00740217468879191,0.00631724274800929,0.00033794050947471));
#3206=CARTESIAN_POINT('',(-0.00728481640966922,0.00678513968528875,0.000247157756998136));
#3207=CARTESIAN_POINT('',(-0.00712680359060274,0.00740917582635526,0.000130150497558417));
#3208=CARTESIAN_POINT('',(-0.00684568491129996,0.00850446637105995,-4.48726580982978E-5));
#3209=CARTESIAN_POINT('',(-0.00643516611778261,0.0100754036339398,-0.000245027853561168));
#3210=CARTESIAN_POINT('',(-0.00610398713222519,0.0113379697908196,-0.000333086348513814));
#3211=CARTESIAN_POINT('',(-0.00593719247269722,0.0119677419354839,-0.000390186547881268));
#3212=CARTESIAN_POINT('',(-0.00763226008584461,0.005,0.00134577337691871));
#3213=CARTESIAN_POINT('',(-0.00763226008584461,0.055,0.00134577337691872));
#3214=CARTESIAN_POINT('',(8.43588111276978E-17,0.055,2.92923660456159E-17));
#3215=CARTESIAN_POINT('',(0.,0.0548023679417121,5.51158231148732E-18));
#3216=CARTESIAN_POINT('',(0.,0.0119677419354835,2.65853548367141E-19));
#3217=CARTESIAN_POINT('',(-0.0076322600858446,0.00470118579234972,0.00134577337691871));
#3218=CARTESIAN_POINT('',(-0.0076322600858446,0.0551011821493625,0.00134577337691872));
#3219=CARTESIAN_POINT('',(-0.00760734866818324,0.00470118579234972,0.00147609052751377));
#3220=CARTESIAN_POINT('',(-0.00760734866818323,0.0551011821493625,0.00147609052751378));
#3221=CARTESIAN_POINT('',(-0.00753447039387824,0.00470118579234972,0.00182091312925191));
#3222=CARTESIAN_POINT('',(-0.00753447039387824,0.0551011821493625,0.00182091312925191));
#3223=CARTESIAN_POINT('',(-0.00739193790158768,0.00470118579234972,0.00213628243339469));
#3224=CARTESIAN_POINT('',(-0.00739193790158768,0.0551011821493625,0.00213628243339469));
#3225=CARTESIAN_POINT('',(-0.00715463347714467,0.00470118579234972,0.00217847825055105));
#3226=CARTESIAN_POINT('',(-0.00715463347714467,0.0551011821493625,0.00217847825055105));
#3227=CARTESIAN_POINT('',(-0.00677690780383887,0.00470118579234972,0.00231192248131784));
#3228=CARTESIAN_POINT('',(-0.00677690780383886,0.0551011821493625,0.00231192248131784));
#3229=CARTESIAN_POINT('',(-0.00649744738048421,0.00470118579234972,0.00236567901797875));
#3230=CARTESIAN_POINT('',(-0.00649744738048421,0.0551011821493625,0.00236567901797875));
#3231=CARTESIAN_POINT('',(-0.0060374767211439,0.00470118579234972,0.00242893881151357));
#3232=CARTESIAN_POINT('',(-0.0060374767211439,0.0551011821493625,0.00242893881151357));
#3233=CARTESIAN_POINT('',(-0.00566701884090949,0.00470118579234972,0.00240155225743833));
#3234=CARTESIAN_POINT('',(-0.00566701884090948,0.0551011821493625,0.00240155225743833));
#3235=CARTESIAN_POINT('',(-0.00544568429574911,0.00470118579234972,0.00239729484023794));
#3236=CARTESIAN_POINT('',(-0.00544568429574911,0.0551011821493625,0.00239729484023795));
#3237=CARTESIAN_POINT('',(-0.0076322600858446,0.0532777777777778,0.00134577337691872));
#3238=CARTESIAN_POINT('',(-0.00760669989823463,0.0532794321255501,0.00147948438699794));
#3239=CARTESIAN_POINT('',(-0.00755041645702541,0.0532840615859828,0.00173444092655605));
#3240=CARTESIAN_POINT('',(-0.00743601007403884,0.0532983763523971,0.00209953470520021));
#3241=CARTESIAN_POINT('',(-0.00720923737556928,0.0534663804241683,0.0021654120329423));
#3242=CARTESIAN_POINT('',(-0.00700056062280959,0.0536171913130944,0.00223891332082425));
#3243=CARTESIAN_POINT('',(-0.00673162750434632,0.0538114074466302,0.00232153688743592));
#3244=CARTESIAN_POINT('',(-0.00641020456525543,0.0540510287247907,0.00237975638529707));
#3245=CARTESIAN_POINT('',(-0.00597707321965184,0.0543784754581662,0.00242839720600236));
#3246=CARTESIAN_POINT('',(-0.0056598059047011,0.0546349744384909,0.0024014135150714));
#3247=CARTESIAN_POINT('',(-0.00544568429574911,0.0548023679417122,0.00239729484023795));
#3248=CARTESIAN_POINT('',(-0.00544568429574919,0.0548023679417121,0.00239729484023798));
#3249=CARTESIAN_POINT('',(-0.00544568429574911,0.0119677419354838,0.00239729484023795));
#3250=CARTESIAN_POINT('',(-0.00562185916111377,0.0113382922913441,0.00240068360136213));
#3251=CARTESIAN_POINT('',(-0.00596300288738838,0.0100763796784648,0.00243120099416217));
#3252=CARTESIAN_POINT('',(-0.00641701251489937,0.0085061355988702,0.00238357711201169));
#3253=CARTESIAN_POINT('',(-0.00674093002252927,0.00741113724349912,0.00231536251966319));
#3254=CARTESIAN_POINT('',(-0.00692935810572448,0.00678733585502664,0.00225950381028103));
#3255=CARTESIAN_POINT('',(-0.00707062607414131,0.00631963397822259,0.0022143833984174));
#3256=CARTESIAN_POINT('',(-0.00718800322468498,0.00593065085276307,0.00217432827492441));
#3257=CARTESIAN_POINT('',(-0.00728177317591455,0.00561795761544545,0.00214249420555098));
#3258=CARTESIAN_POINT('',(-0.00735201376975809,0.005387924895037,0.00211351422854248));
#3259=CARTESIAN_POINT('',(-0.00743434786670985,0.00515519732910123,0.00204517174059148));
#3260=CARTESIAN_POINT('',(-0.00752277133141782,0.00504036822676083,0.00182491364113666));
#3261=CARTESIAN_POINT('',(-0.00758321034062968,0.00501361679507314,0.00158826168029777));
#3262=CARTESIAN_POINT('',(-0.00761679422893442,0.00500457483784728,0.00142667870440527));
#3263=CARTESIAN_POINT('',(-0.00763226008584461,0.005,0.00134577337691871));
#3264=CARTESIAN_POINT('',(-0.00544568429574912,0.0119677419354838,0.00239729484023795));
#3265=CARTESIAN_POINT('',(-0.00544568429574911,0.055,0.00239729484023795));
#3266=CARTESIAN_POINT('',(-0.00498160397507068,0.00470118579234972,0.00593684443417208));
#3267=CARTESIAN_POINT('',(-0.00498160397507068,0.0551011821493625,0.00593684443417208));
#3268=CARTESIAN_POINT('',(-0.00487875447226881,0.00470118579234972,0.00602066041261607));
#3269=CARTESIAN_POINT('',(-0.00487875447226881,0.0551011821493625,0.00602066041261607));
#3270=CARTESIAN_POINT('',(-0.00460127877927622,0.00470118579234972,0.00623796459880081));
#3271=CARTESIAN_POINT('',(-0.00460127877927622,0.0551011821493625,0.00623796459880081));
#3272=CARTESIAN_POINT('',(-0.00428937707441469,0.00470118579234972,0.00638793338174757));
#3273=CARTESIAN_POINT('',(-0.00428937707441469,0.0551011821493625,0.00638793338174757));
#3274=CARTESIAN_POINT('',(-0.00408046839029386,0.00470118579234972,0.0062677209092473));
#3275=CARTESIAN_POINT('',(-0.00408046839029386,0.0551011821493625,0.0062677209092473));
#3276=CARTESIAN_POINT('',(-0.00370533743911354,0.00470118579234972,0.00612714773803101));
#3277=CARTESIAN_POINT('',(-0.00370533743911354,0.0551011821493625,0.00612714773803101));
#3278=CARTESIAN_POINT('',(-0.00345670429902573,0.00470118579234972,0.0059886939366913));
#3279=CARTESIAN_POINT('',(-0.00345670429902573,0.0551011821493625,0.0059886939366913));
#3280=CARTESIAN_POINT('',(-0.0030636837199648,0.00470118579234972,0.00574149030935819));
#3281=CARTESIAN_POINT('',(-0.0030636837199648,0.0551011821493625,0.00574149030935819));
#3282=CARTESIAN_POINT('',(-0.00279750025703317,0.00470118579234972,0.00548238525646727));
#3283=CARTESIAN_POINT('',(-0.00279750025703317,0.0551011821493625,0.00548238525646727));
#3284=CARTESIAN_POINT('',(-0.00263068477366847,0.00470118579234972,0.00533685278245417));
#3285=CARTESIAN_POINT('',(-0.00263068477366847,0.0551011821493625,0.00533685278245417));
#3286=CARTESIAN_POINT('',(-0.00498160397507068,0.0532777777777778,0.00593684443417208));
#3287=CARTESIAN_POINT('',(-0.00487607595482937,0.0532794321255501,0.00602284323853016));
#3288=CARTESIAN_POINT('',(-0.0046690774328149,0.0532840615859828,0.00618197298025573));
#3289=CARTESIAN_POINT('',(-0.00434675930158451,0.0532983763523972,0.00638811203515053));
#3290=CARTESIAN_POINT('',(-0.00413069620603896,0.0534663804241684,0.00629281031520342));
#3291=CARTESIAN_POINT('',(-0.00392359482203277,0.0536171913130944,0.00621498073724393));
#3292=CARTESIAN_POINT('',(-0.00366447069617725,0.0538114074466303,0.00610540718493491));
#3293=CARTESIAN_POINT('',(-0.00338082366792841,0.0540510287247907,0.00594339922503598));
#3294=CARTESIAN_POINT('',(-0.00301776009061383,0.0543784754581662,0.00570224879312519));
#3295=CARTESIAN_POINT('',(-0.00279206400920656,0.0546349744384909,0.00547764258762384));
#3296=CARTESIAN_POINT('',(-0.00263068477366847,0.0548023679417122,0.00533685278245417));
#3297=CARTESIAN_POINT('',(-0.00498160397507068,0.0532777777777778,0.00593684443417208));
#3298=CARTESIAN_POINT('',(-0.00263068477366851,0.0548023679417121,0.00533685278245425));
#3299=CARTESIAN_POINT('',(-0.00498160397507068,0.055,0.00593684443417208));
#3300=CARTESIAN_POINT('',(-0.00498160397507068,0.005,0.00593684443417208));
#3301=CARTESIAN_POINT('',(-0.00263068477366847,0.0119677419354838,0.00533685278245417));
#3302=CARTESIAN_POINT('',(-0.00276346429663548,0.0113382922913441,0.00545269174467701));
#3303=CARTESIAN_POINT('',(-0.00300517935048125,0.0100763796784649,0.00569535238422158));
#3304=CARTESIAN_POINT('',(-0.00338358294413007,0.00850613559887019,0.00595070213718291));
#3305=CARTESIAN_POINT('',(-0.00367556564564033,0.00741113724349916,0.00610665688823976));
#3306=CARTESIAN_POINT('',(-0.00385581521798351,0.00678733585502663,0.00618498587151262));
#3307=CARTESIAN_POINT('',(-0.00399303560186982,0.0063196339782226,0.00624122693047718));
#3308=CARTESIAN_POINT('',(-0.0041086986528787,0.00593065085276306,0.00628599150373671));
#3309=CARTESIAN_POINT('',(-0.00420099314830879,0.00561795761544551,0.00632187935460262));
#3310=CARTESIAN_POINT('',(-0.00427342853505407,0.00538792489503699,0.00634482918767318));
#3311=CARTESIAN_POINT('',(-0.00438042981697323,0.00515519732910127,0.00634539914192473));
#3312=CARTESIAN_POINT('',(-0.00458974529801677,0.0050403682267608,0.00623350915630526));
#3313=CARTESIAN_POINT('',(-0.0047881612134064,0.00501361679507313,0.00609107268301453));
#3314=CARTESIAN_POINT('',(-0.00491775149926056,0.00500457483784729,0.00598888024951682));
#3315=CARTESIAN_POINT('',(-0.00498160397507068,0.005,0.00593684443417208));
#3316=CARTESIAN_POINT('',(-0.00263068477366847,0.0119677419354838,0.00533685278245417));
#3317=CARTESIAN_POINT('',(-0.00263068477366847,0.055,0.00533685278245417));
#3318=CARTESIAN_POINT('',(-2.13821176807376E-50,0.00470118579234972,0.00775));
#3319=CARTESIAN_POINT('',(-2.13821176807376E-50,0.0551011821493625,0.00775));
#3320=CARTESIAN_POINT('',(-0.000132663162536011,0.00470118579234972,0.00774809637846815));
#3321=CARTESIAN_POINT('',(-0.000132663162536011,0.0551011821493625,0.00774809637846815));
#3322=CARTESIAN_POINT('',(-0.000484902313661869,0.00470118579234973,0.00773620310531699));
#3323=CARTESIAN_POINT('',(-0.000484902313661869,0.0551011821493625,0.00773620310531699));
#3324=CARTESIAN_POINT('',(-0.000820230956993002,0.00470118579234972,0.00765059930680997));
#3325=CARTESIAN_POINT('',(-0.000820230956993002,0.0551011821493625,0.00765059930680997));
#3326=CARTESIAN_POINT('',(-0.000902993205729183,0.00470118579234973,0.00742422729654955));
#3327=CARTESIAN_POINT('',(-0.000902993205729183,0.0551011821493625,0.00742422729654955));
#3328=CARTESIAN_POINT('',(-0.00110000149361111,0.00470118579234972,0.00707541247245862));
#3329=CARTESIAN_POINT('',(-0.00110000149361111,0.0551011821493625,0.00707541247245862));
#3330=CARTESIAN_POINT('',(-0.00120146914093566,0.00470118579234972,0.00680953240550739));
#3331=CARTESIAN_POINT('',(-0.00120146914093566,0.0551011821493625,0.00680953240550739));
#3332=CARTESIAN_POINT('',(-0.00134364094283753,0.00470118579234972,0.0063675346818977));
#3333=CARTESIAN_POINT('',(-0.00134364094283753,0.0551011821493625,0.0063675346818977));
#3334=CARTESIAN_POINT('',(-0.00138099978786111,0.00470118579234972,0.0059979492640702));
#3335=CARTESIAN_POINT('',(-0.00138099978786111,0.0551011821493625,0.0059979492640702));
#3336=CARTESIAN_POINT('',(-0.00141524139081623,0.00470118579234972,0.00577923799524821));
#3337=CARTESIAN_POINT('',(-0.00141524139081623,0.0551011821493625,0.00577923799524821));
#3338=CARTESIAN_POINT('',(-0.00141524139081623,0.0548023679417122,0.00577923799524821));
#3339=CARTESIAN_POINT('',(-0.00138211448149431,0.0546349684501721,0.00599082938538974));
#3340=CARTESIAN_POINT('',(-0.00135353359992454,0.0543783880049961,0.0063080681964997));
#3341=CARTESIAN_POINT('',(-0.00123057002972886,0.0540511188371785,0.00672594103747908));
#3342=CARTESIAN_POINT('',(-0.00111623356356808,0.0538092243725869,0.00703528818674673));
#3343=CARTESIAN_POINT('',(-0.000987357058552416,0.053614782902693,0.00728611690685545));
#3344=CARTESIAN_POINT('',(-0.00087884853957442,0.0534631904157813,0.0074797380675012));
#3345=CARTESIAN_POINT('',(-0.000772557047393677,0.0532964938130769,0.00769025850967234));
#3346=CARTESIAN_POINT('',(-0.000392966220829188,0.0532845193992915,0.0077365053242367));
#3347=CARTESIAN_POINT('',(-0.000135217495416086,0.0532794211795771,0.00774805972561759));
#3348=CARTESIAN_POINT('',(-2.13821176807376E-50,0.0532777777777778,0.00775));
#3349=CARTESIAN_POINT('',(-0.00141524139081623,0.0548023679417122,0.00577923799524821));
#3350=CARTESIAN_POINT('',(2.73765644424722E-18,0.0532777777777778,0.00775));
#3351=CARTESIAN_POINT('',(-0.00141524139081623,0.055,0.00577923799524821));
#3352=CARTESIAN_POINT('',(-0.00141524139081623,0.0119677419354838,0.00577923799524821));
#3353=CARTESIAN_POINT('',(-2.13821176807376E-50,0.005,0.00775));
#3354=CARTESIAN_POINT('',(-8.20806156357469E-5,0.00500455921864119,0.00774882220185102));
#3355=CARTESIAN_POINT('',(-0.000246069210964077,0.00501339879420447,0.00774390379684189));
#3356=CARTESIAN_POINT('',(-0.00049062916456701,0.00504070884124725,0.00772529376603867));
#3357=CARTESIAN_POINT('',(-0.000720480477124641,0.00515268691934885,0.00767743684729407));
#3358=CARTESIAN_POINT('',(-0.000804362507358596,0.00538488833937884,0.00760816554265466));
#3359=CARTESIAN_POINT('',(-0.000845004319158752,0.00561533199492527,0.00754392022530224));
#3360=CARTESIAN_POINT('',(-0.000892750287737144,0.00592805363683727,0.00745709011781274));
#3361=CARTESIAN_POINT('',(-0.00095256771169341,0.00631724274800932,0.00734840177630311));
#3362=CARTESIAN_POINT('',(-0.00102159221886834,0.00678513968528876,0.00721706217361177));
#3363=CARTESIAN_POINT('',(-0.00110938323704438,0.00740917582635526,0.00704113182694427));
#3364=CARTESIAN_POINT('',(-0.00123293165132271,0.00850446637105997,0.00673389152002104));
#3365=CARTESIAN_POINT('',(-0.00135876019922791,0.0100754036339398,0.00629485284446525));
#3366=CARTESIAN_POINT('',(-0.00138797226045223,0.0113379697908195,0.00595341401467697));
#3367=CARTESIAN_POINT('',(-0.00141524139081623,0.0119677419354838,0.00577923799524821));
#3368=CARTESIAN_POINT('',(0.,0.005,0.00775));
#3369=CARTESIAN_POINT('',(0.,0.055,0.00775));
#3370=CARTESIAN_POINT('',(3.68628738645072E-17,0.055,-7.24247051220317E-17));
#3371=CARTESIAN_POINT('',(0.,0.0548023679417121,5.51158231148732E-18));
#3372=CARTESIAN_POINT('',(0.,0.0119677419354835,2.65853548367141E-19));
#3373=CARTESIAN_POINT('',(-0.00498160397507067,0.00470118579234972,0.00593684443417208));
#3374=CARTESIAN_POINT('',(-0.00498160397507067,0.0551011821493625,0.00593684443417208));
#3375=CARTESIAN_POINT('',(-0.00508200622920377,0.00470118579234972,0.00585011193833582));
#3376=CARTESIAN_POINT('',(-0.00508200622920377,0.0551011821493625,0.00585011193833583));
#3377=CARTESIAN_POINT('',(-0.0053441922249525,0.00470118579234973,0.00561458620053767));
#3378=CARTESIAN_POINT('',(-0.00534419222495249,0.0551011821493625,0.00561458620053768));
#3379=CARTESIAN_POINT('',(-0.00554604380777253,0.00470118579234972,0.00533346478927525));
#3380=CARTESIAN_POINT('',(-0.00554604380777252,0.0551011821493625,0.00533346478927525));
#3381=CARTESIAN_POINT('',(-0.00546393424514167,0.00470118579234973,0.00510685522070017));
#3382=CARTESIAN_POINT('',(-0.00546393424514167,0.0551011821493625,0.00510685522070017));
#3383=CARTESIAN_POINT('',(-0.00539063750232137,0.00470118579234972,0.00471301307657172));
#3384=CARTESIAN_POINT('',(-0.00539063750232136,0.0551011821493625,0.00471301307657172));
#3385=CARTESIAN_POINT('',(-0.00529746181701182,0.00470118579234972,0.00444411498226337));
#3386=CARTESIAN_POINT('',(-0.00529746181701182,0.0551011821493625,0.00444411498226337));
#3387=CARTESIAN_POINT('',(-0.00512226107558099,0.00470118579234972,0.0040141388095116));
#3388=CARTESIAN_POINT('',(-0.00512226107558099,0.0551011821493625,0.0040141388095116));
#3389=CARTESIAN_POINT('',(-0.00491331468391231,0.00470118579234972,0.00370700615123368));
#3390=CARTESIAN_POINT('',(-0.00491331468391231,0.0551011821493625,0.00370700615123368));
#3391=CARTESIAN_POINT('',(-0.00479896037988197,0.00470118579234972,0.00351745352098973));
#3392=CARTESIAN_POINT('',(-0.00479896037988197,0.0551011821493625,0.00351745352098974));
#3393=CARTESIAN_POINT('',(-0.00479896037988197,0.0548023679417122,0.00351745352098974));
#3394=CARTESIAN_POINT('',(-0.00490959201897753,0.0546349684501721,0.00370083549647882));
#3395=CARTESIAN_POINT('',(-0.00509161497056473,0.0543783880049961,0.00396222596141824));
#3396=CARTESIAN_POINT('',(-0.00526602289551632,0.0540511188371785,0.00436137458854544));
#3397=CARTESIAN_POINT('',(-0.00537728059560909,0.0538092243725869,0.00467184231702011));
#3398=CARTESIAN_POINT('',(-0.00543978505853267,0.053614782902693,0.00494682848483783));
#3399=CARTESIAN_POINT('',(-0.00548111999357472,0.0534631904157813,0.00516489883056523));
#3400=CARTESIAN_POINT('',(-0.00553501591845219,0.053296493813077,0.00539448969964228));
#3401=CARTESIAN_POINT('',(-0.00527395935449295,0.0532845193992915,0.00567391309501756));
#3402=CARTESIAN_POINT('',(-0.00508393940171423,0.0532794211795771,0.00584844196709701));
#3403=CARTESIAN_POINT('',(-0.00498160397507067,0.0532777777777778,0.00593684443417208));
#3404=CARTESIAN_POINT('',(-0.00479896037988197,0.0548023679417122,0.00351745352098974));
#3405=CARTESIAN_POINT('',(-0.00479896037988197,0.055,0.00351745352098974));
#3406=CARTESIAN_POINT('',(-0.00479896037988197,0.0119677419354838,0.00351745352098974));
#3407=CARTESIAN_POINT('',(-0.00498160397507068,0.005,0.00593684443417208));
#3408=CARTESIAN_POINT('',(-0.00504372430050936,0.00500455921864118,0.00588318178571884));
#3409=CARTESIAN_POINT('',(-0.00516618536289622,0.0050133987942045,0.00577400423168564));
#3410=CARTESIAN_POINT('',(-0.00534156685914698,0.00504070884124718,0.00560254801300108));
#3411=CARTESIAN_POINT('',(-0.00548688134546856,0.00515268691934886,0.00541814191054975));
#3412=CARTESIAN_POINT('',(-0.00550661197227778,0.00538488833937883,0.00531115868285339));
#3413=CARTESIAN_POINT('',(-0.00549644931239106,0.00561533199492523,0.0052358198614388));
#3414=CARTESIAN_POINT('',(-0.00547721152905987,0.00592805363683725,0.00513861362308637));
#3415=CARTESIAN_POINT('',(-0.00545317081504349,0.0063172427480093,0.00501690362407866));
#3416=CARTESIAN_POINT('',(-0.00542162318593273,0.00678513968528878,0.00487192355329873));
#3417=CARTESIAN_POINT('',(-0.00537578916055651,0.00740917582635527,0.00468072211013278));
#3418=CARTESIAN_POINT('',(-0.00527294247428405,0.00850446637105995,0.00436594699041752));
#3419=CARTESIAN_POINT('',(-0.0050871241133721,0.0100754036339398,0.00394874282115539));
#3420=CARTESIAN_POINT('',(-0.00489002920129126,0.0113379697908195,0.00366840835192263));
#3421=CARTESIAN_POINT('',(-0.00479896037988197,0.0119677419354838,0.00351745352098974));
#3422=CARTESIAN_POINT('',(7.91218356069828E-17,0.055,-3.02097232443961E-17));
#3423=CARTESIAN_POINT('',(0.,0.0548023679417121,5.51158231148732E-18));
#3424=CARTESIAN_POINT('',(0.,0.0119677419354835,2.65853548367141E-19));
#3425=CARTESIAN_POINT('',(-0.00671169687932939,0.00470118579234972,-0.00387500000000001));
#3426=CARTESIAN_POINT('',(-0.00671169687932939,0.0551011821493625,-0.003875));
#3427=CARTESIAN_POINT('',(-0.00664371671345561,0.00470118579234972,-0.00398893785813665));
#3428=CARTESIAN_POINT('',(-0.00664371671345561,0.0551011821493625,-0.00398893785813664));
#3429=CARTESIAN_POINT('',(-0.00645729726120963,0.00470118579234972,-0.00428803927464351));
#3430=CARTESIAN_POINT('',(-0.00645729726120962,0.0551011821493625,-0.0042880392746435));
#3431=CARTESIAN_POINT('',(-0.00621549787537656,0.00470118579234973,-0.00453564049913135));
#3432=CARTESIAN_POINT('',(-0.00621549787537656,0.0551011821493625,-0.00453564049913134));
#3433=CARTESIAN_POINT('',(-0.00597807283941717,0.00470118579234972,-0.00449412870388099));
#3434=CARTESIAN_POINT('',(-0.00597807283941717,0.0551011821493625,-0.00449412870388098));
#3435=CARTESIAN_POINT('',(-0.00557748619659687,0.00470118579234973,-0.00449033547389736));
#3436=CARTESIAN_POINT('',(-0.00557748619659687,0.0551011821493625,-0.00449033547389735));
#3437=CARTESIAN_POINT('',(-0.00529649348059493,0.00470118579234972,-0.00444526900066704));
#3438=CARTESIAN_POINT('',(-0.00529649348059492,0.0551011821493625,-0.00444526900066703));
#3439=CARTESIAN_POINT('',(-0.00484262632258311,0.00470118579234972,-0.00434739453101102));
#3440=CARTESIAN_POINT('',(-0.0048426263225831,0.0551011821493625,-0.00434739453101101));
#3441=CARTESIAN_POINT('',(-0.00450387653936442,0.00470118579234972,-0.00419495553094374));
#3442=CARTESIAN_POINT('',(-0.00450387653936441,0.0551011821493625,-0.00419495553094373));
#3443=CARTESIAN_POINT('',(-0.00429734622299308,0.00470118579234972,-0.00411525399455818));
#3444=CARTESIAN_POINT('',(-0.00429734622299308,0.0551011821493625,-0.00411525399455817));
#3445=CARTESIAN_POINT('',(-0.00429734622299308,0.0548023679417122,-0.00411525399455817));
#3446=CARTESIAN_POINT('',(-0.00449715319673866,0.0546349684501721,-0.00419236094460729));
#3447=CARTESIAN_POINT('',(-0.00478618050701124,0.054378388004996,-0.00432622858066032));
#3448=CARTESIAN_POINT('',(-0.00520955078794876,0.0540511188371784,-0.0044286754256205));
#3449=CARTESIAN_POINT('',(-0.00553462151088323,0.0538092243725869,-0.00448433071598015));
#3450=CARTESIAN_POINT('',(-0.00581628380700395,0.053614782902693,-0.00449813474873999));
#3451=CARTESIAN_POINT('',(-0.00603821891032236,0.0534631904157813,-0.00450097419510089));
#3452=CARTESIAN_POINT('',(-0.00627368070734889,0.0532964938130769,-0.00451418328375177));
#3453=CARTESIAN_POINT('',(-0.00650352703688795,0.0532845193992915,-0.00420857139218557));
#3454=CARTESIAN_POINT('',(-0.00664240780471587,0.0532794211795771,-0.00399113164887523));
#3455=CARTESIAN_POINT('',(-0.00671169687932939,0.0532777777777778,-0.003875));
#3456=CARTESIAN_POINT('',(-0.00429734622299314,0.0548023679417121,-0.00411525399455823));
#3457=CARTESIAN_POINT('',(-0.00429734622299308,0.055,-0.00411525399455817));
#3458=CARTESIAN_POINT('',(-0.00429734622299308,0.0119677419354838,-0.00411525399455818));
#3459=CARTESIAN_POINT('',(-0.0067116968793294,0.005,-0.003875));
#3460=CARTESIAN_POINT('',(-0.00666963656839399,0.00500455921864119,-0.00394549499922433));
#3461=CARTESIAN_POINT('',(-0.00658338280704582,0.00501339879420451,-0.00408505408620502));
#3462=CARTESIAN_POINT('',(-0.00644498607080355,0.00504070884124721,-0.00428754420337187));
#3463=CARTESIAN_POINT('',(-0.00628861510714508,0.00515268691934888,-0.00446267281976769));
#3464=CARTESIAN_POINT('',(-0.00618668338245706,0.00538488833937885,-0.00450068113655162));
#3465=CARTESIAN_POINT('',(-0.0061107243996556,0.00561533199492524,-0.00450375531935017));
#3466=CARTESIAN_POINT('',(-0.00601165433646716,0.00592805363683727,-0.0045016894873226));
#3467=CARTESIAN_POINT('',(-0.00588761875964649,0.00631724274800927,-0.00449914872530285));
#3468=CARTESIAN_POINT('',(-0.00573936307360537,0.00678513968528878,-0.00449325590065438));
#3469=CARTESIAN_POINT('',(-0.00554310741500669,0.00740917582635524,-0.00448131997928518));
#3470=CARTESIAN_POINT('',(-0.00521525529700548,0.00850446637105998,-0.00443469589118589));
#3471=CARTESIAN_POINT('',(-0.00477212237677769,0.0100754036339398,-0.0043241472724152));
#3472=CARTESIAN_POINT('',(-0.00446182164573044,0.0113379697908196,-0.00417872624463822));
#3473=CARTESIAN_POINT('',(-0.00429734622299308,0.0119677419354839,-0.00411525399455818));
#3474=CARTESIAN_POINT('',(5.01233613780098E-17,0.055,7.82398738771461E-17));
#3475=CARTESIAN_POINT('',(0.,0.0548023679417121,5.51158231148732E-18));
#3476=CARTESIAN_POINT('',(0.,0.0119677419354835,2.65853548367141E-19));
#3477=CARTESIAN_POINT('',(6.56154644717246E-18,0.00470118579234972,0.00775));
#3478=CARTESIAN_POINT('',(2.59412027872361E-18,0.0551011821493625,0.00775));
#3479=CARTESIAN_POINT('',(0.000132663162536478,0.00470118579234972,0.00774809637846814));
#3480=CARTESIAN_POINT('',(0.000132663162536474,0.0551011821493625,0.00774809637846814));
#3481=CARTESIAN_POINT('',(0.000484902313666604,0.00470118579234972,0.00773620310531662));
#3482=CARTESIAN_POINT('',(0.0004849023136666,0.0551011821493625,0.00773620310531662));
#3483=CARTESIAN_POINT('',(0.000820230956993062,0.00470118579234972,0.0076505993068092));
#3484=CARTESIAN_POINT('',(0.000820230956993058,0.0551011821493625,0.0076505993068092));
#3485=CARTESIAN_POINT('',(0.000902993205730157,0.00470118579234972,0.00742422729654799));
#3486=CARTESIAN_POINT('',(0.000902993205730153,0.0551011821493625,0.00742422729654799));
#3487=CARTESIAN_POINT('',(0.00110000149361161,0.00470118579234972,0.00707541247245751));
#3488=CARTESIAN_POINT('',(0.00110000149361161,0.0551011821493625,0.00707541247245751));
#3489=CARTESIAN_POINT('',(0.00120146914093593,0.00470118579234972,0.00680953240550662));
#3490=CARTESIAN_POINT('',(0.00120146914093592,0.0551011821493625,0.00680953240550662));
#3491=CARTESIAN_POINT('',(0.00134364094283767,0.00470118579234972,0.00636753468189704));
#3492=CARTESIAN_POINT('',(0.00134364094283766,0.0551011821493625,0.00636753468189705));
#3493=CARTESIAN_POINT('',(0.00138099978786115,0.00470118579234972,0.00599794926407));
#3494=CARTESIAN_POINT('',(0.00138099978786114,0.0551011821493625,0.00599794926407));
#3495=CARTESIAN_POINT('',(0.00141524139081624,0.00470118579234972,0.00577923799524821));
#3496=CARTESIAN_POINT('',(0.00141524139081623,0.0551011821493625,0.00577923799524821));
#3497=CARTESIAN_POINT('',(2.73765644424721E-18,0.0532777777777778,0.00775));
#3498=CARTESIAN_POINT('',(0.000136118119388434,0.0532794321255501,0.00774804680230751));
#3499=CARTESIAN_POINT('',(0.000396974813225265,0.0532840615859828,0.00773689117151702));
#3500=CARTESIAN_POINT('',(0.000776388456929667,0.0532983763523971,0.00768762074789677));
#3501=CARTESIAN_POINT('',(0.000880643625871603,0.0534663804241684,0.0074757327141844));
#3502=CARTESIAN_POINT('',(0.000989264601872309,0.0536171913130944,0.00728298959489015));
#3503=CARTESIAN_POINT('',(0.00111733267678842,0.0538114074466302,0.00703248960656022));
#3504=CARTESIAN_POINT('',(0.00123048219729203,0.0540510287247907,0.00672605951385585));
#3505=CARTESIAN_POINT('',(0.00135359652348994,0.0543784754581662,0.00630795479650855));
#3506=CARTESIAN_POINT('',(0.00138211566653074,0.054634974438491,0.00599082181621081));
#3507=CARTESIAN_POINT('',(0.00141524139081623,0.0548023679417122,0.00577923799524821));
#3508=CARTESIAN_POINT('',(0.00141524139081625,0.0548023679417121,0.00577923799524829));
#3509=CARTESIAN_POINT('',(0.00141524139081624,0.0119677419354838,0.00577923799524821));
#3510=CARTESIAN_POINT('',(0.00138798622472315,0.0113382922913441,0.00595332482073897));
#3511=CARTESIAN_POINT('',(0.00135880100336426,0.0100763796784649,0.00629458509691256));
#3512=CARTESIAN_POINT('',(0.00123306269053339,0.00850613559887016,0.0067334274976787));
#3513=CARTESIAN_POINT('',(0.00110963674620568,0.00741113724349913,0.00704057863087741));
#3514=CARTESIAN_POINT('',(0.00102190646286475,0.00678733585502659,0.00721644430500224));
#3515=CARTESIAN_POINT('',(0.000952940606164055,0.00631963397822253,0.00734773101825572));
#3516=CARTESIAN_POINT('',(0.00089311168170865,0.00593065085276305,0.00745636944693683));
#3517=CARTESIAN_POINT('',(0.000845478262228839,0.00561795761544544,0.00754318689377287));
#3518=CARTESIAN_POINT('',(0.000804741405069573,0.00538792489503696,0.00760732805496981));
#3519=CARTESIAN_POINT('',(0.000723140027179753,0.00515519732910125,0.00767654376349525));
#3520=CARTESIAN_POINT('',(0.000490873569663396,0.00504036822676079,0.00772537645950114));
#3521=CARTESIAN_POINT('',(0.000247321760054076,0.0050136167950731,0.00774380308261638));
#3522=CARTESIAN_POINT('',(8.23618116372646E-5,0.00500457483784729,0.00774881816688945));
#3523=CARTESIAN_POINT('',(6.5380241576362E-18,0.005,0.00775));
#3524=CARTESIAN_POINT('',(0.00141524139081623,0.0119677419354838,0.00577923799524821));
#3525=CARTESIAN_POINT('',(0.00141524139081623,0.055,0.00577923799524821));
#3526=CARTESIAN_POINT('',(0.00498160397507069,0.00470118579234972,0.00593684443417208));
#3527=CARTESIAN_POINT('',(0.00498160397507068,0.0551011821493625,0.00593684443417208));
#3528=CARTESIAN_POINT('',(0.00508200622920413,0.00470118579234972,0.00585011193833552));
#3529=CARTESIAN_POINT('',(0.00508200622920412,0.0551011821493625,0.00585011193833552));
#3530=CARTESIAN_POINT('',(0.0053441922249559,0.00470118579234972,0.00561458620053436));
#3531=CARTESIAN_POINT('',(0.00534419222495589,0.0551011821493625,0.00561458620053436));
#3532=CARTESIAN_POINT('',(0.00554604380777208,0.00470118579234972,0.00533346478927462));
#3533=CARTESIAN_POINT('',(0.00554604380777207,0.0551011821493625,0.00533346478927463));
#3534=CARTESIAN_POINT('',(0.00546393424514143,0.00470118579234972,0.00510685522069835));
#3535=CARTESIAN_POINT('',(0.00546393424514142,0.0551011821493625,0.00510685522069835));
#3536=CARTESIAN_POINT('',(0.00539063750232104,0.00470118579234972,0.00471301307657055));
#3537=CARTESIAN_POINT('',(0.00539063750232103,0.0551011821493625,0.00471301307657056));
#3538=CARTESIAN_POINT('',(0.00529746181701153,0.00470118579234972,0.00444411498226261));
#3539=CARTESIAN_POINT('',(0.00529746181701152,0.0551011821493625,0.00444411498226261));
#3540=CARTESIAN_POINT('',(0.00512226107558068,0.00470118579234972,0.00401413880951101));
#3541=CARTESIAN_POINT('',(0.00512226107558067,0.0551011821493625,0.00401413880951102));
#3542=CARTESIAN_POINT('',(0.00491331468391221,0.00470118579234972,0.0037070061512335));
#3543=CARTESIAN_POINT('',(0.0049133146839122,0.0551011821493625,0.00370700615123351));
#3544=CARTESIAN_POINT('',(0.00479896037988198,0.00470118579234972,0.00351745352098973));
#3545=CARTESIAN_POINT('',(0.00479896037988197,0.0551011821493625,0.00351745352098974));
#3546=CARTESIAN_POINT('',(0.00498160397507068,0.0532777777777778,0.00593684443417208));
#3547=CARTESIAN_POINT('',(0.00508462101275998,0.0532794321255501,0.00584785315733674));
#3548=CARTESIAN_POINT('',(0.00527727813227367,0.0532840615859828,0.00567163199765811));
#3549=CARTESIAN_POINT('',(0.00553625542784987,0.0532983763523971,0.00539000627431454));
#3550=CARTESIAN_POINT('',(0.00547992051797317,0.0534663804241684,0.0051606766926841));
#3551=CARTESIAN_POINT('',(0.00543923612410997,0.0536171913130944,0.00494320667967399));
#3552=CARTESIAN_POINT('',(0.0053763236725153,0.0538114074466302,0.00466899198385998));
#3553=CARTESIAN_POINT('',(0.0052660317671132,0.0540510287247907,0.00436152180431767));
#3554=CARTESIAN_POINT('',(0.00509159028070315,0.0543784754581661,0.00396209864549705));
#3555=CARTESIAN_POINT('',(0.00490958806139367,0.0546349744384909,0.00370082893642464));
#3556=CARTESIAN_POINT('',(0.00479896037988197,0.0548023679417122,0.00351745352098974));
#3557=CARTESIAN_POINT('',(0.00498160397507068,0.0532777777777778,0.00593684443417208));
#3558=CARTESIAN_POINT('',(0.00479896037988204,0.0548023679417121,0.00351745352098978));
#3559=CARTESIAN_POINT('',(0.00498160397507068,0.055,0.00593684443417208));
#3560=CARTESIAN_POINT('',(0.00498160397507069,0.005,0.00593684443417208));
#3561=CARTESIAN_POINT('',(0.00479896037988197,0.0119677419354838,0.00351745352098973));
#3562=CARTESIAN_POINT('',(0.0048899825657852,0.0113382922913441,0.00366833104934173));
#3563=CARTESIAN_POINT('',(0.00508698326634462,0.0100763796784648,0.00394851148623722));
#3564=CARTESIAN_POINT('',(0.00527274458833095,0.00850613559887014,0.00436550729829969));
#3565=CARTESIAN_POINT('',(0.0053756277722633,0.00741113724349911,0.00468013538481196));
#3566=CARTESIAN_POINT('',(0.00542146675251336,0.00678733585502659,0.00487124824633651));
#3567=CARTESIAN_POINT('',(0.00545302531381864,0.00631963397822255,0.00501615010165831));
#3568=CARTESIAN_POINT('',(0.00547702513459383,0.00593065085276301,0.00513782925759947));
#3569=CARTESIAN_POINT('',(0.00549634099742539,0.00561795761544544,0.00523495345216261));
#3570=CARTESIAN_POINT('',(0.0055063638980567,0.00538792489503692,0.00531027357931228));
#3571=CARTESIAN_POINT('',(0.00548834461580918,0.00515519732910121,0.00541574824284565));
#3572=CARTESIAN_POINT('',(0.005341807238646,0.00504036822676077,0.00560245425930081));
#3573=CARTESIAN_POINT('',(0.00516708013331008,0.0050136167950731,0.00577312195707727));
#3574=CARTESIAN_POINT('',(0.00504393711552043,0.00500457483784728,0.00588299794545328));
#3575=CARTESIAN_POINT('',(0.00498160397507068,0.005,0.00593684443417207));
#3576=CARTESIAN_POINT('',(0.00479896037988197,0.0119677419354838,0.00351745352098974));
#3577=CARTESIAN_POINT('',(0.00479896037988197,0.055,0.00351745352098974));
#3578=CARTESIAN_POINT('',(0.00763226008584461,0.00470118579234972,0.00134577337691871));
#3579=CARTESIAN_POINT('',(0.0076322600858446,0.0551011821493625,0.00134577337691871));
#3580=CARTESIAN_POINT('',(0.00760734866818333,0.00470118579234972,0.00147609052751332));
#3581=CARTESIAN_POINT('',(0.00760734866818332,0.0551011821493625,0.00147609052751332));
#3582=CARTESIAN_POINT('',(0.00753447039387942,0.00470118579234972,0.00182091312924731));
#3583=CARTESIAN_POINT('',(0.00753447039387941,0.0551011821493625,0.00182091312924732));
#3584=CARTESIAN_POINT('',(0.00739193790158846,0.00470118579234972,0.00213628243339476));
#3585=CARTESIAN_POINT('',(0.00739193790158845,0.0551011821493625,0.00213628243339477));
#3586=CARTESIAN_POINT('',(0.00715463347714637,0.00470118579234973,0.00217847825055035));
#3587=CARTESIAN_POINT('',(0.00715463347714636,0.0551011821493625,0.00217847825055036));
#3588=CARTESIAN_POINT('',(0.00677690780384005,0.00470118579234972,0.00231192248131754));
#3589=CARTESIAN_POINT('',(0.00677690780384004,0.0551011821493625,0.00231192248131755));
#3590=CARTESIAN_POINT('',(0.00649744738048501,0.00470118579234973,0.00236567901797862));
#3591=CARTESIAN_POINT('',(0.00649744738048501,0.0551011821493625,0.00236567901797863));
#3592=CARTESIAN_POINT('',(0.00603747672114457,0.00470118579234972,0.00242893881151354));
#3593=CARTESIAN_POINT('',(0.00603747672114457,0.0551011821493625,0.00242893881151355));
#3594=CARTESIAN_POINT('',(0.00566701884090969,0.00470118579234972,0.00240155225743833));
#3595=CARTESIAN_POINT('',(0.00566701884090969,0.0551011821493625,0.00240155225743833));
#3596=CARTESIAN_POINT('',(0.00544568429574912,0.00470118579234972,0.00239729484023794));
#3597=CARTESIAN_POINT('',(0.00544568429574911,0.0551011821493625,0.00239729484023795));
#3598=CARTESIAN_POINT('',(0.00544568429574911,0.0548023679417122,0.00239729484023795));
#3599=CARTESIAN_POINT('',(0.00565981356466661,0.0546349684501721,0.00240141366241247));
#3600=CARTESIAN_POINT('',(0.00597719582340477,0.0543783880049961,0.00242835493008911));
#3601=CARTESIAN_POINT('',(0.00641007263685841,0.0540511188371785,0.00237982231015491));
#3602=CARTESIAN_POINT('',(0.00673457442681911,0.0538092243725869,0.00232094044056455));
#3603=CARTESIAN_POINT('',(0.00700397166530038,0.0536147829026931,0.00223757780939741));
#3604=CARTESIAN_POINT('',(0.00721349359203338,0.0534631904157813,0.0021643397403439));
#3605=CARTESIAN_POINT('',(0.00743927307956978,0.0532964938130769,0.00209621954590972));
#3606=CARTESIAN_POINT('',(0.00755073255639687,0.0532845193992915,0.0017304262320087));
#3607=CARTESIAN_POINT('',(0.00760686901692215,0.0532794211795771,0.00147859968963669));
#3608=CARTESIAN_POINT('',(0.0076322600858446,0.0532777777777778,0.00134577337691871));
#3609=CARTESIAN_POINT('',(0.00544568429574911,0.0548023679417122,0.00239729484023795));
#3610=CARTESIAN_POINT('',(0.00763226008584461,0.0532777777777778,0.00134577337691871));
#3611=CARTESIAN_POINT('',(0.00544568429574911,0.055,0.00239729484023795));
#3612=CARTESIAN_POINT('',(0.00544568429574912,0.0119677419354838,0.00239729484023794));
#3613=CARTESIAN_POINT('',(0.00763226008584461,0.005,0.00134577337691871));
#3614=CARTESIAN_POINT('',(0.00761684703176909,0.00500455921864119,0.00142640248106658));
#3615=CARTESIAN_POINT('',(0.00758352702764672,0.00501339879420453,0.00158704564908463));
#3616=CARTESIAN_POINT('',(0.00752273233475446,0.00504070884124721,0.00182465858953379));
#3617=CARTESIAN_POINT('',(0.00743568920857952,0.00515268691934886,0.00204270767745183));
#3618=CARTESIAN_POINT('',(0.00735290432902022,0.00538488833937883,0.0021132865153494));
#3619=CARTESIAN_POINT('',(0.00728257766584066,0.00561533199492527,0.00214215480442477));
#3620=CARTESIAN_POINT('',(0.00718877570235552,0.00592805363683725,0.00217409751452367));
#3621=CARTESIAN_POINT('',(0.00707135139431208,0.00631724274800931,0.00221413264496423));
#3622=CARTESIAN_POINT('',(0.00693002115541882,0.00678513968528876,0.0022593016321151));
#3623=CARTESIAN_POINT('',(0.00674151883570873,0.00740917582635522,0.00231520892336458));
#3624=CARTESIAN_POINT('',(0.00641749224241983,0.00850446637106001,0.0023835286402152));
#3625=CARTESIAN_POINT('',(0.00596327365281804,0.0100754036339398,0.00243120730380694));
#3626=CARTESIAN_POINT('',(0.00562194942486564,0.0113379697908196,0.00240068533760465));
#3627=CARTESIAN_POINT('',(0.00544568429574912,0.0119677419354839,0.00239729484023794));
#3628=CARTESIAN_POINT('',(0.00763226008584461,0.005,0.00134577337691871));
#3629=CARTESIAN_POINT('',(0.00763226008584461,0.055,0.00134577337691871));
#3630=CARTESIAN_POINT('',(-7.15564693874227E-17,0.055,-4.33133219145395E-17));
#3631=CARTESIAN_POINT('',(0.,0.0548023679417121,5.51158231148732E-18));
#3632=CARTESIAN_POINT('',(0.,0.0119677419354835,2.65853548367141E-19));
#3633=CARTESIAN_POINT('',(0.00498160397507068,0.00470118579234972,0.00593684443417208));
#3634=CARTESIAN_POINT('',(0.00498160397507068,0.0551011821493625,0.00593684443417208));
#3635=CARTESIAN_POINT('',(0.00487875447226917,0.00470118579234972,0.00602066041261578));
#3636=CARTESIAN_POINT('',(0.00487875447226917,0.0551011821493625,0.00602066041261578));
#3637=CARTESIAN_POINT('',(0.00460127877928008,0.00470118579234972,0.00623796459879804));
#3638=CARTESIAN_POINT('',(0.00460127877928007,0.0551011821493625,0.00623796459879804));
#3639=CARTESIAN_POINT('',(0.00428937707441523,0.00470118579234972,0.00638793338174812));
#3640=CARTESIAN_POINT('',(0.00428937707441523,0.0551011821493625,0.00638793338174812));
#3641=CARTESIAN_POINT('',(0.00408046839029561,0.00470118579234972,0.00626772090924786));
#3642=CARTESIAN_POINT('',(0.00408046839029561,0.0551011821493625,0.00626772090924787));
#3643=CARTESIAN_POINT('',(0.00370533743911463,0.00470118579234972,0.00612714773803154));
#3644=CARTESIAN_POINT('',(0.00370533743911463,0.0551011821493625,0.00612714773803155));
#3645=CARTESIAN_POINT('',(0.00345670429902643,0.00470118579234972,0.00598869393669172));
#3646=CARTESIAN_POINT('',(0.00345670429902643,0.0551011821493625,0.00598869393669172));
#3647=CARTESIAN_POINT('',(0.00306368371996533,0.00470118579234972,0.00574149030935861));
#3648=CARTESIAN_POINT('',(0.00306368371996533,0.0551011821493625,0.00574149030935861));
#3649=CARTESIAN_POINT('',(0.00279750025703333,0.00470118579234972,0.0054823852564674));
#3650=CARTESIAN_POINT('',(0.00279750025703333,0.0551011821493625,0.0054823852564674));
#3651=CARTESIAN_POINT('',(0.00263068477366848,0.00470118579234972,0.00533685278245417));
#3652=CARTESIAN_POINT('',(0.00263068477366847,0.0551011821493625,0.00533685278245417));
#3653=CARTESIAN_POINT('',(0.00263068477366848,0.0548023679417122,0.00533685278245417));
#3654=CARTESIAN_POINT('',(0.00279206978237156,0.0546349684501721,0.00547764762422458));
#3655=CARTESIAN_POINT('',(0.00301788118497069,0.0543783880049961,0.00570229521607006));
#3656=CARTESIAN_POINT('',(0.00338068022923123,0.0540511188371785,0.00594336492446805));
#3657=CARTESIAN_POINT('',(0.00366711155842065,0.0538092243725869,0.00610684452537574));
#3658=CARTESIAN_POINT('',(0.00392706628237591,0.053614782902693,0.0062161502519859));
#3659=CARTESIAN_POINT('',(0.00413464591340629,0.0534631904157813,0.00629472473462433));
#3660=CARTESIAN_POINT('',(0.00435138985215551,0.0532964938130769,0.0063876698953236));
#3661=CARTESIAN_POINT('',(0.00467190017489362,0.0532845193992916,0.00617910073056627));
#3662=CARTESIAN_POINT('',(0.00487677417976232,0.0532794211795771,0.00602227422842962));
#3663=CARTESIAN_POINT('',(0.00498160397507068,0.0532777777777778,0.00593684443417208));
#3664=CARTESIAN_POINT('',(0.00263068477366847,0.0548023679417122,0.00533685278245417));
#3665=CARTESIAN_POINT('',(0.00263068477366847,0.055,0.00533685278245417));
#3666=CARTESIAN_POINT('',(0.00263068477366848,0.0119677419354838,0.00533685278245417));
#3667=CARTESIAN_POINT('',(0.00498160397507068,0.005,0.00593684443417208));
#3668=CARTESIAN_POINT('',(0.00491796950151826,0.00500455921864119,0.00598870259117104));
#3669=CARTESIAN_POINT('',(0.00478918545953281,0.00501339879420451,0.00609034471155175));
#3670=CARTESIAN_POINT('',(0.00458987936884965,0.00504070884124722,0.00623328870887013));
#3671=CARTESIAN_POINT('',(0.00438304121371448,0.00515268691934887,0.00634437375798327));
#3672=CARTESIAN_POINT('',(0.00427425711424718,0.00538488833937887,0.00634522718970639));
#3673=CARTESIAN_POINT('',(0.00420182758618487,0.00561533199492525,0.00632213647441251));
#3674=CARTESIAN_POINT('',(0.00410943873503205,0.00592805363683729,0.00628631127008942));
#3675=CARTESIAN_POINT('',(0.0039937524105689,0.0063172427480093,0.00624150106900662));
#3676=CARTESIAN_POINT('',(0.00385645310113737,0.00678513968528877,0.00618525719418022));
#3677=CARTESIAN_POINT('',(0.00367611543250214,0.00740917582635524,0.00610691770846491));
#3678=CARTESIAN_POINT('',(0.00338398159380152,0.00850446637106002,0.00595097336853874));
#3679=CARTESIAN_POINT('',(0.00300538271307256,0.0100754036339398,0.00569553126235321));
#3680=CARTESIAN_POINT('',(0.00276353232664583,0.0113379697908196,0.00545275109513725));
#3681=CARTESIAN_POINT('',(0.00263068477366847,0.0119677419354838,0.00533685278245417));
#3682=CARTESIAN_POINT('',(-2.26446362443798E-17,0.055,-7.7599720399482E-17));
#3683=CARTESIAN_POINT('',(0.,0.0548023679417121,5.51158231148732E-18));
#3684=CARTESIAN_POINT('',(0.,0.0119677419354835,2.65853548367141E-19));
#3685=CARTESIAN_POINT('',(0.00763226008584462,0.00470118579234972,0.0013457733769187));
#3686=CARTESIAN_POINT('',(0.00763226008584461,0.0551011821493625,0.00134577337691871));
#3687=CARTESIAN_POINT('',(0.00765342210101923,0.00470118579234972,0.00121479510550369));
#3688=CARTESIAN_POINT('',(0.00765342210101922,0.0551011821493625,0.0012147951055037));
#3689=CARTESIAN_POINT('',(0.00770287520010762,0.00470118579234972,0.000865842013347049));
#3690=CARTESIAN_POINT('',(0.00770287520010761,0.0551011821493625,0.000865842013347058));
#3691=CARTESIAN_POINT('',(0.00767680112348337,0.00470118579234972,0.000520742821979907));
#3692=CARTESIAN_POINT('',(0.00767680112348336,0.0551011821493625,0.000520742821979916));
#3693=CARTESIAN_POINT('',(0.00746823972638599,0.00470118579234972,0.000399928830710231));
#3694=CARTESIAN_POINT('',(0.00746823972638598,0.0551011821493625,0.00039992883071024));
#3695=CARTESIAN_POINT('',(0.00715893431343199,0.00470118579234972,0.000145342482850391));
#3696=CARTESIAN_POINT('',(0.00715893431343198,0.0551011821493625,0.0001453424828504));
#3697=CARTESIAN_POINT('',(0.00691471323417737,0.00470118579234972,-7.53232018487222E-7));
#3698=CARTESIAN_POINT('',(0.00691471323417736,0.0551011821493625,-7.53232018477964E-7));
#3699=CARTESIAN_POINT('',(0.00650411832346877,0.00470118579234972,-0.000217517224028771));
#3700=CARTESIAN_POINT('',(0.00650411832346877,0.0551011821493625,-0.000217517224028761));
#3701=CARTESIAN_POINT('',(0.0061466350339505,0.00470118579234972,-0.000318486338549413));
#3702=CARTESIAN_POINT('',(0.00614663503395049,0.0551011821493625,-0.000318486338549404));
#3703=CARTESIAN_POINT('',(0.00593719247269721,0.00470118579234972,-0.000390186547881275));
#3704=CARTESIAN_POINT('',(0.00593719247269721,0.0551011821493625,-0.000390186547881266));
#3705=CARTESIAN_POINT('',(0.00763226008584461,0.0532777777777778,0.00134577337691871));
#3706=CARTESIAN_POINT('',(0.00765397322499313,0.0532794321255501,0.00121138402839962));
#3707=CARTESIAN_POINT('',(0.00768828436281791,0.0532840615859828,0.000952553178926485));
#3708=CARTESIAN_POINT('',(0.00770564695545372,0.0532983763523971,0.000570347961733241));
#3709=CARTESIAN_POINT('',(0.00751508169718239,0.0534663804241684,0.000430882692144044));
#3710=CARTESIAN_POINT('',(0.00734412861350056,0.0536171913130944,0.000290442421415495));
#3711=CARTESIAN_POINT('',(0.00711967307069028,0.0538114074466303,0.000120821121845689));
#3712=CARTESIAN_POINT('',(0.00683754654767809,0.0540510287247907,-4.38204303763037E-5));
#3713=CARTESIAN_POINT('',(0.00644717235885245,0.0543784754581662,-0.000237667495564193));
#3714=CARTESIAN_POINT('',(0.00613980963833705,0.0546349744384909,-0.000320822932846799));
#3715=CARTESIAN_POINT('',(0.00593719247269721,0.0548023679417122,-0.000390186547881266));
#3716=CARTESIAN_POINT('',(0.00593719247269721,0.0548023679417121,-0.000390186547881264));
#3717=CARTESIAN_POINT('',(0.00593719247269722,0.0119677419354838,-0.000390186547881273));
#3718=CARTESIAN_POINT('',(0.00610390171821373,0.0113382922913441,-0.000333115589000879));
#3719=CARTESIAN_POINT('',(0.00643490952348079,0.0100763796784648,-0.00024511453166561));
#3720=CARTESIAN_POINT('',(0.00684525069321979,0.00850613559887013,-4.50822831630684E-5));
#3721=CARTESIAN_POINT('',(0.00712630282023103,0.00741113724349911,0.000129804778281999));
#3722=CARTESIAN_POINT('',(0.00728426249576954,0.00678733585502658,0.000246740995316051));
#3723=CARTESIAN_POINT('',(0.00740157887351173,0.00631963397822252,0.00033745680419637));
#3724=CARTESIAN_POINT('',(0.00749817765664851,0.00593065085276301,0.000415241658019514));
#3725=CARTESIAN_POINT('',(0.00757540469490065,0.00561795761544545,0.000477227110258487));
#3726=CARTESIAN_POINT('',(0.00763149752672501,0.00538792489503692,0.000528483078777576));
#3727=CARTESIAN_POINT('',(0.00768549176254542,0.00515519732910124,0.000620863930031328));
#3728=CARTESIAN_POINT('',(0.00769324993309164,0.00504036822676081,0.000858081446830126));
#3729=CARTESIAN_POINT('',(0.00766910428649122,0.00501361679507309,0.00110113290671802));
#3730=CARTESIAN_POINT('',(0.00764539818593473,0.00500457483784728,0.00126445760310025));
#3731=CARTESIAN_POINT('',(0.00763226008584461,0.005,0.0013457733769187));
#3732=CARTESIAN_POINT('',(0.00593719247269722,0.0119677419354838,-0.000390186547881272));
#3733=CARTESIAN_POINT('',(0.00593719247269721,0.055,-0.000390186547881264));
#3734=CARTESIAN_POINT('',(0.00671169687932939,0.00470118579234972,-0.00387500000000001));
#3735=CARTESIAN_POINT('',(0.00671169687932939,0.0551011821493625,-0.003875));
#3736=CARTESIAN_POINT('',(0.00677637987599163,0.00470118579234972,-0.00375915852033151));
#3737=CARTESIAN_POINT('',(0.00677637987599162,0.0551011821493625,-0.0037591585203315));
#3738=CARTESIAN_POINT('',(0.0069421995748715,0.00470118579234972,-0.00344816383067346));
#3739=CARTESIAN_POINT('',(0.00694219957487149,0.0551011821493625,-0.00344816383067346));
#3740=CARTESIAN_POINT('',(0.00703572883236956,0.00470118579234973,-0.00311495880767863));
#3741=CARTESIAN_POINT('',(0.00703572883236956,0.0551011821493625,-0.00311495880767863));
#3742=CARTESIAN_POINT('',(0.00688106604514636,0.00470118579234972,-0.00293009859266856));
#3743=CARTESIAN_POINT('',(0.00688106604514635,0.0551011821493625,-0.00293009859266855));
#3744=CARTESIAN_POINT('',(0.00667748769020798,0.00470118579234972,-0.00258507699856126));
#3745=CARTESIAN_POINT('',(0.00667748769020798,0.0551011821493625,-0.00258507699856125));
#3746=CARTESIAN_POINT('',(0.00649796262153059,0.00470118579234972,-0.00236426340484035));
#3747=CARTESIAN_POINT('',(0.00649796262153058,0.0551011821493625,-0.00236426340484034));
#3748=CARTESIAN_POINT('',(0.00618626726542064,0.00470118579234972,-0.00202014015088668));
#3749=CARTESIAN_POINT('',(0.00618626726542063,0.0551011821493625,-0.00202014015088667));
#3750=CARTESIAN_POINT('',(0.00588487632722553,0.00470118579234972,-0.00180299373312646));
#3751=CARTESIAN_POINT('',(0.00588487632722552,0.0551011821493625,-0.00180299373312645));
#3752=CARTESIAN_POINT('',(0.00571258761380931,0.00470118579234972,-0.00166398400069003));
#3753=CARTESIAN_POINT('',(0.00571258761380931,0.0551011821493625,-0.00166398400069002));
#3754=CARTESIAN_POINT('',(0.00571258761380931,0.0548023679417122,-0.00166398400069002));
#3755=CARTESIAN_POINT('',(0.00587926767823298,0.0546349684501721,-0.00179846844078243));
#3756=CARTESIAN_POINT('',(0.00613971410693576,0.054378388004996,-0.00198183961583945));
#3757=CARTESIAN_POINT('',(0.0064401208176776,0.0540511188371784,-0.00229726561185861));
#3758=CARTESIAN_POINT('',(0.00665085507445129,0.0538092243725869,-0.00255095747076661));
#3759=CARTESIAN_POINT('',(0.00680364086555633,0.053614782902693,-0.00278798215811548));
#3760=CARTESIAN_POINT('',(0.00691706744989678,0.0534631904157813,-0.00297876387240031));
#3761=CARTESIAN_POINT('',(0.00704623775474255,0.053296493813077,-0.00317607522592056));
#3762=CARTESIAN_POINT('',(0.00689649325771713,0.0532845193992915,-0.0035279339320511));
#3763=CARTESIAN_POINT('',(0.00677762530013196,0.0532794211795771,-0.00375692807674236));
#3764=CARTESIAN_POINT('',(0.00671169687932939,0.0532777777777778,-0.003875));
#3765=CARTESIAN_POINT('',(0.00571258761380939,0.0548023679417121,-0.00166398400069005));
#3766=CARTESIAN_POINT('',(0.00571258761380931,0.055,-0.00166398400069002));
#3767=CARTESIAN_POINT('',(0.00571258761380932,0.0119677419354838,-0.00166398400069003));
#3768=CARTESIAN_POINT('',(0.00671169687932939,0.005,-0.003875));
#3769=CARTESIAN_POINT('',(0.00675171718402972,0.00500455921864119,-0.00380332720262669));
#3770=CARTESIAN_POINT('',(0.00682945201800989,0.00501339879420453,-0.00365884971063687));
#3771=CARTESIAN_POINT('',(0.00693561523537054,0.00504070884124719,-0.00343774956266678));
#3772=CARTESIAN_POINT('',(0.0070090955842697,0.00515268691934889,-0.00321476402752637));
#3773=CARTESIAN_POINT('',(0.00699104588981565,0.00538488833937884,-0.00310748440610305));
#3774=CARTESIAN_POINT('',(0.00695572871881435,0.00561533199492527,-0.00304016490595208));
#3775=CARTESIAN_POINT('',(0.00690440462420429,0.00592805363683725,-0.00295540063049014));
#3776=CARTESIAN_POINT('',(0.0068401864713399,0.00631724274800931,-0.00284925305100026));
#3777=CARTESIAN_POINT('',(0.00676095529247371,0.00678513968528877,-0.0027238062729574));
#3778=CARTESIAN_POINT('',(0.00665249065205106,0.00740917582635522,-0.00255981184765909));
#3779=CARTESIAN_POINT('',(0.00644818694832819,0.00850446637105998,-0.00229919562883516));
#3780=CARTESIAN_POINT('',(0.0061308825760056,0.0100754036339398,-0.00197070557205006));
#3781=CARTESIAN_POINT('',(0.00584979390618266,0.0113379697908196,-0.00177468777003874));
#3782=CARTESIAN_POINT('',(0.00571258761380931,0.0119677419354839,-0.00166398400069003));
#3783=CARTESIAN_POINT('',(-8.6986235242517E-17,0.055,1.43915034308169E-17));
#3784=CARTESIAN_POINT('',(0.,0.0548023679417121,5.51158231148732E-18));
#3785=CARTESIAN_POINT('',(0.,0.0119677419354835,2.65853548367141E-19));
#3786=CARTESIAN_POINT('',(0.,-0.0025,0.));
#3787=CARTESIAN_POINT('',(0.,0.00318679283678167,0.));
#3788=CARTESIAN_POINT('',(0.,0.00318679283678167,0.00775));
#3789=CARTESIAN_POINT('',(0.,0.005,0.));
#3790=CARTESIAN_POINT('',(3.93593894367099E-19,0.005,1.4325646193854E-19));
#3791=CARTESIAN_POINT('',(6.03020831250949E-19,0.005,5.05994557094888E-19));
#3792=CARTESIAN_POINT('',(5.30287619362453E-19,0.005,9.18485099360514E-19));
#3793=CARTESIAN_POINT('',(2.09426936883849E-19,0.005,1.1877191796876E-18));
#3794=CARTESIAN_POINT('',(-2.09426936883849E-19,0.005,1.1877191796876E-18));
#3795=CARTESIAN_POINT('',(-5.30287619362453E-19,0.005,9.18485099360515E-19));
#3796=CARTESIAN_POINT('',(-6.03020831250949E-19,0.005,5.05994557094888E-19));
#3797=CARTESIAN_POINT('',(-3.93593894367099E-19,0.005,1.4325646193854E-19));
#3798=CARTESIAN_POINT('',(0.,-0.0025,0.));
#3799=CARTESIAN_POINT('',(0.,-0.00318679283678167,0.));
#3800=CARTESIAN_POINT('',(0.,-0.00318679283678167,-0.00915));
#3801=CARTESIAN_POINT('',(0.,-0.033475,0.));
#3802=CARTESIAN_POINT('',(0.00155355931654175,-0.033475,-0.0090171477447132));
#3803=CARTESIAN_POINT('',(0.00281486904466885,-0.033475,-0.00870626281830298));
#3804=CARTESIAN_POINT('',(0.00155355931654175,-0.035,-0.0090171477447132));
#3805=CARTESIAN_POINT('',(0.00155355931654175,-0.005,-0.0090171477447132));
#3806=CARTESIAN_POINT('',(0.,-0.005,0.));
#3807=CARTESIAN_POINT('',(-0.00155355931654175,-0.005,-0.0090171477447132));
#3808=CARTESIAN_POINT('',(-0.00155355931654175,-0.035,-0.0090171477447132));
#3809=CARTESIAN_POINT('',(-0.00155355931654175,-0.033475,-0.0090171477447132));
#3810=CARTESIAN_POINT('',(0.,-0.033475,0.));
#3811=CARTESIAN_POINT('',(-0.00281486904466886,-0.033475,-0.00870626281830298));
#3812=CARTESIAN_POINT('',(-0.00281486904466886,-0.035,-0.00870626281830298));
#3813=CARTESIAN_POINT('',(-0.00281486904466886,-0.005,-0.00870626281830298));
#3814=CARTESIAN_POINT('',(0.,-0.005,0.));
#3815=CARTESIAN_POINT('',(-0.00556608596075201,-0.005,-0.00726231279122012));
#3816=CARTESIAN_POINT('',(-0.005566085960752,-0.035,-0.00726231279122012));
#3817=CARTESIAN_POINT('',(-0.00556608596075201,-0.033475,-0.00726231279122012));
#3818=CARTESIAN_POINT('',(0.,-0.033475,0.));
#3819=CARTESIAN_POINT('',(-0.00653844483059521,-0.033475,-0.00640087800206055));
#3820=CARTESIAN_POINT('',(-0.00653844483059521,-0.035,-0.00640087800206055));
#3821=CARTESIAN_POINT('',(-0.00653844483059521,-0.005,-0.00640087800206055));
#3822=CARTESIAN_POINT('',(0.,-0.005,0.));
#3823=CARTESIAN_POINT('',(-0.00830348938996145,-0.005,-0.00384376949761528));
#3824=CARTESIAN_POINT('',(-0.00830348938996145,-0.035,-0.00384376949761528));
#3825=CARTESIAN_POINT('',(-0.00830348938996145,-0.033475,-0.00384376949761528));
#3826=CARTESIAN_POINT('',(0.,-0.033475,0.));
#3827=CARTESIAN_POINT('',(-0.00876414170263437,-0.033475,-0.00262912917448821));
#3828=CARTESIAN_POINT('',(-0.00876414170263437,-0.035,-0.00262912917448821));
#3829=CARTESIAN_POINT('',(-0.00876414170263437,-0.005,-0.00262912917448821));
#3830=CARTESIAN_POINT('',(0.,-0.005,0.));
#3831=CARTESIAN_POINT('',(-0.00913866346782572,-0.005,0.000455335065449202));
#3832=CARTESIAN_POINT('',(-0.00913866346782571,-0.035,0.000455335065449196));
#3833=CARTESIAN_POINT('',(-0.00913866346782572,-0.033475,0.000455335065449202));
#3834=CARTESIAN_POINT('',(0.,-0.033475,0.));
#3835=CARTESIAN_POINT('',(-0.00898207932995716,-0.033475,0.00174492146251809));
#3836=CARTESIAN_POINT('',(-0.00898207932995716,-0.035,0.00174492146251809));
#3837=CARTESIAN_POINT('',(-0.00898207932995716,-0.005,0.00174492146251809));
#3838=CARTESIAN_POINT('',(0.,-0.005,0.));
#3839=CARTESIAN_POINT('',(-0.00788027987804483,-0.005,0.00465012785240167));
#3840=CARTESIAN_POINT('',(-0.00788027987804483,-0.035,0.00465012785240167));
#3841=CARTESIAN_POINT('',(-0.00788027987804483,-0.033475,0.00465012785240167));
#3842=CARTESIAN_POINT('',(0.,-0.033475,0.));
#3843=CARTESIAN_POINT('',(-0.00714233082857706,-0.033475,0.00571923162104471));
#3844=CARTESIAN_POINT('',(-0.00714233082857706,-0.035,0.00571923162104471));
#3845=CARTESIAN_POINT('',(-0.00714233082857706,-0.005,0.00571923162104471));
#3846=CARTESIAN_POINT('',(0.,-0.005,0.));
#3847=CARTESIAN_POINT('',(-0.00481661913587135,-0.005,0.00777963238848455));
#3848=CARTESIAN_POINT('',(-0.00481661913587136,-0.035,0.00777963238848455));
#3849=CARTESIAN_POINT('',(-0.00481661913587135,-0.033475,0.00777963238848455));
#3850=CARTESIAN_POINT('',(0.,-0.033475,0.));
#3851=CARTESIAN_POINT('',(-0.00366636040878732,-0.033475,0.00838333473940274));
#3852=CARTESIAN_POINT('',(-0.00366636040878733,-0.035,0.00838333473940274));
#3853=CARTESIAN_POINT('',(-0.00366636040878732,-0.005,0.00838333473940274));
#3854=CARTESIAN_POINT('',(0.,-0.005,0.));
#3855=CARTESIAN_POINT('',(-0.000649528996222868,-0.005,0.00912691689909937));
#3856=CARTESIAN_POINT('',(-0.000649528996222869,-0.035,0.00912691689909937));
#3857=CARTESIAN_POINT('',(-0.000649528996222868,-0.033475,0.00912691689909937));
#3858=CARTESIAN_POINT('',(0.,-0.033475,0.));
#3859=CARTESIAN_POINT('',(0.000649528996222868,-0.033475,0.00912691689909937));
#3860=CARTESIAN_POINT('',(0.000649528996222868,-0.035,0.00912691689909937));
#3861=CARTESIAN_POINT('',(0.000649528996222868,-0.005,0.00912691689909937));
#3862=CARTESIAN_POINT('',(0.,-0.005,0.));
#3863=CARTESIAN_POINT('',(0.00366636040878732,-0.005,0.00838333473940275));
#3864=CARTESIAN_POINT('',(0.00366636040878731,-0.035,0.00838333473940275));
#3865=CARTESIAN_POINT('',(0.00366636040878732,-0.033475,0.00838333473940275));
#3866=CARTESIAN_POINT('',(0.,-0.033475,0.));
#3867=CARTESIAN_POINT('',(0.00481661913587135,-0.033475,0.00777963238848455));
#3868=CARTESIAN_POINT('',(0.00481661913587135,-0.035,0.00777963238848455));
#3869=CARTESIAN_POINT('',(0.00481661913587135,-0.005,0.00777963238848455));
#3870=CARTESIAN_POINT('',(0.,-0.005,0.));
#3871=CARTESIAN_POINT('',(0.00714233082857706,-0.005,0.0057192316210447));
#3872=CARTESIAN_POINT('',(0.00714233082857706,-0.035,0.00571923162104471));
#3873=CARTESIAN_POINT('',(0.00714233082857706,-0.033475,0.0057192316210447));
#3874=CARTESIAN_POINT('',(0.,-0.033475,0.));
#3875=CARTESIAN_POINT('',(0.00788027987804483,-0.033475,0.00465012785240166));
#3876=CARTESIAN_POINT('',(0.00788027987804483,-0.035,0.00465012785240166));
#3877=CARTESIAN_POINT('',(0.00788027987804483,-0.005,0.00465012785240166));
#3878=CARTESIAN_POINT('',(0.,-0.005,0.));
#3879=CARTESIAN_POINT('',(0.00898207932995716,-0.005,0.00174492146251809));
#3880=CARTESIAN_POINT('',(0.00898207932995716,-0.035,0.00174492146251809));
#3881=CARTESIAN_POINT('',(0.00898207932995716,-0.033475,0.00174492146251809));
#3882=CARTESIAN_POINT('',(0.,-0.033475,0.));
#3883=CARTESIAN_POINT('',(0.00913866346782571,-0.033475,0.000455335065449203));
#3884=CARTESIAN_POINT('',(0.00913866346782571,-0.035,0.000455335065449207));
#3885=CARTESIAN_POINT('',(0.00913866346782571,-0.005,0.000455335065449203));
#3886=CARTESIAN_POINT('',(0.,-0.005,0.));
#3887=CARTESIAN_POINT('',(0.00876414170263437,-0.005,-0.00262912917448821));
#3888=CARTESIAN_POINT('',(0.00876414170263437,-0.035,-0.00262912917448821));
#3889=CARTESIAN_POINT('',(0.00876414170263437,-0.033475,-0.00262912917448821));
#3890=CARTESIAN_POINT('',(0.,-0.033475,0.));
#3891=CARTESIAN_POINT('',(0.00830348938996145,-0.033475,-0.00384376949761528));
#3892=CARTESIAN_POINT('',(0.00830348938996145,-0.035,-0.00384376949761528));
#3893=CARTESIAN_POINT('',(0.00830348938996145,-0.005,-0.00384376949761528));
#3894=CARTESIAN_POINT('',(0.,-0.005,0.));
#3895=CARTESIAN_POINT('',(0.00653844483059521,-0.005,-0.00640087800206055));
#3896=CARTESIAN_POINT('',(0.00653844483059521,-0.035,-0.00640087800206055));
#3897=CARTESIAN_POINT('',(0.00653844483059521,-0.033475,-0.00640087800206055));
#3898=CARTESIAN_POINT('',(0.,-0.033475,0.));
#3899=CARTESIAN_POINT('',(0.005566085960752,-0.033475,-0.00726231279122012));
#3900=CARTESIAN_POINT('',(0.005566085960752,-0.035,-0.00726231279122012));
#3901=CARTESIAN_POINT('',(0.005566085960752,-0.005,-0.00726231279122012));
#3902=CARTESIAN_POINT('',(0.,-0.005,0.));
#3903=CARTESIAN_POINT('',(0.00281486904466885,-0.005,-0.00870626281830298));
#3904=CARTESIAN_POINT('',(0.00281486904466885,-0.035,-0.00870626281830298));
#3905=CARTESIAN_POINT('',(0.00476330450975258,-0.035,0.00711921224056685));
#3906=CARTESIAN_POINT('',(0.00470998988363381,-0.0346312524433155,0.00645879209264915));
#3907=CARTESIAN_POINT('',(0.00474588470839169,-0.0342508447060631,0.00690342928138741));
#3908=CARTESIAN_POINT('',(0.00478137775023643,-0.0338647144874455,0.0073430894956958));
#3909=CARTESIAN_POINT('',(0.00481661913587135,-0.033475,0.00777963238848456));
#3910=CARTESIAN_POINT('',(0.00470998988363381,-0.0346312524433154,0.00645879209264914));
#3911=CARTESIAN_POINT('',(0.00470998988363381,-0.035,0.00645879209264915));
#3912=CARTESIAN_POINT('',(0.0047099898836338,-0.00879099161742775,0.00645879209264915));
#3913=CARTESIAN_POINT('',(0.00470998988363381,-0.00879099161742775,0.00645879209264915));
#3914=CARTESIAN_POINT('',(0.00474626580351841,-0.00753051121157456,0.0069081499915992));
#3915=CARTESIAN_POINT('',(0.00478169246895702,-0.00626634161209436,0.00734698798658163));
#3916=CARTESIAN_POINT('',(0.00481661913587135,-0.005,0.00777963238848455));
#3917=CARTESIAN_POINT('',(0.00490934134526065,-0.035,0.0064426987789058));
#3918=CARTESIAN_POINT('',(0.00478812304043939,-0.034725,0.0062836197967106));
#3919=CARTESIAN_POINT('',(0.00472763293393687,-0.034725,0.0063297133036435));
#3920=CARTESIAN_POINT('',(0.00470536182881281,-0.0346802998442768,0.00640146334682535));
#3921=CARTESIAN_POINT('',(0.00470998988363381,-0.0346312524433155,0.00645879209264915));
#3922=CARTESIAN_POINT('',(0.00478812304043941,-0.034725,0.00628361979671062));
#3923=CARTESIAN_POINT('',(0.0047881230404394,-0.035,0.0062836197967106));
#3924=CARTESIAN_POINT('',(0.00478812304043941,-0.00909836065573762,0.00628361979671062));
#3925=CARTESIAN_POINT('',(0.00478812304043938,-0.00909836065573772,0.00628361979671061));
#3926=CARTESIAN_POINT('',(0.00473646232230259,-0.00909836065573769,0.00632298530302688));
#3927=CARTESIAN_POINT('',(0.00471220144243968,-0.00895915046328904,0.00639357662575044));
#3928=CARTESIAN_POINT('',(0.00470826745602663,-0.00885084085781245,0.00643745599826153));
#3929=CARTESIAN_POINT('',(0.00470998988363381,-0.00879099161742775,0.00645879209264915));
#3930=CARTESIAN_POINT('',(-5.20417042793042E-18,-0.035,-2.29850860566927E-17));
#3931=CARTESIAN_POINT('',(0.,-0.034725,0.));
#3932=CARTESIAN_POINT('',(0.00566066067770424,-0.034725,0.00551061890279967));
#3933=CARTESIAN_POINT('',(0.00566066067770424,-0.035,0.00551061890279967));
#3934=CARTESIAN_POINT('',(0.00566066067770427,-0.00909836065573769,0.00551061890279963));
#3935=CARTESIAN_POINT('',(0.,-0.00909836065573762,0.));
#3936=CARTESIAN_POINT('',(0.00580396854296257,-0.035,0.00565012824211105));
#3937=CARTESIAN_POINT('',(0.00584397368171779,-0.0346312524433155,0.0054541701117026));
#3938=CARTESIAN_POINT('',(0.00578756185580964,-0.03468035112733,0.00544265355498619));
#3939=CARTESIAN_POINT('',(0.00571395335448956,-0.034725,0.00545587518613019));
#3940=CARTESIAN_POINT('',(0.00566066067770424,-0.034725,0.00551061890279967));
#3941=CARTESIAN_POINT('',(0.00584397368171778,-0.0346312524433154,0.0054541701117026));
#3942=CARTESIAN_POINT('',(0.00584397368171778,-0.035,0.0054541701117026));
#3943=CARTESIAN_POINT('',(0.00584397368171778,-0.00879099161742774,0.0054541701117026));
#3944=CARTESIAN_POINT('',(0.00584397368171778,-0.00879099161742774,0.0054541701117026));
#3945=CARTESIAN_POINT('',(0.00582298840140467,-0.00885087614535627,0.00544988593605246));
#3946=CARTESIAN_POINT('',(0.00577884846252927,-0.00895963676710979,0.00544841820845389));
#3947=CARTESIAN_POINT('',(0.00570571562980383,-0.00909836065573765,0.00546433720555576));
#3948=CARTESIAN_POINT('',(0.00566066067770427,-0.00909836065573771,0.00551061890279963));
#3949=CARTESIAN_POINT('',(0.00649315225514742,-0.035,0.00558670086637365));
#3950=CARTESIAN_POINT('',(0.00714233082857707,-0.033475,0.00571923162104471));
#3951=CARTESIAN_POINT('',(0.00671321870459773,-0.0338647144874596,0.00563162775370042));
#3952=CARTESIAN_POINT('',(0.00628104232169915,-0.0342508447060792,0.00554339831341875));
#3953=CARTESIAN_POINT('',(0.00584397368171779,-0.0346312524433155,0.0054541701117026));
#3954=CARTESIAN_POINT('',(0.00714233082857707,-0.005,0.0057192316210447));
#3955=CARTESIAN_POINT('',(0.00671705083591368,-0.0062663416122365,0.00563241008891001));
#3956=CARTESIAN_POINT('',(0.00628568267663651,-0.00753051121174277,0.00554434564866202));
#3957=CARTESIAN_POINT('',(0.00584397368171778,-0.00879099161742774,0.0054541701117026));
#3958=CARTESIAN_POINT('',(0.00856486218179512,-0.035,0.000124050738498085));
#3959=CARTESIAN_POINT('',(0.00799106089576453,-0.0346312524433155,-0.000207233588453032));
#3960=CARTESIAN_POINT('',(0.00837738071266529,-0.0342508447062031,1.58082618279124E-5));
#3961=CARTESIAN_POINT('',(0.00875937632136514,-0.0338647144875685,0.000236353529340024));
#3962=CARTESIAN_POINT('',(0.00913866346782572,-0.033475,0.000455335065449205));
#3963=CARTESIAN_POINT('',(0.00799106089576451,-0.0346312524433154,-0.000207233588453039));
#3964=CARTESIAN_POINT('',(0.00799106089576452,-0.035,-0.000207233588453034));
#3965=CARTESIAN_POINT('',(0.00799106089576452,-0.00879099161742776,-0.000207233588453021));
#3966=CARTESIAN_POINT('',(0.00799106089576452,-0.00879099161742776,-0.000207233588453036));
#3967=CARTESIAN_POINT('',(0.00838148226739977,-0.00753051121304093,1.81762955579611E-5));
#3968=CARTESIAN_POINT('',(0.00876276349682771,-0.00626634161333351,0.000238309116005134));
#3969=CARTESIAN_POINT('',(0.00913866346782572,-0.005,0.000455335065449204));
#3970=CARTESIAN_POINT('',(0.00809106089576452,-0.035,-0.000380438669209922));
#3971=CARTESIAN_POINT('',(0.00789128161438762,-0.034725,-0.000371045121822004));
#3972=CARTESIAN_POINT('',(0.00789485377691049,-0.034725,-0.000295073390131133));
#3973=CARTESIAN_POINT('',(0.0079412517445831,-0.0346802993357074,-0.000235990915295735));
#3974=CARTESIAN_POINT('',(0.00799106089576453,-0.0346312524433155,-0.000207233588453031));
#3975=CARTESIAN_POINT('',(0.00789128161438775,-0.034725,-0.000371045121822029));
#3976=CARTESIAN_POINT('',(0.00789128161438762,-0.035,-0.000371045121822022));
#3977=CARTESIAN_POINT('',(0.00789128161438775,-0.00909836065573725,-0.000371045121822029));
#3978=CARTESIAN_POINT('',(0.00789128161438762,-0.00909836065573771,-0.000371045121821932));
#3979=CARTESIAN_POINT('',(0.00789433270871133,-0.00909836065573761,-0.000306155319681455));
#3980=CARTESIAN_POINT('',(0.00793864719242154,-0.00895914561790494,-0.000246104203589223));
#3981=CARTESIAN_POINT('',(0.00797252328899828,-0.00885084051856553,-0.000217936280709655));
#3982=CARTESIAN_POINT('',(0.00799106089576452,-0.00879099161742775,-0.000207233588453035));
#3983=CARTESIAN_POINT('',(-1.3010426069826E-16,-0.035,3.06287113727155E-17));
#3984=CARTESIAN_POINT('',(0.,-0.034725,0.));
#3985=CARTESIAN_POINT('',(0.0077507722223038,-0.034725,-0.00152824407669842));
#3986=CARTESIAN_POINT('',(0.0077507722223038,-0.035,-0.00152824407669842));
#3987=CARTESIAN_POINT('',(0.0077507722223038,-0.00909836065573769,-0.00152824407669843));
#3988=CARTESIAN_POINT('',(0.,-0.00909836065573725,0.));
#3989=CARTESIAN_POINT('',(0.00794699430388111,-0.035,-0.00156693380015914));
#3990=CARTESIAN_POINT('',(0.0078084494331792,-0.0346312524433155,-0.00171117428962791));
#3991=CARTESIAN_POINT('',(0.0077669286362257,-0.0346803479193807,-0.00167129302281753));
#3992=CARTESIAN_POINT('',(0.00773599255831178,-0.034725,-0.00160320187360466));
#3993=CARTESIAN_POINT('',(0.0077507722223038,-0.034725,-0.00152824407669842));
#3994=CARTESIAN_POINT('',(0.00780844943317919,-0.0346312524433154,-0.0017111742896279));
#3995=CARTESIAN_POINT('',(0.00780844943317919,-0.035,-0.0017111742896279));
#3996=CARTESIAN_POINT('',(0.00780844943317919,-0.00879099161742774,-0.0017111742896279));
#3997=CARTESIAN_POINT('',(0.00780844943317919,-0.00879099161742774,-0.0017111742896279));
#3998=CARTESIAN_POINT('',(0.00779300273156819,-0.00885087574304334,-0.00169633753134076));
#3999=CARTESIAN_POINT('',(0.00776672083572477,-0.00895963692331809,-0.00166084212510718));
#4000=CARTESIAN_POINT('',(0.00773827624317365,-0.00909836065573769,-0.0015916197438508));
#4001=CARTESIAN_POINT('',(0.0077507722223038,-0.0090983606557377,-0.00152824407669843));
#4002=CARTESIAN_POINT('',(0.00828629556790678,-0.035,-0.00217015173205806));
#4003=CARTESIAN_POINT('',(0.00876414170263438,-0.033475,-0.00262912917448822));
#4004=CARTESIAN_POINT('',(0.00844828166175601,-0.033864714489232,-0.00232574148712964));
#4005=CARTESIAN_POINT('',(0.00813016608814356,-0.0342508447080963,-0.00202018733117298));
#4006=CARTESIAN_POINT('',(0.0078084494331792,-0.0346312524433155,-0.00171117428962791));
#4007=CARTESIAN_POINT('',(0.00876414170263437,-0.005,-0.00262912917448821));
#4008=CARTESIAN_POINT('',(0.00845110241041303,-0.00626634161523072,-0.00232845085299084));
#4009=CARTESIAN_POINT('',(0.00813358175260852,-0.00753051121528602,-0.00202346812142405));
#4010=CARTESIAN_POINT('',(0.00780844943317919,-0.00879099161742774,-0.0017111742896279));
#4011=CARTESIAN_POINT('',(-0.00315313144192317,-0.035,0.00796429625822782));
#4012=CARTESIAN_POINT('',(-0.00263990247505902,-0.0346312524433155,0.00754525777705289));
#4013=CARTESIAN_POINT('',(-0.00298544112182011,-0.0342508447073972,0.00782738134971619));
#4014=CARTESIAN_POINT('',(-0.00332711203903633,-0.0338647144886177,0.00810634701895097));
#4015=CARTESIAN_POINT('',(-0.00366636040878732,-0.033475,0.00838333473940275));
#4016=CARTESIAN_POINT('',(-0.00263990247505901,-0.0346312524433154,0.00754525777705288));
#4017=CARTESIAN_POINT('',(-0.00263990247505903,-0.035,0.0075452577770529));
#4018=CARTESIAN_POINT('',(-0.00263990247505905,-0.00879099161742778,0.00754525777705288));
#4019=CARTESIAN_POINT('',(-0.00263990247505902,-0.00879099161742778,0.00754525777705289));
#4020=CARTESIAN_POINT('',(-0.00298910970389329,-0.00753051121436047,0.00783037665426691));
#4021=CARTESIAN_POINT('',(-0.00333014165392179,-0.00626634161444858,0.00810882062294083));
#4022=CARTESIAN_POINT('',(-0.00366636040878732,-0.005,0.00838333473940275));
#4023=CARTESIAN_POINT('',(-0.00251341339993996,-0.035,0.00770017876941843));
#4024=CARTESIAN_POINT('',(-0.00245135380981799,-0.034725,0.00751005089856859));
#4025=CARTESIAN_POINT('',(-0.00252365439931191,-0.034725,0.00748645128148187));
#4026=CARTESIAN_POINT('',(-0.00259535168080354,-0.0346802989593418,0.00750888317942638));
#4027=CARTESIAN_POINT('',(-0.00263990247505903,-0.0346312524433155,0.0075452577770529));
#4028=CARTESIAN_POINT('',(-0.00245135380981801,-0.034725,0.00751005089856867));
#4029=CARTESIAN_POINT('',(-0.00245135380981798,-0.035,0.00751005089856859));
#4030=CARTESIAN_POINT('',(-0.00245135380981801,-0.00909836065573742,0.00751005089856867));
#4031=CARTESIAN_POINT('',(-0.00245135380981803,-0.00909836065573769,0.00751005089856858));
#4032=CARTESIAN_POINT('',(-0.00251310657850237,-0.00909836065573764,0.0074898941929982));
#4033=CARTESIAN_POINT('',(-0.0025849723780683,-0.00895914643542368,0.00751003333258182));
#4034=CARTESIAN_POINT('',(-0.00262332179456137,-0.00885084038661442,0.00753172007045181));
#4035=CARTESIAN_POINT('',(-0.00263990247505902,-0.00879099161742778,0.00754525777705289));
#4036=CARTESIAN_POINT('',(2.84060969191202E-17,-0.035,-7.93635990259389E-17));
#4037=CARTESIAN_POINT('',(0.,-0.034725,0.));
#4038=CARTESIAN_POINT('',(-0.00131952867388167,-0.034725,0.00778902073940005));
#4039=CARTESIAN_POINT('',(-0.00131952867388167,-0.035,0.00778902073940005));
#4040=CARTESIAN_POINT('',(-0.00131952867388166,-0.00909836065573769,0.00778902073940005));
#4041=CARTESIAN_POINT('',(0.,-0.00909836065573742,0.));
#4042=CARTESIAN_POINT('',(-0.00135293446309386,-0.035,0.00798621113786588));
#4043=CARTESIAN_POINT('',(-0.00116893857436209,-0.0346312524433155,0.00790781781589387));
#4044=CARTESIAN_POINT('',(-0.00119150596932101,-0.0346803506176464,0.00785485019330341));
#4045=CARTESIAN_POINT('',(-0.00124420070803368,-0.034725,0.00780178195986758));
#4046=CARTESIAN_POINT('',(-0.00131952867388167,-0.034725,0.00778902073940006));
#4047=CARTESIAN_POINT('',(-0.0011689385743621,-0.0346312524433154,0.00790781781589386));
#4048=CARTESIAN_POINT('',(-0.00116893857436209,-0.035,0.00790781781589386));
#4049=CARTESIAN_POINT('',(-0.00116893857436209,-0.00879099161742774,0.00790781781589386));
#4050=CARTESIAN_POINT('',(-0.0011689385743621,-0.00879099161742774,0.00790781781589386));
#4051=CARTESIAN_POINT('',(-0.00117733376695607,-0.00885087616023994,0.00788811357472198));
#4052=CARTESIAN_POINT('',(-0.00120120311497228,-0.00895963705701093,0.00785095277469514));
#4053=CARTESIAN_POINT('',(-0.00125583981323776,-0.00909836065573767,0.00779981019299611));
#4054=CARTESIAN_POINT('',(-0.00131952867388166,-0.00909836065573768,0.00778902073940006));
#4055=CARTESIAN_POINT('',(-0.000909233785292482,-0.035,0.00851736735749661));
#4056=CARTESIAN_POINT('',(-0.000649528996222863,-0.033475,0.00912691689909938));
#4057=CARTESIAN_POINT('',(-0.000821195896768913,-0.0338647144873068,0.0087239998758474));
#4058=CARTESIAN_POINT('',(-0.00099408865840211,-0.0342508447059053,0.00831820565088338));
#4059=CARTESIAN_POINT('',(-0.00116893857436209,-0.0346312524433155,0.00790781781589387));
#4060=CARTESIAN_POINT('',(-0.000649528996222865,-0.005,0.00912691689909937));
#4061=CARTESIAN_POINT('',(-0.000819662847458935,-0.00626634161277942,0.00872759807481593));
#4062=CARTESIAN_POINT('',(-0.000992232278140686,-0.00753051121238523,0.00832256273548488));
#4063=CARTESIAN_POINT('',(-0.00116893857436209,-0.00879099161742774,0.00790781781589386));
#4064=CARTESIAN_POINT('',(-3.18755438710738E-17,-0.035,-8.67361737988404E-17));
#4065=CARTESIAN_POINT('',(0.,-0.034725,0.));
#4066=CARTESIAN_POINT('',(0.00245135380981801,-0.034725,0.00751005089856868));
#4067=CARTESIAN_POINT('',(0.00131952867388167,-0.034725,0.00778902073940005));
#4068=CARTESIAN_POINT('',(0.00245135380981798,-0.035,0.00751005089856859));
#4069=CARTESIAN_POINT('',(0.00245135380981801,-0.00909836065573738,0.00751005089856868));
#4070=CARTESIAN_POINT('',(0.,-0.00909836065573738,0.));
#4071=CARTESIAN_POINT('',(0.00131952867388166,-0.00909836065573769,0.00778902073940005));
#4072=CARTESIAN_POINT('',(0.00131952867388167,-0.035,0.00778902073940005));
#4073=CARTESIAN_POINT('',(0.00251341339993996,-0.035,0.00770017876941843));
#4074=CARTESIAN_POINT('',(0.00263990247505903,-0.0346312524433155,0.0075452577770529));
#4075=CARTESIAN_POINT('',(0.00259530616071969,-0.0346803490729607,0.00750884601342829));
#4076=CARTESIAN_POINT('',(0.00252398360771477,-0.034725,0.00748634382465055));
#4077=CARTESIAN_POINT('',(0.00245135380981798,-0.034725,0.00751005089856859));
#4078=CARTESIAN_POINT('',(0.00263990247505901,-0.0346312524433154,0.00754525777705288));
#4079=CARTESIAN_POINT('',(0.00263990247505903,-0.035,0.0075452577770529));
#4080=CARTESIAN_POINT('',(0.00263990247505905,-0.00879099161742777,0.00754525777705288));
#4081=CARTESIAN_POINT('',(0.00263990247505902,-0.00879099161742777,0.00754525777705289));
#4082=CARTESIAN_POINT('',(0.00262331195207936,-0.00885087591352986,0.00753171203431399));
#4083=CARTESIAN_POINT('',(0.00258490756631315,-0.00895963695376889,0.00750990025665882));
#4084=CARTESIAN_POINT('',(0.00251276090143649,-0.00909836065573768,0.00749000702536162));
#4085=CARTESIAN_POINT('',(0.00245135380981799,-0.00909836065573769,0.00751005089856859));
#4086=CARTESIAN_POINT('',(0.00315313144192317,-0.035,0.00796429625822782));
#4087=CARTESIAN_POINT('',(0.00366636040878732,-0.033475,0.00838333473940275));
#4088=CARTESIAN_POINT('',(0.00332711203903634,-0.0338647144886177,0.00810634701895097));
#4089=CARTESIAN_POINT('',(0.00298544112182011,-0.0342508447073972,0.00782738134971619));
#4090=CARTESIAN_POINT('',(0.00263990247505903,-0.0346312524433155,0.0075452577770529));
#4091=CARTESIAN_POINT('',(0.00366636040878732,-0.005,0.00838333473940275));
#4092=CARTESIAN_POINT('',(0.00333014165392179,-0.00626634161444858,0.00810882062294083));
#4093=CARTESIAN_POINT('',(0.00298910970389329,-0.00753051121436046,0.00783037665426691));
#4094=CARTESIAN_POINT('',(0.00263990247505902,-0.00879099161742776,0.00754525777705289));
#4095=CARTESIAN_POINT('',(0.000909233785292482,-0.035,0.00851736735749661));
#4096=CARTESIAN_POINT('',(0.00116893857436209,-0.0346312524433155,0.00790781781589386));
#4097=CARTESIAN_POINT('',(0.000994088658402113,-0.0342508447059053,0.00831820565088337));
#4098=CARTESIAN_POINT('',(0.000821195896768914,-0.0338647144873068,0.0087239998758474));
#4099=CARTESIAN_POINT('',(0.000649528996222863,-0.033475,0.00912691689909938));
#4100=CARTESIAN_POINT('',(0.0011689385743621,-0.0346312524433154,0.00790781781589385));
#4101=CARTESIAN_POINT('',(0.00116893857436209,-0.035,0.00790781781589386));
#4102=CARTESIAN_POINT('',(0.00116893857436209,-0.00879099161742774,0.00790781781589386));
#4103=CARTESIAN_POINT('',(0.00116893857436209,-0.00879099161742774,0.00790781781589386));
#4104=CARTESIAN_POINT('',(0.000992232278140687,-0.00753051121238524,0.00832256273548488));
#4105=CARTESIAN_POINT('',(0.000819662847458935,-0.00626634161277942,0.00872759807481593));
#4106=CARTESIAN_POINT('',(0.000649528996222866,-0.005,0.00912691689909937));
#4107=CARTESIAN_POINT('',(0.00135293446309386,-0.035,0.00798621113786588));
#4108=CARTESIAN_POINT('',(0.00131952867388167,-0.034725,0.00778902073940006));
#4109=CARTESIAN_POINT('',(0.00124454173324592,-0.034725,0.00780172418719485));
#4110=CARTESIAN_POINT('',(0.00119148248859459,-0.0346802995324059,0.00785490530459373));
#4111=CARTESIAN_POINT('',(0.0011689385743621,-0.0346312524433155,0.00790781781589386));
#4112=CARTESIAN_POINT('',(0.00131952867388166,-0.00909836065573768,0.00778902073940006));
#4113=CARTESIAN_POINT('',(0.00125548037066119,-0.00909836065573768,0.00779987108573248));
#4114=CARTESIAN_POINT('',(0.00120120781572259,-0.00895914592359646,0.00785110087203658));
#4115=CARTESIAN_POINT('',(0.00117732878279385,-0.00885084060724076,0.00788812527298061));
#4116=CARTESIAN_POINT('',(0.0011689385743621,-0.00879099161742774,0.00790781781589386));
#4117=CARTESIAN_POINT('',(0.00752615957507059,-0.035,0.00409013139513139));
#4118=CARTESIAN_POINT('',(0.00717203927209635,-0.0346312524433155,0.00353013493786112));
#4119=CARTESIAN_POINT('',(0.00741045576538511,-0.0342508447066087,0.00390716045849675));
#4120=CARTESIAN_POINT('',(0.00764620358262412,-0.0338647144879249,0.0042799658055899));
#4121=CARTESIAN_POINT('',(0.00788027987804484,-0.033475,0.00465012785240167));
#4122=CARTESIAN_POINT('',(0.00717203927209633,-0.0346312524433154,0.00353013493786111));
#4123=CARTESIAN_POINT('',(0.00717203927209634,-0.035,0.00353013493786112));
#4124=CARTESIAN_POINT('',(0.00717203927209633,-0.00879099161742776,0.00353013493786113));
#4125=CARTESIAN_POINT('',(0.00717203927209634,-0.00879099161742776,0.00353013493786112));
#4126=CARTESIAN_POINT('',(0.00741298703179428,-0.00753051121331655,0.00391116333607715));
#4127=CARTESIAN_POINT('',(0.00764829397128058,-0.00626634161356642,0.00428327149078248));
#4128=CARTESIAN_POINT('',(0.00788027987804484,-0.005,0.00465012785240166));
#4129=CARTESIAN_POINT('',(0.00734107728920511,-0.035,0.00342324177263556));
#4130=CARTESIAN_POINT('',(0.00715981612157042,-0.034725,0.00333871728442234));
#4131=CARTESIAN_POINT('',(0.00712767416414836,-0.034725,0.00340764510469722));
#4132=CARTESIAN_POINT('',(0.00714129968817403,-0.0346802992830953,0.0034815241749371));
#4133=CARTESIAN_POINT('',(0.00717203927209635,-0.0346312524433155,0.00353013493786112));
#4134=CARTESIAN_POINT('',(0.00715981612157039,-0.034725,0.00333871728442233));
#4135=CARTESIAN_POINT('',(0.00715981612157041,-0.035,0.00333871728442234));
#4136=CARTESIAN_POINT('',(0.00715981612157039,-0.00909836065573776,0.00333871728442233));
#4137=CARTESIAN_POINT('',(0.00715981612157042,-0.00909836065573768,0.00333871728442233));
#4138=CARTESIAN_POINT('',(0.00713236391754238,-0.00909836065573769,0.0033975880171704));
#4139=CARTESIAN_POINT('',(0.00714369214177566,-0.00895914748839218,0.00347136005464785));
#4140=CARTESIAN_POINT('',(0.00716059882006126,-0.00885084054743018,0.00351204331036783));
#4141=CARTESIAN_POINT('',(0.00717203927209634,-0.00879099161742776,0.00353013493786111));
#4142=CARTESIAN_POINT('',(1.86482773667507E-17,-0.035,7.80625564189563E-18));
#4143=CARTESIAN_POINT('',(0.,-0.034725,0.));
#4144=CARTESIAN_POINT('',(0.00757317840268481,-0.034725,0.00224877052655631));
#4145=CARTESIAN_POINT('',(0.00757317840268481,-0.035,0.00224877052655631));
#4146=CARTESIAN_POINT('',(0.00757317840268481,-0.00909836065573769,0.0022487705265563));
#4147=CARTESIAN_POINT('',(0.,-0.00909836065573776,0.));
#4148=CARTESIAN_POINT('',(0.00776490443819582,-0.035,0.0023057014259628));
#4149=CARTESIAN_POINT('',(0.00770926094541254,-0.0346312524433155,0.00211359780363652));
#4150=CARTESIAN_POINT('',(0.00765395892741101,-0.0346803509640276,0.00212961622849653));
#4151=CARTESIAN_POINT('',(0.00759492634945697,-0.034725,0.00217553002520117));
#4152=CARTESIAN_POINT('',(0.00757317840268481,-0.034725,0.00224877052655631));
#4153=CARTESIAN_POINT('',(0.00770926094541253,-0.0346312524433154,0.00211359780363652));
#4154=CARTESIAN_POINT('',(0.00770926094541253,-0.035,0.00211359780363652));
#4155=CARTESIAN_POINT('',(0.00770926094541253,-0.00879099161742774,0.00211359780363652));
#4156=CARTESIAN_POINT('',(0.00770926094541253,-0.00879099161742774,0.00211359780363653));
#4157=CARTESIAN_POINT('',(0.0076886884255719,-0.00885087620718276,0.00211955670667763));
#4158=CARTESIAN_POINT('',(0.00764892150362816,-0.0089596370518931,0.00213877261377695));
#4159=CARTESIAN_POINT('',(0.00759156593451558,-0.00909836065573769,0.00218684688548445));
#4160=CARTESIAN_POINT('',(0.00757317840268481,-0.0090983606557377,0.0022487705265563));
#4161=CARTESIAN_POINT('',(0.00834567013768484,-0.035,0.00192925963307731));
#4162=CARTESIAN_POINT('',(0.00898207932995717,-0.033475,0.00174492146251809));
#4163=CARTESIAN_POINT('',(0.00856140786696532,-0.0338647144874762,0.00186677043773089));
#4164=CARTESIAN_POINT('',(0.00813773241922406,-0.0342508447060981,0.00198948952773747));
#4165=CARTESIAN_POINT('',(0.00770926094541254,-0.0346312524433155,0.00211359780363652));
#4166=CARTESIAN_POINT('',(0.00898207932995716,-0.005,0.00174492146251809));
#4167=CARTESIAN_POINT('',(0.00856516461999312,-0.00626634161240406,0.00186568228094623));
#4168=CARTESIAN_POINT('',(0.00814228149805695,-0.00753051121194105,0.0019881718709846));
#4169=CARTESIAN_POINT('',(0.00770926094541253,-0.00879099161742774,0.00211359780363653));
#4170=CARTESIAN_POINT('',(-0.00649315225514742,-0.035,0.00558670086637366));
#4171=CARTESIAN_POINT('',(-0.00584397368171778,-0.0346312524433155,0.00545417011170261));
#4172=CARTESIAN_POINT('',(-0.00628104232169914,-0.0342508447060792,0.00554339831341875));
#4173=CARTESIAN_POINT('',(-0.00671321870459772,-0.0338647144874596,0.00563162775370043));
#4174=CARTESIAN_POINT('',(-0.00714233082857707,-0.033475,0.00571923162104472));
#4175=CARTESIAN_POINT('',(-0.00584397368171777,-0.0346312524433154,0.0054541701117026));
#4176=CARTESIAN_POINT('',(-0.00584397368171778,-0.035,0.0054541701117026));
#4177=CARTESIAN_POINT('',(-0.00584397368171778,-0.00879099161742775,0.0054541701117026));
#4178=CARTESIAN_POINT('',(-0.00584397368171777,-0.00879099161742775,0.00545417011170261));
#4179=CARTESIAN_POINT('',(-0.0062856826766365,-0.00753051121174277,0.00554434564866203));
#4180=CARTESIAN_POINT('',(-0.00671705083591368,-0.0062663416122365,0.00563241008891002));
#4181=CARTESIAN_POINT('',(-0.00714233082857706,-0.005,0.00571923162104471));
#4182=CARTESIAN_POINT('',(-0.00580396854296257,-0.035,0.00565012824211106));
#4183=CARTESIAN_POINT('',(-0.00566066067770423,-0.034725,0.00551061890279967));
#4184=CARTESIAN_POINT('',(-0.0057137068793184,-0.034725,0.00545612837226665));
#4185=CARTESIAN_POINT('',(-0.00578762077274995,-0.0346802998482907,0.00544266558296568));
#4186=CARTESIAN_POINT('',(-0.00584397368171778,-0.0346312524433155,0.0054541701117026));
#4187=CARTESIAN_POINT('',(-0.00566066067770425,-0.034725,0.00551061890279969));
#4188=CARTESIAN_POINT('',(-0.00566066067770423,-0.035,0.00551061890279967));
#4189=CARTESIAN_POINT('',(-0.00566066067770425,-0.00909836065573763,0.00551061890279969));
#4190=CARTESIAN_POINT('',(-0.00566066067770424,-0.0090983606557377,0.00551061890279966));
#4191=CARTESIAN_POINT('',(-0.00570596053541959,-0.00909836065573769,0.00546408563171018));
#4192=CARTESIAN_POINT('',(-0.00577896835674932,-0.00895915367286615,0.00544850205935644));
#4193=CARTESIAN_POINT('',(-0.00582300073619337,-0.0088508409462554,0.0054498884542176));
#4194=CARTESIAN_POINT('',(-0.00584397368171778,-0.00879099161742775,0.0054541701117026));
#4195=CARTESIAN_POINT('',(1.21430643318376E-17,-0.035,-1.21430643318376E-17));
#4196=CARTESIAN_POINT('',(0.,-0.034725,0.));
#4197=CARTESIAN_POINT('',(-0.0047881230404394,-0.034725,0.0062836197967106));
#4198=CARTESIAN_POINT('',(-0.0047881230404394,-0.035,0.0062836197967106));
#4199=CARTESIAN_POINT('',(-0.00478812304043938,-0.00909836065573769,0.00628361979671062));
#4200=CARTESIAN_POINT('',(0.,-0.00909836065573763,0.));
#4201=CARTESIAN_POINT('',(-0.00490934134526065,-0.035,0.0064426987789058));
#4202=CARTESIAN_POINT('',(-0.00470998988363381,-0.0346312524433155,0.00645879209264916));
#4203=CARTESIAN_POINT('',(-0.00470535697783681,-0.0346803512541615,0.0064014032567053));
#4204=CARTESIAN_POINT('',(-0.00472735435007543,-0.034725,0.00632992558475674));
#4205=CARTESIAN_POINT('',(-0.0047881230404394,-0.034725,0.0062836197967106));
#4206=CARTESIAN_POINT('',(-0.00470998988363381,-0.0346312524433154,0.00645879209264915));
#4207=CARTESIAN_POINT('',(-0.00470998988363381,-0.035,0.00645879209264915));
#4208=CARTESIAN_POINT('',(-0.00470998988363381,-0.00879099161742774,0.00645879209264915));
#4209=CARTESIAN_POINT('',(-0.00470998988363381,-0.00879099161742774,0.00645879209264915));
#4210=CARTESIAN_POINT('',(-0.00470826643877797,-0.00885087620418007,0.00643744339737586));
#4211=CARTESIAN_POINT('',(-0.00471213090756683,-0.00895963690491606,0.00639344757173912));
#4212=CARTESIAN_POINT('',(-0.00473674604004761,-0.00909836065573768,0.00632276910989046));
#4213=CARTESIAN_POINT('',(-0.00478812304043937,-0.00909836065573772,0.00628361979671061));
#4214=CARTESIAN_POINT('',(-0.00476330450975258,-0.035,0.00711921224056685));
#4215=CARTESIAN_POINT('',(-0.00481661913587135,-0.033475,0.00777963238848456));
#4216=CARTESIAN_POINT('',(-0.00478137775023643,-0.0338647144874455,0.0073430894956958));
#4217=CARTESIAN_POINT('',(-0.00474588470839169,-0.0342508447060631,0.00690342928138741));
#4218=CARTESIAN_POINT('',(-0.00470998988363381,-0.0346312524433155,0.00645879209264916));
#4219=CARTESIAN_POINT('',(-0.00481661913587135,-0.005,0.00777963238848455));
#4220=CARTESIAN_POINT('',(-0.00478169246895702,-0.00626634161209435,0.00734698798658163));
#4221=CARTESIAN_POINT('',(-0.00474626580351841,-0.00753051121157456,0.0069081499915992));
#4222=CARTESIAN_POINT('',(-0.00470998988363381,-0.00879099161742774,0.00645879209264915));
#4223=CARTESIAN_POINT('',(-0.00834567013768484,-0.035,0.0019292596330773));
#4224=CARTESIAN_POINT('',(-0.00770926094541253,-0.0346312524433155,0.00211359780363652));
#4225=CARTESIAN_POINT('',(-0.00813773241922405,-0.0342508447060981,0.00198948952773747));
#4226=CARTESIAN_POINT('',(-0.00856140786696532,-0.0338647144874762,0.00186677043773088));
#4227=CARTESIAN_POINT('',(-0.00898207932995717,-0.033475,0.00174492146251808));
#4228=CARTESIAN_POINT('',(-0.00770926094541252,-0.0346312524433154,0.00211359780363652));
#4229=CARTESIAN_POINT('',(-0.00770926094541253,-0.035,0.00211359780363652));
#4230=CARTESIAN_POINT('',(-0.00770926094541253,-0.00879099161742775,0.00211359780363652));
#4231=CARTESIAN_POINT('',(-0.00770926094541253,-0.00879099161742775,0.00211359780363652));
#4232=CARTESIAN_POINT('',(-0.00814228149805695,-0.00753051121194105,0.00198817187098459));
#4233=CARTESIAN_POINT('',(-0.00856516461999312,-0.00626634161240406,0.00186568228094623));
#4234=CARTESIAN_POINT('',(-0.00898207932995716,-0.005,0.00174492146251808));
#4235=CARTESIAN_POINT('',(-0.00776490443819582,-0.035,0.0023057014259628));
#4236=CARTESIAN_POINT('',(-0.00757317840268481,-0.034725,0.00224877052655632));
#4237=CARTESIAN_POINT('',(-0.0075948277318117,-0.034725,0.00217586213957765));
#4238=CARTESIAN_POINT('',(-0.00765401670035088,-0.0346802996717604,0.00212959949436043));
#4239=CARTESIAN_POINT('',(-0.00770926094541253,-0.0346312524433155,0.00211359780363652));
#4240=CARTESIAN_POINT('',(-0.00757317840268474,-0.034725,0.00224877052655629));
#4241=CARTESIAN_POINT('',(-0.00757317840268481,-0.035,0.00224877052655631));
#4242=CARTESIAN_POINT('',(-0.00757317840268474,-0.00909836065573794,0.00224877052655629));
#4243=CARTESIAN_POINT('',(-0.0075731784026848,-0.0090983606557377,0.00224877052655636));
#4244=CARTESIAN_POINT('',(-0.0075916694279071,-0.00909836065573775,0.00218649835107048));
#4245=CARTESIAN_POINT('',(-0.00764906786062027,-0.00895914650078843,0.00213879483625473));
#4246=CARTESIAN_POINT('',(-0.00768870063049419,-0.00885084067984969,0.00211955317147877));
#4247=CARTESIAN_POINT('',(-0.00770926094541253,-0.00879099161742775,0.00211359780363653));
#4248=CARTESIAN_POINT('',(-6.85215773010839E-17,-0.035,3.49113099540332E-17));
#4249=CARTESIAN_POINT('',(0.,-0.034725,0.));
#4250=CARTESIAN_POINT('',(-0.00715981612157041,-0.034725,0.00333871728442235));
#4251=CARTESIAN_POINT('',(-0.00715981612157041,-0.035,0.00333871728442235));
#4252=CARTESIAN_POINT('',(-0.0071598161215704,-0.00909836065573769,0.00333871728442236));
#4253=CARTESIAN_POINT('',(0.,-0.00909836065573794,0.));
#4254=CARTESIAN_POINT('',(-0.0073410772892051,-0.035,0.00342324177263557));
#4255=CARTESIAN_POINT('',(-0.00717203927209635,-0.0346312524433155,0.00353013493786114));
#4256=CARTESIAN_POINT('',(-0.00714126797138912,-0.0346803498891175,0.00348147401885448));
#4257=CARTESIAN_POINT('',(-0.00712752737073048,-0.034725,0.00340795990040775));
#4258=CARTESIAN_POINT('',(-0.00715981612157041,-0.034725,0.00333871728442235));
#4259=CARTESIAN_POINT('',(-0.00717203927209634,-0.0346312524433154,0.00353013493786113));
#4260=CARTESIAN_POINT('',(-0.00717203927209634,-0.035,0.00353013493786113));
#4261=CARTESIAN_POINT('',(-0.00717203927209634,-0.00879099161742774,0.00353013493786113));
#4262=CARTESIAN_POINT('',(-0.00717203927209634,-0.00879099161742774,0.00353013493786113));
#4263=CARTESIAN_POINT('',(-0.00716059203778904,-0.00885087602782321,0.00351203258506241));
#4264=CARTESIAN_POINT('',(-0.00714356833173206,-0.00895963695407955,0.00347127938282435));
#4265=CARTESIAN_POINT('',(-0.00713251683383143,-0.00909836065573768,0.00339726009107835));
#4266=CARTESIAN_POINT('',(-0.0071598161215704,-0.0090983606557377,0.00333871728442236));
#4267=CARTESIAN_POINT('',(-0.00752615957507058,-0.035,0.0040901313951314));
#4268=CARTESIAN_POINT('',(-0.00788027987804483,-0.033475,0.00465012785240168));
#4269=CARTESIAN_POINT('',(-0.00764620358262412,-0.0338647144879249,0.00427996580558992));
#4270=CARTESIAN_POINT('',(-0.00741045576538511,-0.0342508447066087,0.00390716045849677));
#4271=CARTESIAN_POINT('',(-0.00717203927209634,-0.0346312524433155,0.00353013493786114));
#4272=CARTESIAN_POINT('',(-0.00788027987804483,-0.005,0.00465012785240167));
#4273=CARTESIAN_POINT('',(-0.00764829397128057,-0.00626634161356641,0.00428327149078249));
#4274=CARTESIAN_POINT('',(-0.00741298703179427,-0.00753051121331654,0.00391116333607716));
#4275=CARTESIAN_POINT('',(-0.00717203927209634,-0.00879099161742774,0.00353013493786114));
#4276=CARTESIAN_POINT('',(-0.00828629556790678,-0.035,-0.00217015173205805));
#4277=CARTESIAN_POINT('',(-0.00780844943317917,-0.0346312524433155,-0.00171117428962788));
#4278=CARTESIAN_POINT('',(-0.00813016608779099,-0.0342508447085131,-0.00202018733083432));
#4279=CARTESIAN_POINT('',(-0.00844828166145911,-0.0338647144895983,-0.00232574148684446));
#4280=CARTESIAN_POINT('',(-0.00876414170263438,-0.033475,-0.00262912917448821));
#4281=CARTESIAN_POINT('',(-0.00780844943317917,-0.0346312524433155,-0.00171117428962788));
#4282=CARTESIAN_POINT('',(-0.00780844943317919,-0.035,-0.0017111742896279));
#4283=CARTESIAN_POINT('',(-0.00780844943317918,-0.00879099161742779,-0.00171117428962792));
#4284=CARTESIAN_POINT('',(-0.00780844943317918,-0.00879099161742778,-0.00171117428962789));
#4285=CARTESIAN_POINT('',(-0.00813358175246615,-0.00753051121583797,-0.00202346812128729));
#4286=CARTESIAN_POINT('',(-0.00845110241029773,-0.00626634161569714,-0.00232845085288009));
#4287=CARTESIAN_POINT('',(-0.00876414170263437,-0.005,-0.00262912917448821));
#4288=CARTESIAN_POINT('',(-0.00794699430388111,-0.035,-0.00156693380015914));
#4289=CARTESIAN_POINT('',(-0.00775077222230383,-0.034725,-0.00152824407669826));
#4290=CARTESIAN_POINT('',(-0.00773605940839283,-0.0347250000000001,-0.0016028628310658));
#4291=CARTESIAN_POINT('',(-0.00776697027743531,-0.034680298681525,-0.00167133301974226));
#4292=CARTESIAN_POINT('',(-0.00780844943317917,-0.0346312524433155,-0.00171117428962788));
#4293=CARTESIAN_POINT('',(-0.0077507722223032,-0.0347250000000006,-0.0015282440766983));
#4294=CARTESIAN_POINT('',(-0.0077507722223038,-0.035,-0.00152824407669842));
#4295=CARTESIAN_POINT('',(-0.0077507722223032,-0.00909836065573972,-0.0015282440766983));
#4296=CARTESIAN_POINT('',(-0.00775077222230388,-0.0090983606557377,-0.00152824407669802));
#4297=CARTESIAN_POINT('',(-0.00773820566014151,-0.00909836065573815,-0.00159197771873988));
#4298=CARTESIAN_POINT('',(-0.0077668610171809,-0.00895914574158198,-0.00166089011230864));
#4299=CARTESIAN_POINT('',(-0.00779301188562444,-0.008850840254389,-0.00169634632393114));
#4300=CARTESIAN_POINT('',(-0.00780844943317918,-0.00879099161742778,-0.0017111742896279));
#4301=CARTESIAN_POINT('',(-6.14959472233778E-16,-0.035,-5.50232602536394E-17));
#4302=CARTESIAN_POINT('',(0.,-0.0347250000000006,0.));
#4303=CARTESIAN_POINT('',(-0.00789128161438762,-0.034725,-0.000371045121822023));
#4304=CARTESIAN_POINT('',(-0.00789128161438762,-0.035,-0.000371045121822024));
#4305=CARTESIAN_POINT('',(-0.00789128161438762,-0.00909836065573769,-0.000371045121822016));
#4306=CARTESIAN_POINT('',(0.,-0.00909836065573972,0.));
#4307=CARTESIAN_POINT('',(-0.00809106089576452,-0.035,-0.000380438669209923));
#4308=CARTESIAN_POINT('',(-0.00799106089576453,-0.0346312524433155,-0.000207233588453032));
#4309=CARTESIAN_POINT('',(-0.0079412001839503,-0.0346803501072775,-0.000236020683840959));
#4310=CARTESIAN_POINT('',(-0.00789487000765493,-0.034725,-0.000294728199296565));
#4311=CARTESIAN_POINT('',(-0.00789128161438762,-0.034725,-0.000371045121822023));
#4312=CARTESIAN_POINT('',(-0.00799106089576452,-0.0346312524433154,-0.000207233588453036));
#4313=CARTESIAN_POINT('',(-0.00799106089576452,-0.035,-0.000207233588453035));
#4314=CARTESIAN_POINT('',(-0.00799106089576452,-0.00879099161742774,-0.000207233588453035));
#4315=CARTESIAN_POINT('',(-0.00799106089576452,-0.00879099161742774,-0.000207233588453035));
#4316=CARTESIAN_POINT('',(-0.00797251227281282,-0.00885087608446153,-0.000217942640907296));
#4317=CARTESIAN_POINT('',(-0.00793849952784465,-0.00895963704221777,-0.000246117247125234));
#4318=CARTESIAN_POINT('',(-0.00789431556190789,-0.0090983606557377,-0.000306519992996287));
#4319=CARTESIAN_POINT('',(-0.00789128161438762,-0.00909836065573771,-0.000371045121822015));
#4320=CARTESIAN_POINT('',(-0.00856486218179512,-0.035,0.000124050738498083));
#4321=CARTESIAN_POINT('',(-0.00913866346782572,-0.033475,0.000455335065449206));
#4322=CARTESIAN_POINT('',(-0.00875937632136514,-0.0338647144875685,0.000236353529340025));
#4323=CARTESIAN_POINT('',(-0.0083773807126653,-0.0342508447062031,1.58082618279131E-5));
#4324=CARTESIAN_POINT('',(-0.00799106089576453,-0.0346312524433155,-0.000207233588453031));
#4325=CARTESIAN_POINT('',(-0.00913866346782572,-0.005,0.000455335065449202));
#4326=CARTESIAN_POINT('',(-0.00876276349682771,-0.0062663416133335,0.000238309116005133));
#4327=CARTESIAN_POINT('',(-0.00838148226739978,-0.00753051121304092,1.81762955579607E-5));
#4328=CARTESIAN_POINT('',(-0.00799106089576452,-0.00879099161742774,-0.000207233588453036));
#4329=CARTESIAN_POINT('',(-0.00632863054420825,-0.035,-0.00577240748854242));
#4330=CARTESIAN_POINT('',(-0.00611881625782129,-0.0346312524433155,-0.00514393697502428));
#4331=CARTESIAN_POINT('',(-0.00626007668838024,-0.0342508447061103,-0.00556706362126915));
#4332=CARTESIAN_POINT('',(-0.00639975594318573,-0.0338647144874869,-0.00598545406792129));
#4333=CARTESIAN_POINT('',(-0.00653844483059521,-0.033475,-0.00640087800206056));
#4334=CARTESIAN_POINT('',(-0.00611881625782128,-0.0346312524433154,-0.00514393697502427));
#4335=CARTESIAN_POINT('',(-0.00611881625782129,-0.035,-0.00514393697502428));
#4336=CARTESIAN_POINT('',(-0.00611881625782128,-0.00879099161742775,-0.00514393697502428));
#4337=CARTESIAN_POINT('',(-0.00611881625782129,-0.00879099161742775,-0.00514393697502428));
#4338=CARTESIAN_POINT('',(-0.006261576449437,-0.00753051121206839,-0.00557155595407323));
#4339=CARTESIAN_POINT('',(-0.00640099448665779,-0.00626634161251166,-0.005989163958536));
#4340=CARTESIAN_POINT('',(-0.00653844483059521,-0.005,-0.00640087800206056));
#4341=CARTESIAN_POINT('',(-0.00630852354621072,-0.035,-0.00508060337626399));
#4342=CARTESIAN_POINT('',(-0.00615275753272401,-0.034725,-0.00495515637931922));
#4343=CARTESIAN_POINT('',(-0.00610505639693675,-0.034725,-0.00501438630065119));
#4344=CARTESIAN_POINT('',(-0.00610060307010367,-0.0346802997065833,-0.00508938181753332));
#4345=CARTESIAN_POINT('',(-0.00611881625782129,-0.0346312524433155,-0.00514393697502428));
#4346=CARTESIAN_POINT('',(-0.00615275753272425,-0.034725,-0.00495515637931937));
#4347=CARTESIAN_POINT('',(-0.00615275753272403,-0.035,-0.00495515637931919));
#4348=CARTESIAN_POINT('',(-0.00615275753272425,-0.00909836065573676,-0.00495515637931937));
#4349=CARTESIAN_POINT('',(-0.00615275753272392,-0.00909836065573769,-0.00495515637931934));
#4350=CARTESIAN_POINT('',(-0.00611201955390606,-0.00909836065573749,-0.00500574023315816));
#4351=CARTESIAN_POINT('',(-0.00610535608133066,-0.00895915092510105,-0.00508008755276783));
#4352=CARTESIAN_POINT('',(-0.00611203782421724,-0.00885084081376346,-0.00512363308761344));
#4353=CARTESIAN_POINT('',(-0.00611881625782128,-0.00879099161742775,-0.00514393697502428));
#4354=CARTESIAN_POINT('',(2.37657116208822E-16,-0.035,1.55257751099924E-16));
#4355=CARTESIAN_POINT('',(0.,-0.034725,0.));
#4356=CARTESIAN_POINT('',(-0.00681494958960141,-0.034725,-0.00399580556223543));
#4357=CARTESIAN_POINT('',(-0.00681494958960141,-0.035,-0.00399580556223543));
#4358=CARTESIAN_POINT('',(-0.00681494958960142,-0.00909836065573769,-0.00399580556223541));
#4359=CARTESIAN_POINT('',(0.,-0.00909836065573676,0.));
#4360=CARTESIAN_POINT('',(-0.00698747995895841,-0.035,-0.0040969651967224));
#4361=CARTESIAN_POINT('',(-0.00697942677093653,-0.0346312524433155,-0.00389712739708808));
#4362=CARTESIAN_POINT('',(-0.00692189791011369,-0.0346803512703965,-0.00389944573092552));
#4363=CARTESIAN_POINT('',(-0.00685359303534399,-0.034725,-0.00392989816744296));
#4364=CARTESIAN_POINT('',(-0.00681494958960141,-0.034725,-0.00399580556223543));
#4365=CARTESIAN_POINT('',(-0.00697942677093653,-0.0346312524433154,-0.00389712739708808));
#4366=CARTESIAN_POINT('',(-0.00697942677093653,-0.035,-0.00389712739708808));
#4367=CARTESIAN_POINT('',(-0.00697942677093653,-0.00879099161742774,-0.00389712739708808));
#4368=CARTESIAN_POINT('',(-0.00697942677093653,-0.00879099161742774,-0.00389712739708808));
#4369=CARTESIAN_POINT('',(-0.00695802598468741,-0.00885087622846707,-0.00389798981929147));
#4370=CARTESIAN_POINT('',(-0.00691481638040393,-0.00895963697905638,-0.00390712982081208));
#4371=CARTESIAN_POINT('',(-0.00684762132932695,-0.00909836065573768,-0.00394008306629158));
#4372=CARTESIAN_POINT('',(-0.00681494958960142,-0.0090983606557377,-0.00399580556223541));
#4373=CARTESIAN_POINT('',(-0.00764145808044899,-0.035,-0.00387044844735168));
#4374=CARTESIAN_POINT('',(-0.00830348938996146,-0.033475,-0.00384376949761528));
#4375=CARTESIAN_POINT('',(-0.00786588150673582,-0.0338647144874435,-0.0038614044924457));
#4376=CARTESIAN_POINT('',(-0.00742514869696832,-0.0342508447060609,-0.00387916541751076));
#4377=CARTESIAN_POINT('',(-0.00697942677093654,-0.0346312524433155,-0.00389712739708808));
#4378=CARTESIAN_POINT('',(-0.00830348938996145,-0.005,-0.00384376949761528));
#4379=CARTESIAN_POINT('',(-0.00786978950838818,-0.00626634161207437,-0.00386124700536291));
#4380=CARTESIAN_POINT('',(-0.00742988092383484,-0.00753051121155091,-0.00387897471528731));
#4381=CARTESIAN_POINT('',(-0.00697942677093653,-0.00879099161742774,-0.00389712739708808));
#4382=CARTESIAN_POINT('',(-0.00292115253109751,-0.035,-0.00805227425445313));
#4383=CARTESIAN_POINT('',(-0.00302743601752617,-0.0346312524433155,-0.00739828569060328));
#4384=CARTESIAN_POINT('',(-0.00295587915972465,-0.0342508447060722,-0.00783859272455288));
#4385=CARTESIAN_POINT('',(-0.00288512326203107,-0.0338647144874535,-0.00827397125297172));
#4386=CARTESIAN_POINT('',(-0.00281486904466885,-0.033475,-0.00870626281830299));
#4387=CARTESIAN_POINT('',(-0.00302743601752618,-0.0346312524433154,-0.00739828569060327));
#4388=CARTESIAN_POINT('',(-0.00302743601752618,-0.035,-0.00739828569060328));
#4389=CARTESIAN_POINT('',(-0.00302743601752617,-0.00879099161742775,-0.00739828569060328));
#4390=CARTESIAN_POINT('',(-0.00302743601752618,-0.00879099161742775,-0.00739828569060328));
#4391=CARTESIAN_POINT('',(-0.00295511944102312,-0.00753051121167009,-0.00784326746151569));
#4392=CARTESIAN_POINT('',(-0.00288449586566455,-0.00626634161217508,-0.00827783177789889));
#4393=CARTESIAN_POINT('',(-0.00281486904466885,-0.005,-0.00870626281830299));
#4394=CARTESIAN_POINT('',(-0.00322484607005376,-0.035,-0.00743036794677484));
#4395=CARTESIAN_POINT('',(-0.00314522024116356,-0.034725,-0.00724690207154582));
#4396=CARTESIAN_POINT('',(-0.0030754538621059,-0.034725,-0.0072771813033332));
#4397=CARTESIAN_POINT('',(-0.00303666209767394,-0.0346802997656891,-0.00734151533889068));
#4398=CARTESIAN_POINT('',(-0.00302743601752618,-0.0346312524433155,-0.00739828569060329));
#4399=CARTESIAN_POINT('',(-0.00314522024116347,-0.034725,-0.00724690207154567));
#4400=CARTESIAN_POINT('',(-0.00314522024116354,-0.035,-0.00724690207154583));
#4401=CARTESIAN_POINT('',(-0.00314522024116347,-0.00909836065573825,-0.00724690207154567));
#4402=CARTESIAN_POINT('',(-0.00314522024116365,-0.00909836065573767,-0.00724690207154579));
#4403=CARTESIAN_POINT('',(-0.00308563292170076,-0.00909836065573779,-0.00727276350053169));
#4404=CARTESIAN_POINT('',(-0.00304519310412412,-0.0089591473935604,-0.00733549435200079));
#4405=CARTESIAN_POINT('',(-0.00303086969551893,-0.00885084074246703,-0.00737715742115467));
#4406=CARTESIAN_POINT('',(-0.00302743601752618,-0.00879099161742775,-0.00739828569060328));
#4407=CARTESIAN_POINT('',(-7.63278329429795E-17,-0.035,-1.52655665885959E-16));
#4408=CARTESIAN_POINT('',(0.,-0.034725,0.));
#4409=CARTESIAN_POINT('',(-0.00417739474288326,-0.034725,-0.00670517510301792));
#4410=CARTESIAN_POINT('',(-0.00417739474288326,-0.035,-0.00670517510301792));
#4411=CARTESIAN_POINT('',(-0.00417739474288327,-0.00909836065573769,-0.00670517510301791));
#4412=CARTESIAN_POINT('',(0.,-0.00909836065573825,0.));
#4413=CARTESIAN_POINT('',(-0.00428315157181702,-0.035,-0.00687492637144875));
#4414=CARTESIAN_POINT('',(-0.00436889008409763,-0.0346312524433155,-0.00669423628452667));
#4415=CARTESIAN_POINT('',(-0.00431687427430056,-0.0346803504679611,-0.00666955447589488));
#4416=CARTESIAN_POINT('',(-0.00424224039713128,-0.034725,-0.00666477557713043));
#4417=CARTESIAN_POINT('',(-0.00417739474288326,-0.034725,-0.00670517510301792));
#4418=CARTESIAN_POINT('',(-0.00436889008409762,-0.0346312524433154,-0.00669423628452667));
#4419=CARTESIAN_POINT('',(-0.00436889008409762,-0.035,-0.00669423628452667));
#4420=CARTESIAN_POINT('',(-0.00436889008409762,-0.00879099161742773,-0.00669423628452667));
#4421=CARTESIAN_POINT('',(-0.00436889008409763,-0.00879099161742773,-0.00669423628452667));
#4422=CARTESIAN_POINT('',(-0.00434953988277978,-0.00885087610033682,-0.00668505449983896));
#4423=CARTESIAN_POINT('',(-0.00430703226964809,-0.00895963692555509,-0.00667306693731622));
#4424=CARTESIAN_POINT('',(-0.00423221933680063,-0.00909836065573768,-0.00667101880331025));
#4425=CARTESIAN_POINT('',(-0.00417739474288327,-0.0090983606557377,-0.00670517510301791));
#4426=CARTESIAN_POINT('',(-0.00496748802242481,-0.035,-0.0069782745378734));
#4427=CARTESIAN_POINT('',(-0.00556608596075201,-0.033475,-0.00726231279122013));
#4428=CARTESIAN_POINT('',(-0.00517040803285248,-0.0338647144875296,-0.00707456128000961));
#4429=CARTESIAN_POINT('',(-0.00477190459728972,-0.0342508447061589,-0.00688546904874294));
#4430=CARTESIAN_POINT('',(-0.00436889008409763,-0.0346312524433155,-0.00669423628452668));
#4431=CARTESIAN_POINT('',(-0.00556608596075201,-0.005,-0.00726231279122012));
#4432=CARTESIAN_POINT('',(-0.00517394158417925,-0.00626634161294213,-0.00707623797096142));
#4433=CARTESIAN_POINT('',(-0.0047761833995977,-0.00753051121257778,-0.00688749936568217));
#4434=CARTESIAN_POINT('',(-0.00436889008409762,-0.00879099161742773,-0.00669423628452668));
#4435=CARTESIAN_POINT('',(0.00115552632318341,-0.035,-0.00848746202909305));
#4436=CARTESIAN_POINT('',(0.000757493329825068,-0.0346312524433155,-0.00795777631347291));
#4437=CARTESIAN_POINT('',(0.00102547466150576,-0.0342508447071038,-0.00831439469891498));
#4438=CARTESIAN_POINT('',(0.00129045638835034,-0.03386471448836,-0.00866702133527919));
#4439=CARTESIAN_POINT('',(0.00155355931654176,-0.033475,-0.0090171477447132));
#4440=CARTESIAN_POINT('',(0.00075749332982506,-0.0346312524433154,-0.00795777631347289));
#4441=CARTESIAN_POINT('',(0.000757493329825069,-0.035,-0.00795777631347291));
#4442=CARTESIAN_POINT('',(0.000757493329825085,-0.00879099161742777,-0.0079577763134729));
#4443=CARTESIAN_POINT('',(0.000757493329825067,-0.00879099161742777,-0.00795777631347291));
#4444=CARTESIAN_POINT('',(0.00102831981782977,-0.0075305112139721,-0.00831818091435109));
#4445=CARTESIAN_POINT('',(0.00129280599584487,-0.00626634161412039,-0.00867014809498991));
#4446=CARTESIAN_POINT('',(0.00155355931654175,-0.005,-0.0090171477447132));
#4447=CARTESIAN_POINT('',(0.000597604777144371,-0.035,-0.00807792476632051));
#4448=CARTESIAN_POINT('',(0.000582849103634642,-0.034725,-0.00787846983381877));
#4449=CARTESIAN_POINT('',(0.000658697505810531,-0.034725,-0.00787285856993723));
#4450=CARTESIAN_POINT('',(0.000722942038955058,-0.0346802990625729,-0.0079117968958481));
#4451=CARTESIAN_POINT('',(0.000757493329825064,-0.0346312524433155,-0.00795777631347291));
#4452=CARTESIAN_POINT('',(0.000582849103634637,-0.034725,-0.00787846983381885));
#4453=CARTESIAN_POINT('',(0.000582849103634631,-0.035,-0.00787846983381877));
#4454=CARTESIAN_POINT('',(0.000582849103634637,-0.00909836065573742,-0.00787846983381885));
#4455=CARTESIAN_POINT('',(0.000582849103634685,-0.00909836065573769,-0.00787846983381877));
#4456=CARTESIAN_POINT('',(0.000647633505656424,-0.00909836065573763,-0.0078736770845357));
#4457=CARTESIAN_POINT('',(0.000712588412552585,-0.00895914555998858,-0.00791043011267509));
#4458=CARTESIAN_POINT('',(0.000744634234993367,-0.00885084040533972,-0.00794066396610018));
#4459=CARTESIAN_POINT('',(0.000757493329825065,-0.00879099161742777,-0.00795777631347291));
#4460=CARTESIAN_POINT('',(-3.27689264612019E-19,-0.035,8.15320033709099E-17));
#4461=CARTESIAN_POINT('',(0.,-0.034725,0.));
#4462=CARTESIAN_POINT('',(-0.000582849103634634,-0.034725,-0.00787846983381877));
#4463=CARTESIAN_POINT('',(-0.000582849103634634,-0.035,-0.00787846983381877));
#4464=CARTESIAN_POINT('',(-0.000582849103634641,-0.00909836065573769,-0.00787846983381877));
#4465=CARTESIAN_POINT('',(0.,-0.00909836065573742,0.));
#4466=CARTESIAN_POINT('',(-0.000597604777144373,-0.035,-0.00807792476632051));
#4467=CARTESIAN_POINT('',(-0.000757493329825075,-0.0346312524433155,-0.00795777631347292));
#4468=CARTESIAN_POINT('',(-0.000722906589945222,-0.0346803493835319,-0.00791174972178348));
#4469=CARTESIAN_POINT('',(-0.000659042049743881,-0.034725,-0.00787283308058118));
#4470=CARTESIAN_POINT('',(-0.000582849103634634,-0.034725,-0.00787846983381877));
#4471=CARTESIAN_POINT('',(-0.00075749332982507,-0.0346312524433154,-0.00795777631347291));
#4472=CARTESIAN_POINT('',(-0.000757493329825071,-0.035,-0.00795777631347291));
#4473=CARTESIAN_POINT('',(-0.000757493329825071,-0.00879099161742774,-0.00795777631347291));
#4474=CARTESIAN_POINT('',(-0.000757493329825072,-0.00879099161742774,-0.00795777631347291));
#4475=CARTESIAN_POINT('',(-0.000744626593049692,-0.00885087597246729,-0.00794065379652008));
#4476=CARTESIAN_POINT('',(-0.000712557693730668,-0.00895963700597901,-0.0079102850883493));
#4477=CARTESIAN_POINT('',(-0.000647269348590994,-0.00909836065573768,-0.007873704024871));
#4478=CARTESIAN_POINT('',(-0.000582849103634641,-0.00909836065573769,-0.00787846983381877));
#4479=CARTESIAN_POINT('',(-0.00115552632318341,-0.035,-0.00848746202909305));
#4480=CARTESIAN_POINT('',(-0.00155355931654176,-0.033475,-0.0090171477447132));
#4481=CARTESIAN_POINT('',(-0.00129045638835034,-0.03386471448836,-0.00866702133527919));
#4482=CARTESIAN_POINT('',(-0.00102547466150576,-0.0342508447071038,-0.00831439469891498));
#4483=CARTESIAN_POINT('',(-0.000757493329825078,-0.0346312524433155,-0.00795777631347292));
#4484=CARTESIAN_POINT('',(-0.00155355931654176,-0.005,-0.0090171477447132));
#4485=CARTESIAN_POINT('',(-0.00129280599584487,-0.00626634161412039,-0.00867014809498991));
#4486=CARTESIAN_POINT('',(-0.00102831981782978,-0.00753051121397209,-0.00831818091435109));
#4487=CARTESIAN_POINT('',(-0.000757493329825074,-0.00879099161742774,-0.00795777631347291));
#4488=CARTESIAN_POINT('',(0.00496748802242481,-0.035,-0.0069782745378734));
#4489=CARTESIAN_POINT('',(0.00436889008409762,-0.0346312524433155,-0.00669423628452668));
#4490=CARTESIAN_POINT('',(0.00477190459728971,-0.0342508447061589,-0.00688546904874294));
#4491=CARTESIAN_POINT('',(0.00517040803285248,-0.0338647144875296,-0.0070745612800096));
#4492=CARTESIAN_POINT('',(0.00556608596075201,-0.033475,-0.00726231279122013));
#4493=CARTESIAN_POINT('',(0.00436889008409761,-0.0346312524433154,-0.00669423628452667));
#4494=CARTESIAN_POINT('',(0.00436889008409762,-0.035,-0.00669423628452667));
#4495=CARTESIAN_POINT('',(0.00436889008409762,-0.00879099161742776,-0.00669423628452666));
#4496=CARTESIAN_POINT('',(0.00436889008409761,-0.00879099161742776,-0.00669423628452667));
#4497=CARTESIAN_POINT('',(0.00477618339959769,-0.0075305112125778,-0.00688749936568217));
#4498=CARTESIAN_POINT('',(0.00517394158417925,-0.00626634161294214,-0.00707623797096142));
#4499=CARTESIAN_POINT('',(0.005566085960752,-0.005,-0.00726231279122012));
#4500=CARTESIAN_POINT('',(0.00428315157181701,-0.035,-0.00687492637144875));
#4501=CARTESIAN_POINT('',(0.00417739474288324,-0.034725,-0.00670517510301793));
#4502=CARTESIAN_POINT('',(0.00424194439403678,-0.034725,-0.00666495999017733));
#4503=CARTESIAN_POINT('',(0.00431692824580961,-0.0346802995239406,-0.00666958008569435));
#4504=CARTESIAN_POINT('',(0.00436889008409763,-0.0346312524433155,-0.00669423628452668));
#4505=CARTESIAN_POINT('',(0.00417739474288315,-0.034725,-0.00670517510301775));
#4506=CARTESIAN_POINT('',(0.00417739474288325,-0.035,-0.00670517510301792));
#4507=CARTESIAN_POINT('',(0.00417739474288315,-0.00909836065573834,-0.00670517510301775));
#4508=CARTESIAN_POINT('',(0.00417739474288315,-0.0090983606557377,-0.00670517510301798));
#4509=CARTESIAN_POINT('',(0.00423252431881498,-0.00909836065573784,-0.00667082879630159));
#4510=CARTESIAN_POINT('',(0.00430712759074179,-0.00895914893840731,-0.00667317940448008));
#4511=CARTESIAN_POINT('',(0.00434955132631575,-0.00885084068518929,-0.0066850599298643));
#4512=CARTESIAN_POINT('',(0.00436889008409762,-0.00879099161742776,-0.00669423628452667));
#4513=CARTESIAN_POINT('',(8.60856524953491E-17,-0.035,-1.78242837156617E-16));
#4514=CARTESIAN_POINT('',(0.,-0.034725,0.));
#4515=CARTESIAN_POINT('',(0.00314522024116354,-0.034725,-0.00724690207154583));
#4516=CARTESIAN_POINT('',(0.00314522024116354,-0.035,-0.00724690207154583));
#4517=CARTESIAN_POINT('',(0.00314522024116353,-0.00909836065573769,-0.00724690207154583));
#4518=CARTESIAN_POINT('',(0.,-0.00909836065573834,0.));
#4519=CARTESIAN_POINT('',(0.00322484607005376,-0.035,-0.00743036794677484));
#4520=CARTESIAN_POINT('',(0.00302743601752617,-0.0346312524433155,-0.00739828569060329));
#4521=CARTESIAN_POINT('',(0.00303667176825565,-0.0346803511760531,-0.00734145583341091));
#4522=CARTESIAN_POINT('',(0.00307513526919438,-0.034725,-0.00727731957550304));
#4523=CARTESIAN_POINT('',(0.00314522024116354,-0.034725,-0.00724690207154583));
#4524=CARTESIAN_POINT('',(0.00302743601752618,-0.0346312524433154,-0.00739828569060328));
#4525=CARTESIAN_POINT('',(0.00302743601752617,-0.035,-0.00739828569060328));
#4526=CARTESIAN_POINT('',(0.00302743601752617,-0.00879099161742774,-0.00739828569060328));
#4527=CARTESIAN_POINT('',(0.00302743601752617,-0.00879099161742774,-0.00739828569060328));
#4528=CARTESIAN_POINT('',(0.00303087173148111,-0.00885087622935761,-0.0073771448933761));
#4529=CARTESIAN_POINT('',(0.00304515387417496,-0.00895963702660048,-0.00733535183511041));
#4530=CARTESIAN_POINT('',(0.00308596502632282,-0.00909836065573768,-0.00727261936415881));
#4531=CARTESIAN_POINT('',(0.00314522024116353,-0.00909836065573768,-0.00724690207154583));
#4532=CARTESIAN_POINT('',(0.00292115253109751,-0.035,-0.00805227425445313));
#4533=CARTESIAN_POINT('',(0.00281486904466885,-0.033475,-0.00870626281830299));
#4534=CARTESIAN_POINT('',(0.00288512326203106,-0.0338647144874535,-0.00827397125297172));
#4535=CARTESIAN_POINT('',(0.00295587915972465,-0.0342508447060722,-0.00783859272455288));
#4536=CARTESIAN_POINT('',(0.00302743601752617,-0.0346312524433155,-0.00739828569060329));
#4537=CARTESIAN_POINT('',(0.00281486904466885,-0.005,-0.00870626281830299));
#4538=CARTESIAN_POINT('',(0.00288449586566454,-0.00626634161217508,-0.00827783177789889));
#4539=CARTESIAN_POINT('',(0.00295511944102311,-0.00753051121167009,-0.00784326746151569));
#4540=CARTESIAN_POINT('',(0.00302743601752617,-0.00879099161742775,-0.00739828569060328));
#4541=CARTESIAN_POINT('',(0.00764145808044899,-0.035,-0.00387044844735168));
#4542=CARTESIAN_POINT('',(0.00697942677093653,-0.0346312524433155,-0.00389712739708809));
#4543=CARTESIAN_POINT('',(0.00742514869696831,-0.0342508447060609,-0.00387916541751076));
#4544=CARTESIAN_POINT('',(0.00786588150673581,-0.0338647144874435,-0.0038614044924457));
#4545=CARTESIAN_POINT('',(0.00830348938996146,-0.033475,-0.00384376949761528));
#4546=CARTESIAN_POINT('',(0.00697942677093652,-0.0346312524433154,-0.00389712739708808));
#4547=CARTESIAN_POINT('',(0.00697942677093652,-0.035,-0.00389712739708808));
#4548=CARTESIAN_POINT('',(0.00697942677093652,-0.00879099161742775,-0.00389712739708808));
#4549=CARTESIAN_POINT('',(0.00697942677093652,-0.00879099161742775,-0.00389712739708809));
#4550=CARTESIAN_POINT('',(0.00742988092383484,-0.00753051121155092,-0.00387897471528732));
#4551=CARTESIAN_POINT('',(0.00786978950838817,-0.00626634161207438,-0.00386124700536291));
#4552=CARTESIAN_POINT('',(0.00830348938996145,-0.005,-0.00384376949761528));
#4553=CARTESIAN_POINT('',(0.00698747995895841,-0.035,-0.00409696519672241));
#4554=CARTESIAN_POINT('',(0.00681494958960147,-0.034725,-0.00399580556223533));
#4555=CARTESIAN_POINT('',(0.00685341674871091,-0.034725,-0.00393019882884889));
#4556=CARTESIAN_POINT('',(0.00692195819234341,-0.0346802998216674,-0.00389944330163471));
#4557=CARTESIAN_POINT('',(0.00697942677093653,-0.0346312524433155,-0.00389712739708809));
#4558=CARTESIAN_POINT('',(0.00681494958960179,-0.0347249999999995,-0.00399580556223565));
#4559=CARTESIAN_POINT('',(0.00681494958960141,-0.035,-0.00399580556223543));
#4560=CARTESIAN_POINT('',(0.00681494958960179,-0.00909836065573626,-0.00399580556223565));
#4561=CARTESIAN_POINT('',(0.00681494958960156,-0.00909836065573769,-0.00399580556223518));
#4562=CARTESIAN_POINT('',(0.00684780332159158,-0.00909836065573738,-0.00393977267378395));
#4563=CARTESIAN_POINT('',(0.00691495307398504,-0.00895914867503466,-0.00390718525251979));
#4564=CARTESIAN_POINT('',(0.00695803864561328,-0.00885084080011352,-0.0038979893090736));
#4565=CARTESIAN_POINT('',(0.00697942677093652,-0.00879099161742775,-0.00389712739708809));
#4566=CARTESIAN_POINT('',(-3.55618312575246E-16,-0.035,2.52835946623619E-16));
#4567=CARTESIAN_POINT('',(0.,-0.0347249999999995,0.));
#4568=CARTESIAN_POINT('',(0.00615275753272403,-0.034725,-0.00495515637931919));
#4569=CARTESIAN_POINT('',(0.00615275753272403,-0.035,-0.00495515637931919));
#4570=CARTESIAN_POINT('',(0.00615275753272402,-0.00909836065573769,-0.00495515637931921));
#4571=CARTESIAN_POINT('',(0.,-0.00909836065573626,0.));
#4572=CARTESIAN_POINT('',(0.00630852354621072,-0.035,-0.00508060337626399));
#4573=CARTESIAN_POINT('',(0.00611881625782129,-0.0346312524433155,-0.00514393697502429));
#4574=CARTESIAN_POINT('',(0.00610058407156874,-0.0346803508687499,-0.00508932490997376));
#4575=CARTESIAN_POINT('',(0.00610483644168116,-0.034725,-0.00501465941642232));
#4576=CARTESIAN_POINT('',(0.00615275753272403,-0.034725,-0.00495515637931919));
#4577=CARTESIAN_POINT('',(0.00611881625782129,-0.0346312524433154,-0.00514393697502428));
#4578=CARTESIAN_POINT('',(0.00611881625782129,-0.035,-0.00514393697502428));
#4579=CARTESIAN_POINT('',(0.00611881625782129,-0.00879099161742774,-0.00514393697502428));
#4580=CARTESIAN_POINT('',(0.00611881625782129,-0.00879099161742774,-0.00514393697502428));
#4581=CARTESIAN_POINT('',(0.00611203382338033,-0.00885087613857266,-0.00512362110364386));
#4582=CARTESIAN_POINT('',(0.00610525695577993,-0.00895963686560773,-0.00507997906435093));
#4583=CARTESIAN_POINT('',(0.0061122427765839,-0.00909836065573767,-0.00500546306026838));
#4584=CARTESIAN_POINT('',(0.00615275753272402,-0.00909836065573769,-0.00495515637931921));
#4585=CARTESIAN_POINT('',(0.00632863054420825,-0.035,-0.00577240748854242));
#4586=CARTESIAN_POINT('',(0.00653844483059521,-0.033475,-0.00640087800206056));
#4587=CARTESIAN_POINT('',(0.00639975594318573,-0.0338647144874869,-0.00598545406792129));
#4588=CARTESIAN_POINT('',(0.00626007668838024,-0.0342508447061103,-0.00556706362126916));
#4589=CARTESIAN_POINT('',(0.00611881625782129,-0.0346312524433155,-0.00514393697502429));
#4590=CARTESIAN_POINT('',(0.00653844483059521,-0.005,-0.00640087800206056));
#4591=CARTESIAN_POINT('',(0.00640099448665779,-0.00626634161251166,-0.005989163958536));
#4592=CARTESIAN_POINT('',(0.006261576449437,-0.00753051121206838,-0.00557155595407324));
#4593=CARTESIAN_POINT('',(0.00611881625782129,-0.00879099161742774,-0.00514393697502428));
#4594=CARTESIAN_POINT('',(0.,-0.0025,0.));
#4595=CARTESIAN_POINT('',(0.,0.00183864320918182,0.));
#4596=CARTESIAN_POINT('',(0.,0.00183864320918182,-0.00793517990142909));
#4597=CARTESIAN_POINT('',(0.,-0.00183864320918182,0.));
#4598=CARTESIAN_POINT('',(0.,-0.00183864320918182,0.00896482009857091));
#4599=CARTESIAN_POINT('',(0.,-0.00318679283678167,0.));
#4600=CARTESIAN_POINT('',(0.,0.00318679283678167,0.));
#4601=CARTESIAN_POINT('',(0.,-0.005,0.));
#4602=CARTESIAN_POINT('',(0.,-0.005,0.));
#4603=CARTESIAN_POINT('',(0.,-0.005,0.));
#4604=CARTESIAN_POINT('',(0.,-0.005,0.));
#4605=CARTESIAN_POINT('',(0.,-0.005,0.));
#4606=CARTESIAN_POINT('',(0.,-0.005,0.));
#4607=CARTESIAN_POINT('',(0.,-0.005,0.));
#4608=CARTESIAN_POINT('',(0.,-0.005,0.));
#4609=CARTESIAN_POINT('',(0.,-0.005,0.));
#4610=CARTESIAN_POINT('',(0.,-0.005,0.));
#4611=CARTESIAN_POINT('',(0.,-0.005,0.));
#4612=CARTESIAN_POINT('',(0.,-0.005,0.));
#4613=CARTESIAN_POINT('',(0.,-0.005,0.));
#4614=CARTESIAN_POINT('',(0.,-0.035,0.));
#4615=CARTESIAN_POINT('',(0.,-0.035,0.));
#4616=CARTESIAN_POINT('',(0.,-0.035,-0.007625));
#4617=CARTESIAN_POINT('',(0.,-0.035,0.0038125));
#4618=CARTESIAN_POINT('',(0.,0.005,-5.87448737490331E-19));
#4619=CARTESIAN_POINT('',(0.,0.005,-5.87448737490331E-19));
#4620=CARTESIAN_POINT('',(0.,0.005,-5.87448737490331E-19));
#4621=CARTESIAN_POINT('',(0.,0.005,-5.87448737490331E-19));
#4622=CARTESIAN_POINT('',(0.,0.005,-5.87448737490331E-19));
#4623=CARTESIAN_POINT('',(0.,0.005,-5.87448737490331E-19));
#4624=CARTESIAN_POINT('',(0.,0.005,-5.87448737490331E-19));
#4625=CARTESIAN_POINT('',(0.,0.005,-5.87448737490331E-19));
#4626=CARTESIAN_POINT('',(0.,0.005,-5.87448737490331E-19));
#4627=CARTESIAN_POINT('',(0.,0.0532777777777778,5.32487386505995E-18));
#4628=CARTESIAN_POINT('',(0.,0.055,5.53578525824644E-18));
#4629=CARTESIAN_POINT('',(0.,0.055,-0.00571666666666666));
#4630=CARTESIAN_POINT('',(0.,0.055,0.00285833333333334));
#4631=MECHANICAL_DESIGN_GEOMETRIC_PRESENTATION_REPRESENTATION('',(#2160),
#4632);
#4632=(
GEOMETRIC_REPRESENTATION_CONTEXT(3)
GLOBAL_UNCERTAINTY_ASSIGNED_CONTEXT((#4633))
GLOBAL_UNIT_ASSIGNED_CONTEXT((#4636,#4635,#4634))
REPRESENTATION_CONTEXT('adaptor','TOP_LEVEL_ASSEMBLY_PART')
);
#4633=UNCERTAINTY_MEASURE_WITH_UNIT(LENGTH_MEASURE(2.E-5),#4636,
'DISTANCE_ACCURACY_VALUE','Maximum Tolerance applied to model');
#4634=(
NAMED_UNIT(*)
SI_UNIT($,.STERADIAN.)
SOLID_ANGLE_UNIT()
);
#4635=(
NAMED_UNIT(*)
PLANE_ANGLE_UNIT()
SI_UNIT($,.RADIAN.)
);
#4636=(
LENGTH_UNIT()
NAMED_UNIT(*)
SI_UNIT($,.METRE.)
);
#4637=PRODUCT_DEFINITION_SHAPE('','',#4638);
#4638=PRODUCT_DEFINITION('','',#4640,#4639);
#4639=PRODUCT_DEFINITION_CONTEXT('',#4646,'design');
#4640=PRODUCT_DEFINITION_FORMATION_WITH_SPECIFIED_SOURCE('','',#4642,
 .NOT_KNOWN.);
#4641=PRODUCT_RELATED_PRODUCT_CATEGORY('','',(#4642));
#4642=PRODUCT('adaptor','adaptor','adaptor',(#4644));
#4643=PRODUCT_CATEGORY('','');
#4644=PRODUCT_CONTEXT('',#4646,'mechanical');
#4645=APPLICATION_PROTOCOL_DEFINITION('international standard',
'ap242_managed_model_based_3d_engineering',2020,#4646);
#4646=APPLICATION_CONTEXT('managed model based 3d engineering');
ENDSEC;
END-ISO-10303-21;
